"i","asc1","desc1","pol1","dem1","p"
1,2.63411968586968,7.44313703244552,1.02000894886442,1.26961285546628,-195.035161592205
2,4.1956686850476,7.39864176304792,0.820178830886265,0.750049749577616,-196.881354042824
3,0.968460170782942,2.87428476803717,1.95860209118901,0.777818339779616,-189.56864865146
4,0.824130748372738,2.48224820012939,1.88311270147888,0.792451243947841,-190.382474435625
5,2.44405151315078,4.43564474666239,2.54584600883223,0.602459794854833,-191.122678863421
6,1.34034501847546,6.19274287634766,2.8881471652439,0.908779014048021,-193.528080404463
7,1.39215686677504,2.72958788379333,1.08196450918048,0.879902231109267,-189.766835455052
8,1.74937309344363,5.11031528852186,0.916814327611041,1.06626596774248,-191.191133026627
9,0.311393184046162,4.33198750378801,1.37862902164992,0.573884374895683,-191.822423093137
10,0.715846843685796,5.82769148714146,1.48787305107588,0.628299548928845,-190.858594258918
11,0.62261985147382,5.43298574244841,1.86839070521049,1.30290857254499,-191.570675433646
12,0.397117739757624,5.10466319216652,1.93098274697733,0.527306542240099,-191.371813858622
13,3.34363470016787,2.90762527623451,1.53723194902015,1.05084797591286,-191.331870593393
14,1.59554527839454,4.17481765883281,2.47883364800547,0.615311514961884,-190.132472827435
15,1.70777345588239,6.56648339621029,0.875851911587614,0.767389480907085,-193.079471786556
16,2.06302812672029,2.5128590557317,1.39264439604045,0.719129622290555,-189.601545641349
17,1.73884319606977,3.17119991030197,1.5421717638607,1.12612632754306,-189.659122946361
18,1.69131814455422,4.38208770421918,1.41054471433078,1.35373730364879,-190.867891306139
19,0.355541611506567,5.29328472363573,1.17692022955876,1.06907827256871,-191.172106566815
20,0.576766159304669,5.23696158892667,2.08322280175713,1.07428066889726,-191.095323736498
21,0.828598027889878,4.7949450332318,2.25953336712539,1.28440201497045,-191.857370533512
22,0.494094227021758,6.285341411328,1.83446895334069,0.641163129684012,-191.406489645125
23,1.57903899746035,2.12004576429052,1.90653292928495,0.499926019934831,-190.755951655276
24,1.47679045749444,2.97692724844699,2.6039672238558,0.687688607898863,-190.256106864457
25,1.88902754336211,3.81703608661217,4.11528260541284,0.493159953893188,-195.531967845392
26,1.41201406575892,6.07665000056175,3.7328938186423,0.867001039564684,-196.232626142737
27,0.888236276371414,3.43367198348718,3.07007580743751,0.871868646844041,-192.270890022751
28,1.31925082128228,2.87265673123042,1.27289100461288,1.56550896375747,-191.463949270725
29,1.2525703556919,2.09106034721921,0.779783005636395,1.09758934283936,-192.61182231489
30,6.27666894966639,4.32937106232519,0.443045946990692,1.09898765353526,-195.650369908411
31,6.13359282803075,1.326990844434,0.644963461935128,0.547810609601835,-195.122606180233
32,6.2333768755864,1.8372776197746,1.40912592838774,0.522716739662817,-193.417658403701
33,3.73860468292352,3.34098897003676,1.33342424375429,0.685584047827036,-190.856085423268
34,2.78042659646205,2.86888220175277,2.22029039371251,0.352779723488823,-190.902714499272
35,2.62259371198146,5.48904735755382,2.03886373919346,0.563813496325263,-191.687703833827
36,2.77531903904295,3.08028314480158,2.04618031900287,0.7887822247429,-190.330752100549
37,2.74399833458689,3.32976989504882,1.28461840675123,0.750470180320887,-189.762765385077
38,2.39349386718985,4.13820857634769,1.70583783210432,0.799016353698139,-189.733235006458
39,2.92019606748525,3.53029448851944,1.14403803417636,1.12647630615837,-190.832079109307
40,2.26924269175258,3.41550309011714,1.55868214833413,0.622396244073794,-189.103393390026
41,0.898345041234136,3.34923495874741,1.75722929555145,0.577791320963338,-189.625891829878
42,2.40249661806828,3.4775181159936,2.19968876567823,0.601665504798127,-189.762601755736
43,0.894374831196356,3.19572625159322,2.0283500295986,0.805137068345548,-189.6255700726
44,1.2522477093916,2.59254683567247,1.03484628296966,0.549770516436871,-190.886801097259
45,4.19684101676303,2.63186073659903,1.09615374955858,0.792449789884119,-191.724096849534
46,3.99856144644055,5.12918395346946,1.7721151157233,0.518545486222061,-192.754746746488
47,1.25284695616912,5.83257920605114,2.60201091756551,1.10693671403006,-192.941319948844
48,1.22048267579426,5.80256668136439,0.784269574453507,0.726055765408279,-192.523142421881
49,1.65577364690284,2.86350791489689,1.3681607173117,0.787265831428513,-189.036920674903
50,1.95200387855392,3.80766175461917,1.49246745726015,0.708587489507802,-189.033903318478
51,1.69206686728555,3.48667205784453,1.34099722613502,0.738010967381628,-188.938864279014
52,1.82959016701082,2.92852076150461,1.31438467303625,0.89386817959231,-189.225935321379
53,1.93045138519296,3.26367609373277,1.47848566506392,0.839978115381064,-188.981747615294
54,2.3724974802783,3.95661969900162,1.0938682465475,0.928264520213957,-190.073730699379
55,0.390874515778593,3.12713496850835,1.92033408071249,0.940016408068576,-191.280339805126
56,1.00814450904658,2.84659061811896,1.31516408386043,0.826031446697255,-189.544473226575
57,0.767721151699551,2.83955778226288,1.84866898367909,0.751949003652168,-189.987176215982
58,3.168636708054,3.80560891328411,1.78557056585123,0.580951979616649,-190.316807098334
59,1.3775860596033,3.90589188549699,2.40154844243807,0.604370227351931,-189.817387360801
60,1.57208908148825,3.31748798883551,2.50536082243343,0.7288505940306,-189.936116844953
61,2.96164141908104,3.89241879990356,2.25164662476042,0.787086713140708,-191.090559214837
62,1.29604872445516,6.55303895052554,2.0196312479728,0.948205291266835,-192.023475494682
63,1.62437554507879,3.31105678875962,1.0763976313227,0.875455267782264,-189.457706072328
64,1.66308490854942,2.95867707026043,2.16284825769785,0.74924772410359,-189.393122779239
65,2.1044930601984,2.51996744614878,1.45349391666773,1.21501621989226,-190.852225508458
66,2.92506651861195,3.8026161615722,1.52282469939853,0.825199441595859,-190.111969940541
67,1.86496114907728,3.86721325532484,1.68434823958179,1.22337686260686,-190.358907019241
68,1.54322951346665,4.10034761980127,1.81912637364096,0.970563660703258,-189.557480029221
69,1.40994660231507,3.777857977389,1.79895698637596,1.35127388193129,-190.757411081163
70,1.71740832787773,4.14225871130989,1.06508503439115,0.295246231867788,-192.671474051003
71,2.50570774500093,4.76499089357608,1.33135887396762,1.27426042690393,-191.636745578171
72,2.91598526992282,5.14652928748333,1.30043847687245,0.370049635542826,-192.490234175644
73,2.58921977876133,4.64922527751119,2.69067219915502,0.75114722784108,-192.171209786552
74,0.70882439590296,4.75806068690658,1.08371127714105,0.988680562810201,-190.443859974923
75,1.86752089226655,3.94574363242068,1.79138311385811,0.767094052349363,-189.146173758612
76,2.41869802198978,2.76918633558834,3.27207898045768,1.16042936563277,-195.487857605377
77,1.70465409488825,4.56035391264812,3.20685653565879,0.692279985041244,-192.625374272178
78,0.492132409960309,3.69388659810864,1.8721778983293,0.679798942857308,-190.649057338352
79,4.97445363436922,3.70804542113691,1.76217095979902,0.528068268999415,-192.63609949464
80,0.571551721099303,3.03485440063886,1.87392804126668,1.35340044612153,-191.651482391418
81,0.841223111952134,3.07888790519572,1.25365677146775,1.15205790877683,-190.230178808152
82,1.89169799850177,3.16504762070693,1.50617304937969,0.317948895361771,-190.416012163426
83,1.16646870283265,3.16013702080093,2.07073275009482,1.73330069477752,-193.061326308276
84,1.67344669292924,4.7731129583481,1.2148465795054,1.50407687239673,-191.689388249789
85,1.76646822189055,2.17095581051402,1.25612013098968,0.30799971978894,-192.543753051891
86,2.37117820918634,4.56174506321989,1.74008411132915,0.483901507663972,-190.228519371482
87,1.39351466638821,4.20471655463772,1.4490302429646,0.897976163053385,-189.306704897888
88,2.5084949024719,2.60245884352336,1.71982646720668,0.637062654315899,-189.785764137859
89,0.923927298583912,5.94050496091716,1.46406096874114,0.956057763143848,-190.733837880016
90,1.02165515536853,3.21519122254626,2.79304703606602,0.447804132368422,-191.434299463613
91,1.13248013704054,6.13266086280868,0.907934801993349,0.900329643340272,-191.925567500905
92,2.86528183717647,5.94793027900681,1.13637200823558,1.05324742332236,-192.846588227699
93,2.5000997337001,4.15089483704009,1.30779984022064,1.37788725035151,-191.508737928915
94,2.87710355976579,3.31260982952603,1.04986652109119,1.30840625002711,-191.42851793003
95,2.14700203034107,3.98703363519684,1.03253847576025,0.566484293263332,-190.442881648357
96,2.80155994072578,2.58207096956261,0.930016141707072,0.472273288356067,-191.812895289263
97,1.19284381579381,3.29012391092778,2.15059923459403,0.578103685913631,-189.396200328789
98,1.91597770272527,3.095760066114,1.9625775500629,0.548242169020974,-189.097697750722
99,1.22185771122348,3.26446528411992,1.54649335411004,0.653337323796345,-188.952698808412
100,1.22180883344586,3.64767322138829,1.54031945890374,0.974009077358709,-189.179431823945
101,1.55784733351643,5.46478331446594,1.56173557401262,0.663622730705605,-190.438409290692
102,1.64637581808816,4.52888411897181,3.33714030552258,0.834249454343457,-193.395222752192
103,1.4391922542392,2.62129632741159,2.00107323363314,0.671538759281624,-189.425359740561
104,1.82921168205512,2.88005025274066,1.58526417935291,0.98167896507501,-189.411648989276
105,2.08058333371018,3.37116609126276,1.42818911882141,0.639647661099859,-189.030143783593
106,1.54611757727172,3.23425694609938,2.37362857723436,1.04133466346594,-190.570697628438
107,0.878772257164304,5.59784803338295,1.19723391613932,0.843339661084432,-190.631671891727
108,0.501821622142173,6.85206950254684,2.47751590341339,0.652896079602003,-192.74472509741
109,1.27000841708677,6.82373960088224,2.42790432820988,1.00244680993892,-193.23757274221
110,1.1091701316257,3.72878634911248,2.00630561180373,0.857633356317725,-189.395444696287
111,1.46528724209229,3.70425418885642,2.23486553260085,0.3964373521204,-190.02155356966
112,2.68927910013564,3.84795924133008,1.8969152840968,0.33752045896698,-190.592950209087
113,2.02715636150536,2.59570870521796,1.61311640727509,0.633623206055279,-189.366748293462
114,2.33400034661029,5.76223631269617,1.48632198662672,1.46442670558754,-193.342162588906
115,0.144214473527492,5.21530355140866,1.7272072392254,1.02549871411538,-191.948491050445
116,1.09007814496551,3.04275230574721,2.61552929014143,0.417078142872659,-191.103687736232
117,3.03701320379261,2.47782228957229,1.10926319563005,1.38002843320501,-192.452359051402
118,2.39781654425491,5.85075256624558,1.09842183191602,0.819822366620791,-192.051525588055
119,1.10262259489014,5.54240725608842,0.933309121851327,0.929489259157033,-191.222800781205
120,0.995455982873209,4.91655029193797,2.21199418544069,0.552210372188763,-190.47963996102
121,2.21962459034844,4.45848039933886,2.19900124029637,0.586044906051476,-190.216145750952
122,0.847297767629834,2.92009668099168,1.95957197270737,1.04554499042722,-190.237928087233
123,1.77006061013599,2.97355762758162,1.18990927879345,1.27727670510496,-190.355856513829
124,1.89202384794733,4.80758230826239,1.49449067117915,1.02837869141372,-190.325359805908
125,3.24930719588024,3.35902911280635,1.61231827389739,0.182016925222499,-192.909574383189
126,1.30620360676272,3.91209293478522,4.0414584426302,0.707091420930544,-195.311417081515
127,1.09983290448963,3.22573237372915,1.02658860808115,0.567213981843844,-190.630076619005
128,1.06519082216963,2.77850123141314,2.05954511653508,1.12957729550895,-190.552662174452
129,1.90282313830146,4.63261859917954,1.17093840863013,1.24017563660822,-190.845904228878
130,0.647947629382982,3.97274446029157,1.14963336943624,1.1209849174649,-190.456377593024
131,1.77379702141523,3.26943145513475,0.87935181094995,1.23213132514392,-190.663384525049
132,1.48659801988877,4.11098554240954,2.13262996278983,1.55204316714552,-192.563127152582
133,0.706113351676215,4.35556402615686,1.48689887990523,0.731918589647456,-189.843256913666
134,2.96071947816623,2.62461020377879,2.13092713049892,0.641734521428293,-190.782892749978
135,2.64261270102557,4.07057996675787,2.61207143518058,0.859179625578395,-191.885686284838
136,0.738610244764749,4.8074194339518,2.32461018602279,1.02000825444378,-191.098447029995
137,0.721345551611952,4.09544551814389,2.21280854802725,0.545327402144485,-190.596411955413
138,1.00665165956328,6.88565951329139,1.35225985503902,0.408267140114495,-193.447769143972
139,1.53140437765177,3.56254927440961,1.927947186885,0.485485756720035,-189.206213343529
140,1.55469995154198,2.49924492346537,1.5205238933092,0.573616375248417,-189.538157967889
141,2.334141661405,4.09454970618013,1.55629468372781,0.852756228098183,-189.674643386827
142,1.54260918157365,3.54048990083161,1.66362652517185,0.523549739478779,-189.030489022764
143,1.34432029080767,3.18072061331245,1.68082253698043,1.0986590480643,-189.536008826873
144,1.45804698177281,3.14940038437258,1.93709527880668,1.30592531115204,-190.764628308181
145,1.58337539474939,3.80317668995789,0.988932498448724,0.784353270525262,-189.881801937609
146,1.77928529464167,3.51419752633169,1.54807395552957,0.492853589740768,-189.17856651754
147,2.31989666068454,3.42161220653754,1.17775202491061,1.17507382847073,-190.311620236267
148,1.64477571371881,2.91706947437417,0.955167362063982,0.646661762873705,-190.241893457834
149,1.48854740561856,2.12736370288696,1.6803016192999,0.546321483268594,-190.532631061788
150,1.51403021269416,5.74168295962665,2.55956990255716,0.864011571493672,-192.175919378191
151,0.693655002625639,3.8395747823168,1.89935171796057,1.39894527070059,-191.428305664989
152,1.912038169099,3.80388730009947,2.18602817334726,1.01619577634164,-190.36915723115
153,1.8866320601627,6.36175977894966,0.764244934454489,0.752913636788879,-193.416226155643
154,3.15025656677745,4.27132665309984,0.671387653477352,1.76063814559919,-193.867062950082
155,0.954693936069626,6.26071533621218,0.670305545234871,0.649163377721869,-194.077857587933
156,1.8080157796598,2.49890039991517,2.27566176025938,0.355123695003876,-190.858316187059
157,2.30330696732057,4.76884091775794,1.90505635530497,0.284109691945941,-191.681617792742
158,1.0395247722721,5.75301064378511,2.11577709310073,1.59479351990187,-193.572743669894
159,0.576041927565748,3.47622682726871,1.51056584327729,0.761760128791239,-190.221121811695
160,2.33337974688497,3.23775906176236,1.71712801048109,0.823031921281648,-189.377974444678
161,0.901611782857562,3.34767174174403,1.59822646227104,1.33603404262179,-190.582707323581
162,1.29753911426791,2.67413748929602,1.69688611514009,0.391571909981612,-190.266830695378
163,4.43006487236746,2.79293558782292,0.992815178484464,1.18409968464735,-192.842573714019
164,2.99129656178992,3.58915836329897,1.44558973615619,0.894861356202765,-190.245201012647
165,0.919326891714288,4.43420207140361,1.47252159594188,0.948215077363438,-189.640522681275
166,2.55058344210273,5.34872526591465,2.29050426818992,1.36364247230752,-194.332061480799
167,0.512446323028131,5.70007907219397,2.33584033229395,0.470660656258971,-192.032515082625
168,2.24823663368851,3.73210462105626,1.3826484786763,0.986898120970605,-189.674709564584
169,2.08335289996147,3.74123119299465,1.471741250199,0.386105368968884,-190.030768338958
170,2.12932426933229,4.80772600396178,1.97617012676291,0.830555558794031,-190.459472922753
171,0.442013789518102,4.49596197028082,1.32853966067617,0.911566500942329,-190.460721616048
172,1.97900982469228,4.62539111553128,1.99837818277141,1.01622138981119,-190.695411245757
173,1.65072019130831,4.06369757922482,1.45650185604667,0.769850882207119,-189.1207868232
174,3.36999479697514,4.73646801442403,1.7075178553349,1.14014088812016,-192.621486200879
175,1.14754908623252,3.96850748325262,2.10684665082941,0.997774117016491,-189.973712169492
176,1.39509882683013,2.76956060819823,0.999167603673285,0.955725253384959,-190.035036388951
177,1.11494035551403,4.62569176859718,2.08164022787575,1.15447956517599,-190.841964213182
178,1.33955364742395,3.7130175383066,1.98766932165351,1.25727171252492,-190.620199198428
179,1.17974605347259,5.11945517582383,1.37171338194784,0.493814761876582,-190.793575244731
180,1.24923705704629,3.43265956442367,1.10674351243105,0.942006724974543,-189.540399789629
181,1.11195026193175,4.34164066112164,1.33634223508452,0.843451255697275,-189.495185082379
182,3.91885281931681,4.29047805863933,1.31892741400552,0.952013060738903,-192.010160091457
183,4.19919078392309,2.18050517026181,2.38242603504444,1.10551909089039,-195.344737880823
184,3.4171874786762,4.67842178959421,0.744004543862824,0.620777785235148,-193.017930988114
185,3.13552601151517,2.39738614524104,1.02647576757263,1.09562674145335,-191.731175271033
186,3.18456487758434,4.70002571350654,1.49779532645368,0.914210034343912,-191.372349417219
187,1.89113045408786,2.672731279598,1.91795551945798,0.291646810918205,-190.795713650447
188,2.61895770508185,2.61162970241363,2.25458622333936,1.25177347423857,-192.955486222521
189,0.0880412269854132,3.68425097948144,1.23998791707091,0.875940078271439,-193.653374446304
190,1.3904469410428,3.85597961641196,2.4443110821896,0.54798975177843,-189.933726345123
191,1.03885106416107,3.33018144046235,1.96977174707099,0.412373384597763,-190.202454709503
192,2.22478047036253,3.57733505478024,2.16278167713553,0.510691053836658,-189.599427332188
193,1.24168453551516,5.0563181507986,2.04047035674684,0.860422147954302,-190.267567507878
194,0.483437148549771,3.16345590256415,1.65435774919696,0.747705925299486,-190.803661573155
195,3.07498724357427,2.11959056459627,1.19184254864738,0.340207882213157,-192.570916453208
196,1.670712306576,2.72629224780584,1.38704969604076,1.34921934534213,-190.758964117622
197,2.39285180852019,4.37569451720091,2.17268478246185,1.13310227050829,-191.759852104901
198,0.816338661858919,2.17393842192003,2.34579611923325,0.840994218664321,-192.042195620699
199,1.9915831445587,4.99924602980362,1.63959788899578,0.872590757517272,-190.314696662915
200,0.709658752386826,4.0176886906066,1.08042669292248,0.939761796754056,-190.31098905506
201,2.46621387670569,2.5309854529883,1.50935625081837,0.405954004000759,-190.435463708893
202,2.38059136117629,3.85751064243645,1.51782124170058,1.18762822793909,-190.569211230481
203,2.46978005887113,5.27758665737614,1.6739391183301,0.499865469064847,-191.171363022244
204,0.144262066487824,4.51910812544938,1.61882650729335,1.51347736410157,-193.221572937308
205,1.08361522871269,4.9095557452035,0.837831727630191,1.56192432751367,-192.132019848889
206,0.909315922887603,3.06017369593028,1.90394923978768,2.13453119662003,-194.717086908076
207,0.905368451274117,4.45821474145632,1.57124916806035,0.148547667491896,-195.60083844226
208,3.54653791665391,2.51736519985033,1.71427692582048,1.1698037807968,-192.666115269935
209,3.32837714698457,2.18192841402387,0.970373694184321,1.23623906151843,-192.712871833368
210,0.900244764530217,5.53374519419057,0.969955877265978,0.839403065286837,-191.177480575949
211,0.920457409474184,2.59415494684262,1.43491180309303,1.02116656327553,-190.118033359142
212,2.39357307214544,3.56131861765069,1.4995777616112,0.56892367393576,-189.342573548522
213,3.2274837932668,4.05601819591728,1.08696495157033,0.469059221726332,-191.518892275696
214,1.97763373480433,2.55737562115436,3.33853876588233,0.244845059457792,-194.580107211208
215,2.77489503810048,4.59556694618558,1.54620285772085,1.39297520216482,-192.469893136819
216,0.426314845415203,5.10667828830091,2.40177414074838,1.38918224630511,-193.122145908185
217,1.98094880005438,6.11035311535132,1.24533919375172,0.539548445507948,-192.291575049392
218,0.88441982305858,4.77937978376766,1.73444860698437,0.536906866837357,-190.192869109565
219,2.13607225519854,4.01698894064074,1.62256874101707,0.736269876143818,-189.283585048446
220,0.628269690082107,5.85176816732754,1.66829973533288,0.494430386294111,-191.408635523657
221,1.82526444251719,2.71819546060768,2.04494977681192,0.625869270746184,-189.397064706029
222,1.75858823824955,3.38195273198764,1.94967239504345,0.801416854436561,-189.075095637355
223,2.39602511890994,3.61109219612474,1.36418319266316,1.01170994720147,-189.847774563592
224,1.61316948016042,3.93095364006918,1.31501909467418,0.952416283972843,-189.33713560607
225,2.23070420445743,3.7740200621051,1.88646885339197,0.635295027409253,-189.287204144891
226,1.73108285553622,2.2133399439485,1.87503107223686,0.487225427419801,-190.441127258366
227,1.81385302198919,2.85318274848381,2.05127453852569,0.718403790129452,-189.316814667259
228,3.11961292666251,2.93285713350619,1.07939350486583,0.862353308968631,-190.640346665009
229,3.61440005938327,5.02040766348349,2.99616133394629,0.810186547371013,-195.348614961095
230,1.91098900491098,2.43689250742303,1.98360576737311,0.631953972197534,-189.821936229179
231,2.18142653094965,2.48717575296911,1.40524090827082,0.427470768374787,-190.371798453111
232,0.89826836032924,2.36888658683899,1.91426281864394,1.1870396028193,-191.411178254834
233,1.80279099979569,2.47921421714279,2.54224246209867,0.541018279208396,-190.790135903091
234,1.9748258634111,3.96152768093956,1.13232861697122,0.884334000507424,-189.674861079845
235,2.38282407645388,3.8946881790025,1.69288160959638,0.868383461674914,-189.68612841363
236,1.95166569610378,2.94866081931012,1.85787303448103,0.800777050033451,-189.216058377412
237,1.7498972278382,2.46376618205884,2.20915824319616,0.654470314333586,-190.063062785373
238,1.32645047663854,2.3564110566032,1.75597774951228,0.644025568912176,-189.794408561873
239,2.44379601288348,2.31667233445765,1.47062174893705,0.673925474115086,-190.205762128314
240,2.21261047302506,3.35312048160554,2.21735698344906,0.682053613038236,-189.658788560693
241,1.86368210670299,3.66788640409791,1.77656849950341,0.300578242781273,-190.427587670534
242,1.13039000711921,5.19035736728543,2.70484642693381,0.518107274012559,-191.665461030554
243,2.90991191060577,2.63204460685224,1.54374597398799,0.578773788758097,-190.142689563624
244,2.81442021515515,3.74561560713769,2.15876858625796,0.416771337201584,-190.49420434835
245,2.75635661374616,3.56704537128948,2.34743764964167,1.0137762668301,-191.750797740787
246,0.223899864728336,2.34638725152158,1.29718643487666,1.12271773423071,-194.128725463596
247,2.77583061577975,2.89648424843523,1.04486801376487,1.17208744608496,-191.039804360206
248,2.44028687142709,4.39472445505868,0.951656597257959,0.999186626399651,-190.840142005851
249,2.43057705430256,3.14889336045764,1.90472418354954,0.82965043676117,-189.73451333708
250,0.754125795083778,3.08615458983861,2.28884873522954,1.07521550906783,-190.989203109895
251,0.407313599007861,5.69961464748651,1.98902867543068,0.571023100427894,-191.417735491453
252,1.53152796834587,1.74753972882338,1.98694976569612,0.572539573907463,-192.350475605254
253,2.18273388663186,2.16321663226865,2.65960855420206,0.583395584163307,-192.076606453039
254,2.05949971032208,4.95330913169015,1.54679846867446,0.499172270597854,-190.512314905667
255,1.91198046204519,3.88019096934874,1.77008229202118,0.489597709664672,-189.30985643095
256,1.1654898044828,3.96487142882989,2.4790004353178,0.646750437445914,-190.124119408546
257,1.86370809580158,3.08233482914685,1.41795942578138,1.52932549803517,-191.411593774767
258,1.43547508834835,3.40800065931572,1.23285190354136,0.99688665638677,-189.312471432238
259,1.78474863066027,3.05829829831999,0.905915195140793,1.05734769644804,-190.263356066737
260,1.54631882248898,2.58017025322114,1.34023371410537,1.15919298695988,-190.168875433989
261,2.2024912675329,2.88151385325399,2.19662985502874,0.86679126841149,-190.258668983528
262,2.08334402665016,2.60621997939814,1.55413520563526,1.82978986750938,-193.642306762387
263,2.28578896501107,2.48638627019171,1.51446901790539,1.92006182946106,-194.439369123052
264,3.31426434162857,4.76885967751626,1.50544598378975,0.692758476995366,-191.286108185394
265,0.722207003111675,1.97239686435681,2.69255314319541,0.749803434294152,-193.996137282073
266,0.832175475195966,8.35253428298641,1.85401385204277,1.1753519113925,-194.238907747013
267,1.8729942949773,6.60767087413591,0.16124148216715,1.21974583894989,-193.171861229908
268,0.694651063339784,7.77865515210327,0.838284949398821,0.686599881349228,-194.510622859349
269,1.08803619050512,6.03238279096443,2.64302154197287,0.792161640345329,-192.233588469573
270,0.2850390968574,5.65123881635849,1.66036890433099,0.890991366342227,-191.1663934868
271,2.09138709471974,2.05419952612031,1.55998021536436,0.838143755918924,-190.828746663576
272,1.75578776527723,5.15995653186586,1.74304885851339,1.04582773509163,-190.780485859871
273,1.21419847731281,5.01457929001271,0.944392093374663,0.808474418117733,-190.857511446614
274,2.21138743647445,1.86337046949274,1.22432857093183,0.708400418929205,-191.657219669876
275,3.01926066387515,4.77202904778614,0.573160846105765,1.5692324723987,-193.580179376441
276,1.40773834345001,4.46461461549706,1.66226737861477,1.85838972432489,-193.221174969404
277,1.56254461464543,5.78742779437534,0.835372575874922,0.969496732807717,-191.950195072089
278,2.27223190271526,5.57266993606544,2.40981070849758,0.682291659957242,-192.053038997017
279,1.92237038777557,6.44408619119867,2.2503085838509,0.680935602148483,-192.524530503081
280,1.82456394873907,3.06263961475424,1.03497563946296,0.444151280669479,-190.775329036234
281,2.05205514729672,3.56662010559893,2.11244635299083,0.323251114174094,-190.280553749385
282,1.83763112342634,3.65731680272228,1.51272850778189,1.39168641962834,-190.802280511269
283,0.99700127066096,3.26305405278771,1.99887564451928,0.408561943228572,-190.360572951968
284,2.58703071311099,3.7317320570177,1.65187380860407,1.18048680198625,-190.872385675265
285,0.471365197236283,3.77955297434838,1.67956981303691,0.982613110889345,-190.466194181568
286,0.426449082817025,8.29839083559946,0.204890556480353,1.73167846363312,-194.919198217237
287,1.53134858053265,6.46644373548352,2.09024747750114,1.12561627869037,-192.783432024778
288,1.9024120377939,3.17553486974243,1.76318489746514,0.369563823450961,-189.716798941052
289,1.12942987772314,4.08231048724878,1.53616219876424,1.93453040495721,-193.097232829137
290,0.550135635674736,2.64127585893761,0.972443635986392,1.28456904090541,-192.580226994364
291,0.162011019302198,4.18649111731242,1.75188640895413,1.18761149455895,-192.234680945558
292,2.12381772042727,4.46018003273088,1.50494510412338,0.755148419775668,-189.691320940353
293,1.70343105003877,6.64631612967964,1.20727884339631,0.815768986768219,-192.280921063786
294,1.25801699209131,3.38807385970171,1.83492844112913,1.02017985065233,-189.426717963045
295,1.06205259143479,3.92202318363156,1.91754583943302,1.0285405624282,-189.782468326595
296,0.611669647471153,3.87431651490073,1.26129386735289,1.09713608334739,-190.343070778905
297,2.04467915450175,3.33726607903763,1.47971209544398,1.0847999670282,-189.69645500911
298,0.837049830582301,5.84835864545702,1.27447175135953,1.43055094888349,-191.832403583693
299,0.487566043676756,6.71276491403505,1.37408914649542,0.76025313132358,-191.840450486331
300,0.677706358961005,8.84548944293446,2.18692711169586,0.857347426688973,-194.639311684436
301,0.681996830755943,7.0929240534354,1.07321245164861,1.17271224547618,-192.609483888048
302,1.50716459895843,5.25486690213227,1.73981891870542,0.577496241287528,-190.299716131535
303,1.4419771477547,3.34181601006792,2.07876404253809,0.702088277994855,-189.059702036299
304,1.42162934625191,3.14160146870505,2.37235393766357,0.831336923151477,-189.859139876661
305,1.3221472157598,3.27613122912471,2.6434626059611,0.444096443409736,-190.587963623441
306,1.17706431173389,2.91293241467674,1.85023655369005,0.644021085783604,-189.158811153234
307,3.18884881277925,4.0237652323677,1.09849984011671,0.781983063643563,-190.801114975026
308,1.02595754543531,5.51596631594028,2.23438359865977,0.730963476447505,-190.786479406708
309,0.479968982219953,3.33491671189388,2.29630937845505,1.00119928172825,-191.407096486854
310,2.19034971341499,3.44827523310869,0.826875625635149,0.665865640575426,-190.808819686244
311,1.44466823974949,3.70573074138992,2.40038302724081,0.77046400009482,-189.819631043148
312,1.86858253024843,4.78745939327673,2.72862681342991,0.706937020447243,-191.529181277616
313,1.47797712999566,3.041473897186,2.71040042923874,1.05033191871375,-191.621553598361
314,1.43701464742593,4.17261054880255,2.09071982108167,0.457613239023015,-189.847958403983
315,2.19001626935027,2.94973766270397,1.62045892063639,0.856213076696843,-189.3563525085
316,2.82449686517178,2.08448441189086,1.44700331269363,0.845924645595306,-191.252764808812
317,2.56180955523895,2.70759983432783,1.97722131818678,1.0843242557515,-191.276490791677
318,2.1034800663148,5.72894271154442,1.53330508094009,0.69820963074309,-191.17822216845
319,0.851059182334779,3.74083318635863,1.90729636685651,0.798008914479733,-189.539013546169
320,2.73876314810187,4.56125904275146,1.65636850135129,1.46392217884164,-192.875886144964
321,1.13143934386852,5.2472003996842,0.940775764290529,1.00523582077909,-190.958733684318
322,1.83715256633842,5.14224939541933,2.38344333814001,1.29971764421126,-193.104336542483
323,1.85462031635039,3.12662274178884,1.52540212508697,1.39309729366482,-190.848636895873
324,2.81848555347768,2.97787318446508,1.81266007074029,0.907821631099151,-190.421030475845
325,1.86909229134276,1.90873133251453,2.29130441965409,0.70203414759765,-192.03381411976
326,2.7157267690234,2.6517280335539,2.79279597909064,0.604346792820642,-192.063369782962
327,1.7106908703752,2.66892076889062,2.62787117962197,1.97688055842292,-196.740466509824
328,0.976823729517442,2.8988124995959,2.23427168790914,0.333050160859296,-191.530772531711
329,1.38954458996518,3.77442467701631,2.54647362859652,0.656873185582121,-190.060161246194
330,1.63254555902308,3.93411137885423,2.10229885874803,0.766075884677078,-189.388610230229
331,1.52177428894778,4.79512268322598,1.30043587741764,1.16867731626665,-190.452775080589
332,4.12273521610054,3.94740798528384,0.85895701418534,1.26865546506586,-192.969785181824
333,2.45479993033314,3.07623740908768,1.24203757373519,1.36160385575107,-191.18975775239
334,1.18304233988137,2.74719690223303,1.15422850022927,1.13837501784876,-190.161742253634
335,1.79798958628535,3.48129140254188,2.21737763951436,0.837484711793682,-189.639106587899
336,0.625598817969459,4.28898389143016,0.937836780089229,0.889405954476004,-190.955811630191
337,2.44140851884035,3.9738971495805,1.80677497537555,0.800129655935853,-189.747489568318
338,0.911473350970793,5.38431643906885,1.53552406129175,0.692437029953354,-190.199838634117
339,1.59220106237992,5.99393177966491,1.29060962693061,0.894092267493073,-191.232508813135
340,0.975088705475175,2.65436711979934,1.11843501987632,1.10881962314133,-190.525717590129
341,1.77322126319907,3.56399487264358,2.75855265233431,0.777872239402833,-190.834389757499
342,2.44095638376879,3.77709375999772,2.32504890812103,0.899922636737325,-190.834701230172
343,2.7886634516179,2.87495668444686,1.38673028372702,0.947016994635784,-190.245134797135
344,2.21721107355537,3.51237148445003,1.70066077122007,1.01653592304307,-189.794697241156
345,1.57192139824982,3.29081206224129,1.28640461619486,0.937258983956974,-189.132157597768
346,1.35307921896818,3.22854020408443,1.41394594402909,0.732009738678437,-188.886483769919
347,2.20165964278263,4.56130263846456,1.85916710130795,0.812293894576583,-190.084792980481
348,2.62907077015248,3.06223978785887,0.339003017719687,1.54586815857466,-194.031602803498
349,2.81971735895482,4.28049996126713,0.835804344670654,1.56876828740123,-192.752671111537
350,0.96328049886008,5.10937371365064,1.02339681212248,1.17311551970932,-190.853387729587
351,0.568639330725038,5.49229892882788,0.975484864762218,1.18034448104557,-191.423844358755
352,1.37954827028386,2.10751565805906,1.29484465483657,1.24615401433807,-191.595608203083
353,3.23474546336656,1.99619513707505,0.819287320483415,1.00742615227982,-192.770863397042
354,1.88395405957563,2.76665712920287,2.01955618590826,0.676819662892471,-189.356701552663
355,2.35310881748883,2.50813512321831,2.07699350847641,0.542284356285701,-190.159816417765
356,3.34833596336627,3.68243877337584,2.20535862630011,0.545888600951524,-191.066730401812
357,3.66532427768097,3.52332122907312,2.20545629842173,0.640198963465441,-191.580669933919
358,1.74729698756934,3.27626557465912,2.18526934338625,0.684424078101931,-189.256280294962
359,1.30835193701609,2.98543722559036,1.4980818163127,0.683735919040111,-188.948313359646
360,1.69640300617883,3.79742025099033,1.91269064225944,0.944304574355202,-189.477463719565
361,1.59605962954791,3.56804577087425,1.08347567144537,0.72244904695023,-189.535600717403
362,2.76736511298986,3.62900399475732,1.66671560566162,0.527376476280745,-189.753004860148
363,2.9901621522715,3.34864811209754,0.866267286951071,1.79003033209954,-193.507651495724
364,1.96082708042141,4.31162553519734,0.914905438136399,0.755077809612112,-190.600288591578
365,0.910549118646623,5.0046690652007,0.717615476017009,0.441790602121616,-194.441969699946
366,0.960121509794314,3.91942550645673,0.84245191877627,2.64332885599189,-195.873296516672
367,0.262572044087233,7.4298891933495,1.07782155166062,1.827875171875,-194.94363598849
368,1.18103251114,4.64997594525902,1.42258088624568,1.99764670364773,-193.506953215182
369,2.12627531506055,2.65401453198987,0.851775689555589,0.849556978894733,-190.738294016222
370,2.76932271022283,3.24645237648051,2.07894138785695,0.382867884519503,-190.384471019375
371,1.58082174334609,4.37253049737896,2.470472799881,0.481617807573632,-190.457393164307
372,1.59330565470205,3.78244685102376,1.14232075427343,1.06397809603929,-189.694110649035
373,1.12836533128894,3.50997216659604,1.74993061455097,0.517703902419421,-189.395813076799
374,1.59257031647167,4.51957986000931,1.62450003126217,0.414989741597884,-190.27768426129
375,2.75133036739291,2.32462722002534,1.6935178960259,0.35529517658412,-191.156882414394
376,1.67072089934819,3.15491667682226,2.22527725101016,0.793155143640808,-189.500361352955
377,0.952072787900501,3.15044665486227,2.71421139609672,0.971555390622233,-191.428952027066
378,1.72762831675461,3.64546802905994,1.80013688017286,0.925619133043801,-189.240798896582
379,1.50548723220282,3.02677854183736,1.58286696972897,0.817220061080297,-188.847549317352
380,3.61027103806443,3.18330125101517,1.73698119165016,0.540447092792593,-190.726651619126
381,3.42771093674711,3.59982137205685,1.95248759904443,0.5736403460945,-190.749699410023
382,2.13228708586431,2.87483225982311,1.43305645104358,0.499383243936001,-189.504686093998
383,1.46293991525289,3.56106673936034,2.14894242364774,0.58163046096052,-189.220144730474
384,4.48621614542019,2.6984636451891,1.57037158463011,0.948558886810867,-192.488905807393
385,4.40268616270435,3.33236547187544,1.68121755367697,0.804530475723158,-192.046311304936
386,1.58848749207141,3.41310866945996,1.50705703929879,1.07916732237374,-189.397307868929
387,1.84429679224259,2.68609846057943,0.955637735610569,0.653011192654085,-190.409840160684
388,2.95293535015236,3.66680813761179,1.23277244839605,1.05099953051465,-190.646173785316
389,1.03291517567244,4.80779313429941,1.52521126780902,1.1364133609979,-190.213055471455
390,1.03126037730032,3.48014331882571,1.43671035034141,1.33113607457175,-190.3626605098
391,1.436009298366,3.98735712534714,1.4055639479418,0.490488451146774,-189.728541079416
392,1.81098934275414,3.14445494856652,1.4085361819823,1.00387493887476,-189.302187914173
393,1.10601148140965,4.8495071027052,1.4786786781267,0.414741914193399,-190.977214446029
394,0.578692423882355,4.82637054888498,2.29104162539511,0.700456837914901,-190.818561002097
395,0.961064574545641,3.04280320318382,1.42346468399194,0.616621967861109,-189.649964265375
396,5.67609702319407,1.89764746088501,0.625133851933653,0.470646815085711,-194.986573183244
397,3.48376378615887,5.04351324351471,0.691220281018688,1.58152516506605,-194.141760726061
398,0.818205348767715,6.16877388964311,0.774010224650919,1.28831239644431,-192.484086456078
399,0.377664441894551,6.20191218551152,1.26296445230146,1.74140133325651,-193.496394088747
400,1.92138994048693,3.2804673752831,0.94671935882543,1.03380196038124,-190.081429431029
401,2.24244400080172,4.23440938390907,2.13200518503909,0.278120843736242,-191.240806408544
402,2.51657620574226,4.63185894757508,1.9640691666038,0.951439636569257,-191.03092207566
403,0.518480833888152,4.66927217308431,2.07886137548958,0.541548365794414,-191.007437537535
404,0.58826691823835,4.95245210817676,1.28853829217099,0.599287492216887,-190.86504144451
405,2.99477341453297,5.40639634521148,2.88557698124044,0.646437557457996,-193.95045909055
406,2.4460139997095,5.63333096515789,1.47027180379386,0.693294678858531,-191.419269712008
407,1.1731320967597,3.45680374719604,1.2912759155793,0.799441576746342,-189.169970265924
408,2.00949801189611,1.49202428662619,1.33581780421677,0.733692934015246,-193.374008271399
409,4.8837817645331,3.79786376117199,0.782554660114818,0.509163045985416,-193.870004059596
410,1.84017747635514,3.53762794167205,2.77813532188468,0.46645481387868,-190.731641856828
411,1.70466830343501,4.12558453469264,2.32100640261723,1.0429293700737,-190.80590985481
412,1.96173370295958,3.67152696437861,2.04155216250746,0.514243929461274,-189.29861902607
413,1.11530990588301,2.92206032396953,1.79092829326345,1.03719519968208,-189.658183533924
414,1.91546909084366,2.97743838926685,1.74812800112357,1.02462884695332,-189.680121525112
415,1.17532006259891,2.25171309005377,1.6665341872486,1.35554575971391,-191.820556909965
416,1.15935999445361,3.83125402167347,1.59077758624502,0.517870955596559,-189.52219763068
417,1.34444024522298,2.97117449966167,2.0663842661657,0.686840047279017,-189.180149685857
418,2.35017802977444,4.32832664315496,1.17018365001571,0.472406597749905,-190.801369197833
419,1.30553498693251,2.34621534956527,1.89953572113952,0.487277910148741,-190.321921388842
420,1.21238300475733,3.05008285184299,1.57520946508227,1.52326858861024,-191.280321600443
421,1.76204703782384,5.34432838468485,1.27587466575682,1.56655339875842,-192.495211914922
422,0.173676642895929,5.66046702168632,0.606597193568126,1.65505708290848,-194.819827565842
423,3.34003349073475,4.39104054850277,0.373686389368027,1.72878932404501,-194.316270925082
424,1.38121725065878,4.73283959325154,1.61570833346958,0.609627782402352,-189.707649059188
425,1.91688136250025,2.09613418069997,0.850803060409527,0.642037843156398,-192.161848810647
426,1.62615727592504,6.74136598178514,2.66720935077744,0.907134071964238,-193.868608660077
427,1.15639201646,6.62298682242029,1.31783900355263,0.782861386051423,-191.693625791652
428,0.749334045334307,4.06424152970643,1.14367276794551,1.11848604715929,-190.294415747255
429,1.19504257968025,3.01203492449925,1.66854860276258,1.06702072281676,-189.533548556535
430,2.86159274625353,3.82145854484619,1.07924370043816,1.04243088023814,-190.699542055583
431,2.73088719957767,4.18934322547496,1.05027129845599,0.66447265717141,-190.666375610638
432,2.3371865023006,3.30512117667452,1.32284114621485,0.59911621440569,-189.399907046317
433,1.73789065355288,3.4696294517571,1.15430089692067,0.71737513278153,-189.312768490107
434,1.82900113799462,1.72210439982245,0.964313319422713,0.945768250084387,-192.934336371497
435,5.75314639323244,3.55924132791606,0.0962594643166788,1.53914011315923,-195.231338025259
436,3.67277650722156,6.789745906594,0.501499809134894,1.41555047174465,-195.680442679283
437,1.47499014122533,6.99032246670013,0.165702956027042,1.12226516915966,-193.214583466978
438,1.81020632863166,6.51489181722773,0.0733959349434576,1.13360490113978,-193.120271947872
439,2.21074009372042,6.58758234767502,0.927345627644444,1.36566987342884,-193.70410649353
440,2.0003517821835,3.93040142300797,1.45015084296965,1.20019966085434,-190.235044062285
441,3.5230159516102,3.30164859093984,1.82265243306166,0.280697609764,-191.715494300207
442,4.13822234711892,3.92492573474792,2.09643557667142,0.54720970457871,-192.141285389423
443,1.73548967914007,4.15349030662122,1.30726799246861,0.872764800865213,-189.419959805267
444,1.10877517362415,4.11678824322092,1.94238310159647,0.366970889037792,-190.644199771234
445,2.31349301392503,6.0558355562834,2.72007056539623,0.445534249618227,-193.529435524863
446,0.712085742719096,4.73460507583599,2.34281937807722,0.350256640367265,-192.176879253351
447,2.97602669952704,3.36619866713676,2.16139348141035,0.58930987839597,-190.409716634934
448,3.47048345146023,2.72575679169762,1.50559801618686,0.592213609401374,-190.634456625764
449,1.43466113496119,3.79612321411054,1.51062675326585,0.867964144475996,-188.999062231969
450,2.28868026647264,3.23285669791306,1.63916416114682,1.60183824508467,-192.400915563901
451,2.05330413159528,3.36263220971244,1.84980710027843,1.60894861319923,-192.515099582202
452,0.575912698118776,3.08220466021243,1.2964874886918,0.819213421231892,-190.637742442143
453,2.05341514404224,5.23191590797882,1.59868900538526,1.06057905520195,-191.069318589934
454,2.37514898262126,2.04685143339242,1.33322568231573,0.965513039593338,-191.325380646404
455,4.49559455365554,1.50800085048917,1.56593566172136,1.10490318417249,-194.465961723221
456,1.23155054427364,3.08691237359102,1.00113915226733,0.686437045422575,-190.120512093586
457,1.27064228046219,3.1745203161095,1.60314790199822,0.565310719636976,-189.079333588978
458,0.358767613186489,5.18651209123849,1.78820080697273,0.446680064759924,-192.015993424408
459,2.69728665554429,3.19408354661665,2.32536154790518,0.536322745760881,-190.365205113035
460,1.29530310479457,4.52866258691303,1.22733799825159,0.913861857220107,-189.754642089719
461,1.51924479601438,2.76484178877673,1.80039456588038,0.491518142291455,-189.358863019775
462,1.51104729474624,6.19388019116833,1.23943060380117,0.980886936065466,-191.532115183352
463,0.770101411359481,3.26489100032724,1.93266236243981,1.7432733876258,-192.969762658875
464,1.27623307906182,2.18024087846517,0.933587039760396,0.406711648646733,-193.383590197419
465,5.14575793143453,2.02907448477524,1.15800211853139,0.30034673213264,-193.543959456478
466,1.50353087575602,1.87463626876885,2.38323966315738,0.441706423640754,-192.742280863203
467,0.805077590955966,3.38591227081085,2.34697794271094,0.912102684290994,-190.483317308401
468,1.93972607164139,3.35460772580879,1.5629467794189,0.886734609514108,-189.070788891779
469,0.978743249479538,3.54696720137675,1.6536102630181,0.567887752319797,-189.495244533005
470,2.55498928034105,3.31476243336862,2.10584210022183,0.761146627136617,-190.010749032837
471,1.24615594993704,4.54318071816293,0.756516495837882,0.694149751599787,-191.780285256741
472,3.52833915476189,3.06092878531841,1.54703779157908,0.616353602469895,-190.549037913222
473,2.2024308589383,3.65372455553235,1.95808058539973,0.658104650483632,-189.285714245028
474,1.86709490694133,4.01751700337128,1.88468131754183,0.609807809939581,-189.203358606597
475,0.813865717389799,3.48575162156569,1.66577705753339,0.984896449729774,-189.647539673496
476,0.868439422576867,4.10835706130685,1.3219616344372,0.530865345627808,-190.406150457493
477,2.41404399823508,3.23435591477984,1.80876821080463,0.668040805116441,-189.30625257281
478,1.8891364240017,2.78496725242668,1.13601589380882,0.918977702587988,-189.662585441528
479,1.42318922610368,5.96972132232124,1.90351570831731,0.705500907461225,-190.999770312382
480,1.13014291184087,5.01051740478808,1.58090187833763,0.591523213467392,-190.043506932338
481,1.35594523693281,4.80749440323645,1.97453809769439,0.926906334665435,-190.13631782357
482,2.11775284074403,2.78122191936793,1.00042906270909,0.573876978351513,-190.441837680047
483,1.48757452238507,4.63824442214406,1.8353693831274,0.682519623788187,-189.577682233156
484,3.1317953264822,3.11062464024013,1.5473114181826,0.51784265494731,-190.161470103123
485,2.99691395461715,5.81340160266569,1.77932114097963,0.88897641270247,-192.688582766453
486,3.57967745317931,4.97770091028957,1.33784881690259,0.626250021968155,-191.954206147676
487,2.84711478169843,4.32679183058514,2.24354299148286,0.941940269732761,-191.726366078903
488,2.88388080827799,4.1511245211385,0.864363908904815,0.931101332078403,-191.180944641533
489,2.60647556273489,4.26605249264127,1.47918693247781,0.373154061261669,-190.82511462448
490,2.55715564302771,5.42382851846365,1.73874719083839,0.703140648046573,-191.267360928276
491,1.43503701097176,3.41498238474911,1.84466519565018,0.880057429859112,-189.037943545343
492,1.52853052026341,4.07691461035848,1.42630448853294,0.683331935049013,-189.172412511955
493,2.40072867774153,2.54915851542592,1.4765710379898,0.997020206928052,-190.327955473683
494,1.35753911113906,4.9818545305343,1.3054781695008,1.19531055619128,-190.592316710314
495,1.58358951410818,5.65453752574377,1.34274354175013,1.17926246630279,-191.324595839643
496,1.93019458551881,2.33031801671587,0.871555488494234,1.20557536924762,-191.645303585522
497,2.35778572333966,4.86072097720444,1.88014483103762,1.06310977761075,-191.330593388884
498,0.410001892165707,4.10538967979938,2.34787118399508,0.324228017838038,-193.795495753829
499,2.401991484992,1.92872081605583,2.36298396769366,0.857858334336401,-192.811418562911
500,1.07592326596172,2.00510557486542,1.8342849677476,0.746981796942622,-191.2035414931
501,1.07139107990076,2.25144365780853,1.50281425813781,0.569194150886492,-190.642206731754
502,2.76693039860505,2.81165265037544,2.15405583094442,0.5109218284795,-190.356319031114
503,4.10879818249251,3.6094991815424,1.08331974145593,0.457005119433989,-192.164696334322
504,4.69915879283515,3.88798741076078,2.08231258733766,0.429318728467497,-192.92011620242
505,2.03112833735947,4.21361980272393,1.90607518559969,1.01721147022425,-190.234298578759
506,0.489751128232525,3.19444863509323,1.71656787328411,1.25702172783532,-191.282589594531
507,2.52006263183022,3.45910792995595,0.913655862938499,0.925427506243309,-190.419340661945
508,6.92644906894129,1.00713182508365,1.25516768110654,0.717345421324345,-195.280394309027
509,6.87195742190331,2.24051290840443,1.32790805780067,0.321604006455293,-194.350039928697
510,4.17124663306847,3.29292092282858,2.62405021333805,0.470312978240765,-193.194036759419
511,3.73898864038736,4.52943613074321,2.41831031189501,0.538366864207064,-192.693481815008
512,2.8793938927168,2.99434148912851,1.07973120315679,0.661603294317474,-190.36158106391
513,2.70109639580725,5.40116143130299,1.70801236667418,0.79055178568676,-191.48052522223
514,4.62897776496884,3.91703322130788,1.61450555256325,0.665320678087905,-192.287628226235
515,2.37943534582908,4.65185872718293,1.67366295611657,1.13083006611534,-191.110928540401
516,4.23368810387283,2.09313833494296,0.825373569281624,0.537679523101719,-193.142212412514
517,2.3815794628109,2.79214239040947,2.43313252158635,0.535590933392239,-190.481868109528
518,1.90416644341267,4.6999727627614,2.31559682180598,0.709936194111076,-190.495388444318
519,2.39653866942407,4.9417887111546,2.72212802423856,0.354904122108866,-192.480671831683
520,2.89878570958407,4.78851452939003,0.816409575899531,1.41272382550963,-192.722478716884
521,1.49046467168703,2.62904689953453,0.524412798376222,1.20115026944407,-193.088766200378
522,3.24643955070971,2.46252758175856,0.361884100171477,0.481088331548369,-197.023387740162
523,4.6418011828184,4.97444682153403,2.32161509863579,0.499685730583884,-194.313414848067
524,2.85730962303469,3.22817958290219,2.01652469894396,0.546758244837986,-190.032383478559
525,2.8343073771056,3.68303047404155,2.15058440378414,0.354821209165253,-190.753090821343
526,1.89995367228247,3.39287741090633,2.30292799507884,0.609727180911189,-189.503761797231
527,1.21628718988931,4.84393542706497,2.01979955221001,0.638866074601508,-189.939318934239
528,1.39140331879786,2.9626123293256,1.86965369857323,1.94168219733266,-193.794466048568
529,1.30523990904509,2.78463706168808,2.04314470516011,1.12620141607923,-190.4053970382
530,0.692801337172896,5.87771082883231,0.995150230238429,0.582566559334163,-192.359382792156
531,1.58167394282111,3.80137156629465,2.00179284361564,0.987365424058758,-189.693957916051
532,0.918683324603864,3.06128498268389,1.29580987901123,1.15028981201666,-190.057484826824
533,1.68604766543818,4.60967018044629,1.63991076317312,0.676587128903144,-189.550735642354
534,0.277553087479243,6.73062548934557,2.15746847684192,0.592545709790554,-192.686152198253
535,0.857792368770922,4.3050265331667,1.67720547039745,0.412900362411729,-190.82569671817
536,2.56693491796718,3.85301465526298,1.10790486108974,0.785233316123626,-190.045649573614
537,1.61244668383838,4.80921615249552,1.19808054144025,0.978326014829046,-190.182733724671
538,4.19075161542413,4.1231150424822,1.19248693885963,0.65076888574212,-191.937515211776
539,1.44611613339166,3.16682531733687,2.13138841681864,0.553109039893189,-189.231723602518
540,2.07323776095527,3.58222854535717,2.18489791320387,0.712741185986071,-189.541962110273
541,1.46416436278614,2.70465129430096,1.48031720504486,0.715138326444109,-189.093455106141
542,3.44756755344234,5.3500994574527,1.425602292914,0.491880748857813,-192.463118650715
543,4.89967775156032,2.56976435382541,1.63921340570366,0.69211301739535,-192.293636341433
544,3.18355060057162,3.79985670026082,1.75846351931384,0.668536147070228,-190.347263168941
545,2.49390428544784,4.35572624069329,1.99020331692149,0.66762698374171,-190.125842276149
546,4.60145526721944,1.6985961273561,1.59379313317326,0.662384122510146,-192.668620640162
547,3.81735973984805,3.93631164243135,1.10315442462487,0.818316900009388,-191.483114935462
548,0.560696796755886,3.69502061639042,1.60472940591856,1.38028413354538,-191.246823168772
549,2.29154413112156,3.20343590002568,2.20048246284708,1.13689859034859,-191.291568948608
550,0.335973327447386,4.16081079920815,1.76833323886379,0.747112320275546,-190.955210488475
551,1.62389669648483,3.31774811340557,1.81095853083528,0.722859778796573,-188.783863637253
552,1.95274297374993,3.56552350973771,2.35625255577504,0.991342051076953,-190.62281571417
553,1.61638082572395,3.67113570227349,1.49405465395428,0.871985658767642,-188.967203890117
554,1.15696411423039,3.23206540364065,3.11173770860075,0.784725465138913,-191.959297698494
555,1.37308028435787,3.60169320011852,2.52699927035026,1.23646486895783,-191.800399753665
556,1.01459013385987,3.36140935332774,1.89193357657444,0.495213352083946,-189.720966586128
557,1.49542367919299,3.06141092999844,1.43149618150649,1.05942974463998,-189.367618044724
558,1.75742994382822,7.00818978365516,0.829468307787133,1.00870435862285,-193.412631358088
559,2.12543519184399,5.58849477906717,1.17223722255188,1.11839373277432,-191.687429357017
560,0.984969057812998,3.8091552599653,1.70281912046827,1.3209837890037,-190.56216177836
561,1.83707236746543,3.06924062290632,0.658250855378506,0.729098933622142,-191.725281232939
562,2.23669438079217,2.46395214652925,1.33942208611749,0.701447570996955,-189.858459606885
563,2.84304146323849,2.54202211820774,1.69976922903439,0.39593638166921,-190.649340661119
564,3.69603521208775,1.95386846768924,2.10544300448713,0.319331598684894,-192.916796790733
565,3.99480162141015,3.14172313860872,1.80331463549849,0.955622482572634,-192.169964616906
566,5.23649912542627,2.58379091890783,0.871722183049409,0.351524407071917,-194.09327411952
567,2.9096326775007,4.17386220764184,2.94117249348083,0.531590560638209,-192.550900413311
568,0.643510057646413,3.15618301039377,0.959909234287901,1.13684370201161,-191.292888854053
569,2.39726995858218,1.7270812347606,1.71377020524697,0.492893949873485,-192.154710179693
570,1.95302288551404,3.58725307937026,2.26646696831913,0.559066857205847,-189.517770164577
571,1.32801283152137,2.72260599356728,2.89918412114376,0.714905134665516,-191.460369532683
572,1.75746699842673,2.67473713244895,1.68199695167263,1.46185992399701,-191.647890319375
573,1.17353163185807,3.94489218603472,1.70305454031982,1.63973978295747,-191.94488033095
574,0.882676839980274,3.94080429772318,1.25049062076778,0.188707713678588,-195.306784131231
575,6.35270456346509,2.61726542018757,1.77383449821334,0.303939338394023,-194.090135512411
576,5.40852493518789,3.013544403736,1.51273502277743,0.365261201134465,-192.87604296079
577,3.37662445666094,5.76531357533138,1.41095351622041,0.362016667232431,-193.634347325127
578,3.00911689346032,6.3298431060354,1.79816021487556,1.06661790900308,-193.961203279029
579,2.3783267198929,3.13330774784786,1.85970469560914,0.638818743362106,-189.319151006197
580,1.38237167548923,3.78700401268666,2.16756650685837,0.466027406126857,-189.679494360382
581,1.3577718620987,4.77562510019866,0.968815540164167,1.55798699342519,-191.869264161075
582,0.747517477731166,4.27443709394661,1.69577271137609,1.09325842505081,-190.102170321902
583,1.93181665312858,2.45447619336424,1.77419959122593,1.24821163957056,-191.296332713011
584,1.29052161659473,3.81315369096351,1.69535793827193,0.482607736610815,-189.470778763117
585,1.58166186439678,2.86103238824521,1.88533818509707,0.46609899393715,-189.373526524543
586,2.391319426032,3.60462112964829,0.949143535683428,1.60076398446946,-192.125710674228
587,1.52714705920644,6.47768061211273,0.395876599090076,1.40890467625343,-193.505322883389
588,1.65733095715615,3.86781031555023,1.33616180167151,1.06146062828079,-189.5450342949
589,2.37953572604567,3.79870289480772,1.72215578130995,0.863468940339705,-189.639921339457
590,1.56711955940424,3.53692887197707,1.46563586346547,0.430951243469214,-189.659705476375
591,1.33276267620461,6.30351338359054,1.13587982869449,0.830035909677925,-191.653949749083
592,0.748732240551207,6.06793210315976,1.41671268162393,0.776818152417498,-190.864156958614
593,0.462173668184072,4.09216167834114,2.1566006629738,0.705116523330948,-190.903541176696
594,1.21391696667367,3.44933357355516,0.968312701858531,0.879915882328217,-189.969265141349
595,1.31584999545546,3.79258711506012,1.00749090758491,1.14727790137536,-190.154287337891
596,0.858541537651125,1.96592052872623,1.57423337109383,0.638988222212572,-191.950367687816
597,2.48118842008271,3.01990402802224,2.04840080582533,0.659665414570161,-189.73144358719
598,1.53830329875209,3.66742084138426,1.54112061266813,0.780154548102752,-188.839457102749
599,2.63967000284911,3.99338902955944,1.52520420223322,1.24975125320428,-191.210020204001
600,2.81208606524336,3.46155057665506,1.38642634667556,1.15488344126504,-190.77399852443
601,1.23972042822825,3.35309397386932,1.28950496560062,1.26131987970072,-190.036862573759
602,3.14277373085865,2.39947887141803,0.92742089375022,0.567750276837601,-191.81754666425
603,1.33814163058201,2.31341645093884,2.46786246470059,0.977289086413512,-191.701242886933
604,1.376795551058,5.87002093745353,2.36862395772651,0.37316561562291,-192.315389472098
605,1.72432299628639,5.93105626786085,1.43604608527472,1.6972802470187,-193.663918793015
606,0.488734002386291,4.4176969561256,1.50944479122546,1.4680053658674,-191.625116404682
607,0.961011742486845,5.64142760010394,0.868298324520562,0.459678678948668,-193.554979197845
608,1.1574271100015,5.77822336885104,3.03666799259079,0.330742494761042,-193.934653488927
609,1.46534703600904,3.95408840295816,3.108201566615,0.695469994018103,-191.784420015248
610,1.45140394055037,3.29584979433524,0.609452857632984,1.35563271204194,-192.15606989824
611,1.31910693178637,3.89772049249108,0.841714483915691,1.33347483174586,-191.092636182042
612,2.62262167938616,3.16020691344041,1.16912210522858,0.508897570038463,-190.225014596262
613,3.72898528221152,3.42914632424239,1.68189368792516,0.724123678294233,-190.978670439551
614,0.837657992114264,2.63884324133854,1.68969819042539,0.805526263743874,-189.952258199973
615,1.07164171296335,5.45865815198507,1.13616675358818,1.01250776349627,-190.674739904912
616,1.3619558560605,5.56307707489926,1.37072692799003,1.79453317428999,-193.308861963041
617,1.50092943180053,5.368065221426,1.33322632207156,1.02355429241757,-190.60258757984
618,1.23668242072856,3.60240615411188,1.48722723183774,0.867591180173054,-188.99141956451
619,4.73592263454567,3.09164781840976,2.01202666723721,0.536581026282068,-192.448715441882
620,3.97638603254544,3.52526681935872,1.36069329233461,0.931924097052142,-191.598216140644
621,2.58178889999471,2.62293499983373,2.04041944338561,0.86737172271197,-190.692501889222
622,2.0913197108668,4.15003764904562,1.63052837491588,1.11414769653303,-190.260244535229
623,3.13400608665333,3.22275674245778,0.907113162607897,0.689704629369439,-191.024346394911
624,3.53597872303104,4.88958243969916,1.45711498254959,0.686310790547839,-191.715507209986
625,1.55566239233005,2.96777895200154,1.97921754191573,0.756272469963209,-189.081902323232
626,1.17271141886588,2.62448369725695,2.52182451320832,0.774383890917928,-190.699226186804
627,0.885778878081651,5.78407486286102,2.5212038915503,0.864099247997779,-191.767179839501
628,0.898340932756723,3.72650669948286,0.993278479528193,1.65039670660333,-191.963826763887
629,1.14606093800088,3.63451644652611,1.43149274050232,1.0224664664826,-189.339831882597
630,0.41909758818286,5.56048966242094,1.03112624908125,0.980172393966165,-191.415016973738
631,0.587718468557238,5.18900221908558,2.04280880450507,0.599454542649732,-190.731835913512
632,2.01093938060083,2.94174713288527,1.2280986757922,0.975336624977466,-189.577135955036
633,1.53700241048799,3.39108130402025,1.08520542094352,0.533538878632065,-190.078642169416
634,1.55596584429012,2.89536422584717,1.30913520520421,0.973184468059908,-189.314881264291
635,1.73196110482918,4.11842077691619,1.63469348111989,0.91741972898621,-189.376271176416
636,1.51113402666903,4.04867492686537,2.2707712797896,1.08223610038426,-190.684028976289
637,0.882208209208887,2.76368399384012,2.26955561121329,0.568863523821569,-190.540577713055
638,1.10210380978298,3.9018803483392,1.69334335034117,0.866223716573081,-189.19067236257
639,1.98850444990281,5.27017289284197,1.23788349786313,0.610412196829061,-190.96157963635
640,1.44127514107598,3.60617262893868,3.07025069795594,0.598025058736171,-191.439878465238
641,1.14499209697727,3.87777945865405,2.94513914343946,0.410929986382912,-191.846679656513
642,1.92882990247939,2.8350010223267,1.69962020469524,0.5283604710073,-189.178210144195
643,3.18455836751867,3.02151065279994,1.59115433338724,1.0913336181573,-191.276515229307
644,3.14912942407706,4.0091215798844,1.4368262902833,0.423838979304598,-190.85876288269
645,0.978661837587662,2.98078636366207,2.09807909554796,0.532270507482221,-189.94351283541
646,1.49218813001569,3.42096709323723,2.7868561464827,0.457738319226185,-190.768279361113
647,1.6524473132791,3.82534154403917,3.1088203182461,0.374949223032675,-192.099129739157
648,1.21081646232483,6.41818314340859,0.930768817432069,0.707047778502448,-192.595320137735
649,1.5245155564378,6.9563936639294,1.96748253018331,0.804328111789471,-192.488276190818
650,1.16708266636664,4.79891610324345,1.39361745536997,0.81994167944641,-189.716694051658
651,0.979620102736245,5.650999514544,1.02060372492115,1.41930246675612,-191.836444448468
652,1.75163240886736,3.8735545537617,1.34757025984334,0.565666165747886,-189.378726817875
653,2.15391111535226,3.30746746218725,0.899520238083397,0.897522171805819,-190.198446415317
654,6.14542373389847,3.5343738155622,0.170037249000172,1.51728193982059,-195.609002960432
655,7.03543779280878,2.73313155343718,0.0876455944201759,1.13573818709594,-195.552969187154
656,5.8028400431285,3.75595061566643,1.27476833073567,0.452651541031162,-193.644097349297
657,3.93790344288991,2.67371757181323,1.57960860652063,0.653744113082631,-191.181659634862
658,3.95440932736219,4.14194397225007,1.77309893106255,0.843158424681379,-192.039152974424
659,0.398052985318464,5.02075543945617,1.81299531890147,1.03908245905053,-190.841474087088
660,1.23257164093008,5.21464600084897,1.30980450701273,0.97541970775128,-190.251940073714
661,1.4435166038507,2.12033992909443,2.72328484355777,0.867691958437666,-192.704938961968
662,2.14204852683125,4.82492676979478,2.4419183215995,1.07546626345308,-192.284272050456
663,0.56325268867416,2.25699153842021,1.74455252610452,1.13788597527866,-192.242259574098
664,1.91551459316624,4.02949889839243,2.06833549539751,0.366679954218889,-190.148980565303
665,1.6009477781271,6.52064710390603,2.07919043323218,0.68483221915163,-192.036764867959
666,1.1144646985873,6.46098037763348,1.32025245666202,1.18076469391716,-191.837751241539
667,0.550760329451324,3.89311040053115,1.47917336477596,1.42237582352144,-191.329147768349
668,1.72057687909921,3.52148520876625,1.47990447581444,0.272668260067155,-191.12379239764
669,2.6048014135996,3.56282358407014,1.86190125994082,0.367466530800837,-190.172760266953
670,3.92291417298486,2.76967623154604,1.79817225384224,0.677268783539741,-191.355640022008
671,2.03127992209758,4.26837823493377,1.22235308568614,0.677655843715912,-189.789184269133
672,2.35223411545868,3.26580177666591,1.37236345563705,0.839572473331761,-189.379206467292
673,3.55213904795903,3.00675564748206,1.78698613130903,1.11076513612188,-192.186484251565
674,1.21427740387801,3.96580581134156,1.31935498848973,1.26899782445857,-190.171454876754
675,1.73741826622929,3.95930175553047,1.59005205774127,0.716991143971643,-189.002489865673
676,1.07321478890437,3.09625932387979,2.30277228124404,0.644775534253529,-189.778940832187
677,2.65855469814852,6.17557917721541,1.00554727488166,1.20645339595093,-193.290433838956
678,1.28701804786079,5.01516310265259,1.93663189050836,0.949019960966197,-190.28881546507
679,1.54920781008172,4.44234198657767,1.83120691604247,0.66719241943234,-189.410453430257
680,1.75989155517895,3.80902859286543,2.05099076761911,0.868105928087843,-189.509806747383
681,1.6877221783894,3.04535558483091,1.64475621523032,0.903946544348429,-189.050297460655
682,1.71388693384742,3.15355561057564,1.35850396595135,1.35062962500833,-190.472791672271
683,0.657892446945506,2.60762993002769,1.33232463925317,1.65785550242744,-192.953627372733
684,2.2572734569936,5.76533782601804,0.602752924832671,1.57078559822857,-193.770601279812
685,2.5778864483794,5.07449591715152,1.75932929720259,1.73526389346009,-194.623592349941
686,1.38316229073344,4.35387830642315,1.87200832166238,1.04089827985581,-189.964755076967
687,2.81508226287297,1.78526255065839,0.847060971283305,0.635450748200921,-193.292089654623
688,1.99898214850798,2.4715532294594,1.5635248638443,0.713417124175859,-189.55749158487
689,0.664076684100092,6.02810368520471,2.82053604918717,0.53594780544324,-192.783472248179
690,1.86408497965553,2.08216397996324,1.76238702480866,0.699798167213112,-190.552609860654
691,2.83971000127152,3.59296172597709,1.73712128550931,0.865544690570653,-190.15293225119
692,2.02171512975123,5.02249639452937,0.821837471436698,1.95884620646087,-194.009437433169
693,0.65809057489258,5.98467771564181,1.24070418543367,0.808519107203974,-191.036244397782
694,0.505427303716883,3.18478578975926,1.86075861157103,0.761404006049385,-190.714414608611
695,4.50738674069128,2.41673552146683,1.67744316680216,0.731831588212309,-192.106940899169
696,0.537937361680399,3.38773035904895,1.8771785878581,1.20889621403804,-191.055979451278
697,1.82091773987009,3.68773258588779,2.29406219548592,0.515418264166321,-189.598659600776
698,3.04952194365866,3.75683733584753,2.51492634057114,0.400056351715509,-191.505221705121
699,0.928226851047169,2.85678331178076,1.13901075758086,0.808402818901837,-190.073806495179
700,5.11761312648587,2.41644150344689,1.56623852540264,0.802199582168534,-192.755121618348
701,3.07293433921827,4.38924182472565,1.90492444223781,0.691464327920211,-190.809369549273
702,0.959601842427886,2.60041969745234,2.06449965720644,0.639996713918035,-190.116936891512
703,1.10617021654101,3.611058599649,1.26072963473966,0.508151774952521,-190.127811346023
704,3.43937023878111,3.39808519264497,1.83023643035089,1.25971339487038,-192.720122888794
705,4.50019778768723,3.09041136137114,1.83298399249576,0.782223581278484,-192.312361451039
706,5.1043624753492,1.35586648301126,0.844190269142234,0.639836631191682,-193.913832170814
707,6.09015918233302,1.10100992429296,0.699185166174391,0.872295989387826,-194.973118908208
708,6.35395776656327,2.44754032241406,0.741847912214541,0.919793735186184,-194.175270884838
709,6.18455773325507,3.29253921015414,1.60490958993183,0.649134543652261,-193.885337481721
710,2.70762155031974,5.1695803315841,1.62015976402768,0.31982938842548,-192.240814065937
711,0.828931502847237,4.21049614651095,2.09483484529363,1.60673404798155,-192.690472450905
712,0.758914615954489,3.8972719118927,2.01699048863689,0.551685312733993,-190.223807930924
713,1.28069184650223,3.42475952003118,2.25712113036739,0.648391920002959,-189.411549791431
714,2.19226906634423,3.82837147945505,2.08591877255155,1.10452863645402,-190.826927663017
715,2.31347526269657,2.68910074448179,1.9503801489713,0.943550289351203,-190.374135187198
716,4.18741501147022,2.7530104921196,1.61311411382615,1.10393625609574,-192.804865717302
717,3.85538266136421,3.62247122367041,1.04621963548731,0.455232643941386,-192.047229114805
718,3.20902913588613,3.17261654739537,2.48337763071744,0.54122454177068,-191.43639576287
719,0.611981074917607,5.23330082902953,2.68088376761369,0.594152928725271,-191.875948368966
720,0.293420235643216,5.57044786769234,1.11789588706523,0.860999631175991,-191.633892651235
721,3.00542123800166,5.65783816990711,1.4138175096079,0.60768095315114,-192.169218626646
722,2.37326938616625,4.29288380961202,1.8546519603762,0.6733870598273,-189.800554957098
723,1.39777469173587,2.81532942382887,2.09477624350183,0.871505613091366,-189.607280532603
724,1.45734954839154,2.93946007238969,1.38742631214626,1.05562268535324,-189.431772182759
725,0.564163558487486,3.35441396404326,0.954865617516072,1.00045320659593,-191.309504156443
726,0.882718357006197,3.34425117955812,2.21125330666694,0.507358223785431,-190.288842176242
727,1.65002771299103,3.91883391626195,2.57971320811754,0.571320065649942,-190.201852663362
728,2.50485636940928,3.44576200357408,1.81861742304733,0.914029142502991,-189.922750503876
729,1.58440357116598,3.82895898985446,1.38106959963312,0.8258999219726,-189.048810370941
730,1.42672012625809,3.98095255022638,1.78404356747029,0.46551207636369,-189.528632052165
731,1.4955930460085,2.81386388865015,1.81108270407184,0.950453127472453,-189.410219029089
732,2.8788285983567,2.74062893525309,1.91148227107213,0.886445522755768,-190.770520905965
733,1.09406202862308,4.53438493545398,1.49842384553947,0.935427398635458,-189.593147849124
734,1.87504441810366,4.68021798232801,1.33170528200888,0.777334965775785,-189.875742700534
735,0.827830341249369,4.51942182477794,0.883179977102809,1.70017444698181,-192.432800581748
736,1.75382227224428,3.85744606834415,1.73019503327561,0.581505643636482,-189.025167517234
737,2.23741322246318,2.51024033446375,1.81258929418874,0.54094822285723,-189.791940364046
738,1.93867963694905,2.5840805154884,1.72674509501559,0.615316605839247,-189.361161142645
739,1.46404377629918,4.16672416293377,1.52052403791351,1.19479254829354,-190.061058143169
740,1.55489016489995,5.10926567349897,1.24469913952527,0.820718739557997,-190.257671092499
741,1.21530607834396,2.94364481052698,2.04045142651043,0.850910091523048,-189.424090022782
742,1.91580379710471,3.66700786684023,2.22075889091365,0.266235829393452,-190.98971017187
743,2.18793469227788,2.61917856681602,1.67560642996391,0.652449743233578,-189.45360767997
744,1.2079104650203,3.08402454292268,1.96611756520866,0.596437186558314,-189.182384998397
745,2.42912329331934,3.13431637814918,1.53984391122645,1.29642264459454,-191.030044404357
746,2.629095596077,5.23148162929991,1.07628812237231,0.502270132418834,-192.211291682285
747,2.07026907690064,3.2367850710796,2.17085873839965,0.655579781937371,-189.421459440866
748,1.49276633798545,3.56738982989171,0.734060466909391,0.8826018791005,-190.959525759338
749,3.69174816883569,3.82416446517871,1.31039657598406,0.430929664831264,-191.468742224315
750,4.00611135935183,2.83879905793919,2.0518028106638,0.785139137722207,-192.154447451892
751,2.04682851848774,5.71251674363493,1.16315566204533,0.767392908023529,-191.453944182678
752,1.19197156610342,3.60739965163532,1.57938469490264,0.944804889209116,-189.126367244023
753,1.13370039590872,3.38006010485821,3.37160834559894,0.551548767249327,-192.684547600346
754,1.55173198876209,3.06219328515492,1.87151258109859,1.19586002325354,-190.233196011653
755,1.4238773529622,3.88399873854853,1.8905118773391,1.10539026139917,-189.927880998471
756,1.42842154755754,2.5699980684489,1.06439993900037,1.51342116365569,-191.770356705502
757,1.52508925258987,4.60685444454923,1.17417168728665,1.44374214235466,-191.263700672858
758,1.59951336352226,5.42408906267285,1.14306474549108,0.913356383234313,-190.795518204521
759,0.680412322137934,5.02197591553508,1.90776493612089,1.27743320134101,-191.28427590156
760,3.51970119705955,4.47493776993892,0.749594599955366,1.25973393502278,-192.751421696871
761,1.83100853623324,3.60551662615566,2.03577404718429,0.467683172681709,-189.345839124849
762,2.46286500273124,2.951647422853,2.12982075794183,0.211644713228788,-191.898629232628
763,1.40561332185604,3.75047785664295,1.75371961731047,0.448400605307912,-189.497693404539
764,1.63631808436327,4.3229619459374,2.0815190977189,0.733207308489761,-189.609281605592
765,2.0467499560196,1.50484482935948,1.26623312097557,1.14639061537308,-194.119381731093
766,4.88209164636061,3.80696048719195,2.24772614224901,0.798662119930808,-194.118026394209
767,4.40570940799769,5.26061208468249,0.295653948194419,0.742337853102212,-195.168764681135
768,2.33809488942604,7.34694374391196,1.90658437828911,0.622690392218006,-193.958586391548
769,1.07141700939107,4.27915314739888,0.94431270741508,0.746890357721073,-190.583927077262
770,2.02034553850399,2.04734836371002,1.29013745290147,0.368609897585062,-192.098987785489
771,3.09421788982445,4.83318017728957,1.6886233438863,0.626416455281374,-191.098969283541
772,0.974202363387159,4.70884062609034,2.01546703967166,0.561212106633407,-190.107336639579
773,0.832386752740343,5.43921225870358,1.50890372414579,1.09118251149576,-190.52399312925
774,1.18142979493445,5.53891111145126,1.37984452888793,1.11714695539187,-190.754336478881
775,0.775349353752413,3.43945415126082,1.39364422070736,1.0116468463638,-189.798081518131
776,1.64445855841463,4.21395473537798,1.60750059057832,0.471754014964025,-189.676905091293
777,1.30875428370623,3.43128308753314,1.57041234092579,0.419966367804106,-189.781808953778
778,2.68037369964136,4.05701038737943,1.48131196021353,1.02302655348055,-190.445665062803
779,2.73388201488724,4.75934133569871,1.9568354459134,1.13127241214666,-192.117653367892
780,0.455329033154837,3.23679417891589,1.39457111793271,1.16920813197199,-191.131746587533
781,0.65582352884098,5.33946167173025,1.51052783141721,0.962156349145691,-190.298467791226
782,0.744236458400107,3.55870307485269,1.32591836681466,0.892279788231275,-189.796761218373
783,1.50360135645479,4.26614010000297,1.92298998294248,1.11126062790277,-190.260921472461
784,0.97873889164135,4.40727143331127,2.0426896393739,1.09694208626827,-190.455857940602
785,1.7656341337251,4.54729560615191,1.64000508864152,1.00228251770383,-189.971049577982
786,0.604341863200669,2.46210054463403,3.07897144113409,0.529741925787484,-194.37386058183
787,2.04993644400922,4.99678294645226,2.83741806423965,0.664200752299928,-192.14678524013
788,1.48713323435364,2.41919567022077,2.02606708672571,0.465152388230615,-190.193289335503
789,1.43423575803414,5.27393651246629,2.10398315498347,0.85449211014127,-190.646418944153
790,2.82053833557862,3.37398737720749,1.76960592006354,1.320581815637,-191.952825087004
791,1.28383124012787,2.88416364584653,1.41382220049409,1.30019807120473,-190.333668310508
792,1.12360544182924,3.86076028207852,1.41915502666516,0.691431120304998,-189.242969779722
793,2.28297882230585,4.47809501230321,2.60739665769061,0.666485102182862,-191.212267320959
794,1.30357033889587,3.76586755160778,2.39233936144822,0.583103620830462,-189.787170072956
795,1.15616650077567,4.29309555497556,2.77854511738195,0.975962119094566,-191.727315945922
796,2.31183116612054,5.51134893885418,1.24962594357461,0.719840556512216,-191.320815923434
797,1.1557709753369,2.5988833080463,2.04394534856892,0.683257130841579,-189.717782124985
798,2.74394224951848,2.44079848429634,1.98087206470923,0.628064936777976,-190.524492072212
799,5.78652360495053,3.73661361964865,1.0122788500707,0.624569399361042,-193.718640511177
800,3.37325963253808,6.2678207687985,1.35443441341954,0.838600163854043,-193.540409866028
801,0.23513951897021,4.32603967939018,1.6263843984841,1.37523898206962,-192.195221834671
802,1.63601953861635,3.94062651514491,1.11366595219721,1.28975159696636,-190.438825693313
803,1.69042588420543,3.41078756616866,1.18021335329084,0.936252347577969,-189.30957808724
804,2.39375774957571,5.0438720135246,1.6458753573228,0.978050731739635,-191.027733409142
805,1.09658026453246,3.38950685651457,0.958756273610921,1.61081682830801,-191.783513592143
806,1.23912070849258,3.15418532241551,1.08075526348797,1.14847768345714,-190.009493162415
807,1.59111343574989,5.63223625214254,0.916329113988973,1.22696949137241,-191.829922326853
808,2.37292471686708,4.09248658951787,1.10377430193017,0.604528250927053,-190.28173408894
809,1.73518499005269,3.72231988933928,1.21164444553556,0.983960075088187,-189.443681704274
810,1.28122987860742,3.10728608490027,1.00381820508169,0.666559107471703,-190.102919537542
811,2.57927836693752,4.059085546984,2.23163272159996,0.92635606091964,-191.055353388054
812,0.92416352901536,6.29523335660413,1.48073008715008,0.956754465419665,-191.113649507971
813,0.500241484966143,5.70390588309587,1.489198247323,0.736860834526024,-190.761507883686
814,0.798253794692042,3.75770637191803,1.71144080939528,0.81346471719889,-189.510824042269
815,2.36437219286415,2.31132735762716,1.51047255736601,0.393133704500088,-190.850086133872
816,1.61585998207409,2.91466827931785,1.59558259295622,0.934506166413302,-189.152310764006
817,3.43880463732429,2.41887396722072,0.994566105515113,0.416300928216783,-192.390876785166
818,3.33246560008052,3.40843694781856,1.33105295568181,0.496934886432492,-190.620937314631
819,3.42867094970885,3.15515986565103,0.99417093323951,1.33092796535412,-192.170870572447
820,0.653172197174,5.23692663121571,1.68256285340298,0.395651037461999,-191.697875912401
821,0.543796899129185,6.21550123501171,2.07837899600666,0.816577840362737,-191.370651210534
822,0.939215882171652,2.45148055293199,1.52356542569742,0.798072753559639,-190.038262872791
823,2.7042171948284,4.21353000114274,1.27048550689057,0.58572836170779,-190.305494569623
824,0.763731048458453,3.81950511960145,1.47290306449106,0.86978628784375,-189.610519925936
825,1.89503107382678,5.36162575976755,1.60684823155572,0.596991056995035,-190.611443241424
826,2.34094364675512,3.37809211821127,1.44929147508042,0.703893475058092,-189.197469006893
827,1.71033853820223,4.7102801401233,1.92121753651696,0.665046491532547,-189.785898770266
828,0.696173889619413,5.26921841335201,1.52057787818881,0.651904231958556,-190.35439076933
829,1.89803911704675,4.67006182666586,1.57378354172454,1.05252485252535,-190.293240145524
830,1.75887586930498,4.67292223098406,1.52889033524352,0.585638294188209,-189.809030493784
831,0.621196386521117,2.96653730045722,1.49330012444143,1.26732213418549,-191.03414332186
832,1.20388842916204,5.83827629867659,1.6227507320012,0.694993646512452,-190.62756610511
833,0.76599674911326,6.33796217404955,1.79946965200482,0.512700827214916,-191.635539096184
834,0.749006955801672,6.07833586559349,1.37612973501806,1.16861064231959,-191.268109006614
835,1.03135099159268,6.06320083905661,1.49826781508546,1.06863656120492,-191.085109919098
836,1.25511730644939,5.61493688632666,1.43626648301526,0.606253523494633,-190.693568357544
837,1.75059061772169,4.36966919360614,2.52142940482392,0.528941033531618,-190.483335543591
838,3.78346111676787,3.30968525234542,1.61716262109096,0.688212705571517,-190.929681574098
839,4.01134735444072,2.72258703803575,1.47624408906328,0.932788896516235,-191.782295379778
840,0.458998638628938,3.91290240382708,1.14500723556617,1.10253776174387,-190.92677991507
841,0.803681786130139,2.97582030014067,1.24623161795889,0.901374551422648,-190.010458785888
842,2.17814575387626,2.99251717512428,1.45983582953331,0.969189967152598,-189.557575265216
843,2.0854891116777,3.41910515909015,1.23471508370121,0.710691354517844,-189.262814460344
844,2.12308941236128,5.49062438700333,2.30223771611033,0.673094662527543,-191.558929583882
845,0.741363891543177,4.1913347809574,2.65896191129583,0.993001001072694,-191.661905790372
846,0.581740815421139,4.37309480151146,2.17373709606706,0.994892665051326,-190.785806175863
847,0.600968473512138,5.89077156241968,2.0751960015429,0.878402784820544,-191.085236485961
848,1.06901456535493,5.72163020069696,2.50161410643982,0.612567170748087,-191.516611468753
849,0.950305381824052,2.91712549976058,1.9868504298784,0.755073856624452,-189.590953665365
850,1.2473496173851,3.34138730305096,0.780439451475687,1.43790313615421,-191.634320283644
851,0.731600393851222,3.78150289060397,1.65024674662097,0.908777189074766,-189.684032421671
852,2.51451070460002,4.00528682695551,1.68982547988824,1.31506613020522,-191.542657533514
853,2.18967947569011,3.11616514161378,1.64278156730986,0.54174409853817,-189.143631004934
854,1.97620823276496,4.00656874131513,1.85440838049787,1.03999237646871,-190.03959793845
855,1.46318408460112,3.82935248621208,0.768953675559411,0.591367288032184,-191.682612494376
856,3.44390690880797,2.24169611188983,2.80348718988015,0.607955521984738,-193.653793367319
857,2.93668367450945,2.03012772699286,1.92036218789406,0.56652773565483,-191.428683253606
858,3.06112525093257,4.84357118712579,2.60629403183237,0.353621020340508,-192.805685812325
859,0.976196465016153,4.06075341453559,1.46201110456139,0.615193050697159,-189.623892948735
860,2.73485759643621,3.66605621263168,1.39304410840385,0.687457815435876,-189.710528560488
861,3.14896604090713,3.07028910623646,1.719866992319,1.16267841301781,-191.688647559446
862,1.96439495029007,5.73485406081906,1.54277981143882,0.468718615218855,-191.598968925697
863,0.523733275691835,4.56972988637878,1.9851922013468,1.04141601254032,-190.702051994022
864,1.75762443757959,5.16843256320587,1.66396578100016,1.03414282866742,-190.684788311349
865,0.906817206792404,2.42529205734624,1.4818088522338,1.35741231832941,-191.547109327806
866,2.60855888558536,4.91909052630669,0.934212219865595,0.459889235303824,-192.632292085492
867,1.05394475052118,4.20885445772453,2.65111125513126,0.52214306667316,-190.931690058831
868,3.49203817116865,5.03197239422022,1.488799522126,0.973694009568993,-192.311170487715
869,1.91548953359504,2.69703928137912,1.03162346259441,1.04881100577018,-190.223017574845
870,1.24892907623069,3.11820641102983,2.90384025024931,0.309139269986346,-192.336058560847
871,1.2618460705118,5.70115307032845,2.0226343915403,1.32438147340197,-192.312202831952
872,0.542468924490697,6.0320572810703,1.27326207990536,1.2743661658726,-191.619252382824
873,0.292933447049594,4.20873143635588,1.59771786803157,1.2006426434328,-191.406920645034
874,0.454353951608064,4.1807143136524,1.71114939579599,0.576056368548707,-190.930003084323
875,1.03312684734468,3.43083587476429,2.91933522019145,0.767059929629332,-191.381667054113
876,1.19781470649914,2.70012930130031,1.30669863959384,1.0980577496416,-189.900852409393
877,1.84292761098632,3.79103544565294,2.0476008614143,0.167122691923474,-192.695072965014
878,1.93329535764425,4.46882348625366,2.35994310887434,0.818628877876062,-190.599153969041
879,1.11250999508462,4.48611767218824,1.78308274273633,0.781291108835178,-189.473077120513
880,1.40749057301181,3.1605947082993,1.53210974218451,0.499543747260844,-189.259561432864
881,1.08412352425838,4.92141614622376,1.65031204595028,1.16707311119827,-190.46032814039
882,1.78884077244634,1.47419912182666,1.12902076272115,0.511584923914409,-194.569537984471
883,5.93227306506792,1.49835417373977,1.33711129811767,0.591973617947817,-193.428140553122
884,1.59301462988565,1.97482431285023,1.14012955351759,1.36203180909638,-192.624337807864
885,2.55716441296693,3.38405422057506,1.43418183260623,0.827007735470894,-189.54780265741
886,1.7018093766997,3.31408082653318,1.22740105878588,0.361177281252186,-190.714229742068
887,2.94185696867093,3.22668350517299,3.3184522072824,0.639047211044546,-193.848538223999
888,3.20552656752445,2.88799038675163,0.644085852805738,1.00260532403297,-192.084751327773
889,2.69150855026606,3.11940168641989,1.61142314338125,0.491749215698292,-189.719151771391
890,1.98750423157986,3.04842649676788,1.54976303289644,0.669451121004747,-188.921963814391
891,1.81544854079771,4.35625253708053,1.71608054542404,0.682894021265922,-189.363894925696
892,0.911231036832811,3.01672974575262,1.72437450248378,0.941677478024538,-189.560228764981
893,0.959322083577768,4.70666304320979,1.8935902121463,1.65341020922128,-192.661593072085
894,0.688895518675973,4.54420693499649,1.47067357789473,0.780796523900071,-189.866917036601
895,2.92402948786998,2.22094654176997,1.52852225974322,0.61317268337062,-190.765304842866
896,4.6706158914343,3.19951653122005,1.27613623878108,0.720316988417928,-191.942161284979
897,5.13622727428754,3.4248939623594,1.40651560648207,0.472607111905326,-192.549574093794
898,1.60617051177849,5.01809907226127,2.51057679543139,0.524940624839288,-191.077708948345
899,1.46085248869719,3.73475246700693,2.780248198303,0.692248823218011,-190.673430290754
900,1.20897861808414,3.33793980289486,2.27763445802831,0.745354518898376,-189.543252927616
901,1.44567104340825,4.5945337078185,1.00520698108578,0.5982598163465,-190.84829415488
902,3.33491690364685,1.97237870875981,2.2083351239602,0.535113123878899,-192.324172901803
903,2.73342453598735,4.25538733425785,2.3597833418793,0.498682366944854,-190.905354917015
904,0.932526933915921,5.30712597455133,1.37170895631825,0.766409454739163,-190.173858691721
905,1.15467317969196,3.35315483213637,1.87582612689984,0.727766355849659,-189.013626993434
906,0.756776801478949,4.91100890944947,1.28880817513382,0.919168005099457,-190.073524477224
907,1.66431580543113,2.30699394257974,1.57452593325106,1.12333771549904,-190.673428290412
908,1.3532217490908,2.18932200489801,1.65730578716267,0.492722872763789,-190.637640448394
909,1.58156728455352,3.26361956900221,2.11679235736571,0.904889634753486,-189.522565593649
910,1.29124283897246,3.16823036303979,1.60994533084064,0.993959433700706,-189.187910132265
911,1.80618396766004,2.35644586185228,1.38216633752651,1.03631807640994,-190.28971876047
912,2.17480510581736,3.06015602121094,1.3900890999204,0.924852547048669,-189.418259091121
913,1.53706726586898,3.85200434684717,1.46615774669507,1.02767143483656,-189.370706648159
914,1.71391817848334,3.21613496443221,1.45347802826026,0.74678368364935,-188.808344167322
915,1.22998369312981,2.89072452746784,1.2109169355448,0.365338150030334,-191.356824054185
916,2.32200071765246,3.45609922828605,2.26840918547255,0.449776869817037,-189.953130558042
917,2.20613831319051,3.4708837889267,0.941665261355626,1.01100384010035,-190.216852481819
918,0.900900734496728,3.70702329502831,1.29294262939118,0.869500014549453,-189.537608750798
919,1.02230151648752,2.61405695979911,1.81375704934806,0.736086656190787,-189.640336517119
920,1.69405030102679,3.15650440548043,1.04134878970241,0.88720078700967,-189.584697944349
921,1.67158601112466,3.56143712490293,1.4209731674057,1.38265269137733,-190.574688528379
922,1.04143548785511,4.65070163277405,1.63943898270396,0.882982032429674,-189.620242885836
923,0.817560910068335,4.58989132433626,1.66004578509504,0.720111714499318,-189.718273500395
924,1.34813637722398,4.01330782431605,1.14520018776905,0.565858381999838,-190.087194110558
925,1.65713813766151,4.8957297301894,2.0011829530422,0.930880002250888,-190.431849374526
926,2.80893452143982,2.8335096703885,1.46451740400608,1.22358686647621,-191.306727201933
927,0.618476289480971,5.57634034548382,1.34741163524542,0.813209896751316,-190.553075534066
928,0.788767421541782,5.19432743414629,1.84544854323122,0.759418199448767,-190.110355169844
929,1.43694582935704,2.3607447594916,1.84895905964513,0.774362450420779,-189.818387345144
930,1.26231166653379,3.25046354863322,1.37540985936261,0.655617827455623,-189.089873970827
931,1.20509382016563,6.66236649482041,1.79176102498508,1.01074170767051,-191.938517318107
932,0.230067472889861,5.49481730796858,2.1744871076661,0.602074722770282,-192.114191768606
933,0.83722043973057,4.82144153053402,1.25504691805679,0.77059748350797,-190.067971114799
934,1.46728952988341,5.89147959352001,1.69869776728362,0.743772537796209,-190.822248605823
935,0.993589875251763,2.88837045366405,1.74995627330415,0.781206205568828,-189.340398681032
936,2.13053040994402,3.61200258769556,1.80936574310044,0.8879117852427,-189.445834837091
937,2.30162262521794,4.86370285629588,1.37176839189116,1.33214813779615,-191.73557202193
938,1.84267872107011,5.41266119090202,1.18259571838636,0.977957033880136,-190.965963224529
939,1.56402328064104,2.10964062024201,1.46547011608702,0.978552199656885,-190.702076871723
940,1.39614013598578,5.18066476803566,1.58301168653626,0.68443009263041,-190.032045009115
941,0.710253628131917,3.45904793712604,1.0525618160281,0.89854917445675,-190.487296331401
942,3.22012921930265,2.64691578951958,0.713153956741371,1.06541309234583,-192.092181850364
943,0.914305270369842,6.26849036134141,1.58181361128758,0.437690117944865,-192.050830857324
944,2.31488045803408,3.75966619496527,1.63777301480244,0.583819755378614,-189.282254206551
945,1.72178048906053,3.61467043046979,2.04338631216619,0.749338557821597,-189.145768957395
946,3.47647461351144,3.06775258279812,0.879251234663607,1.22610028458918,-192.000072641017
947,0.503758826861534,3.77089775265234,0.806018036299069,1.28171097781099,-192.148886969959
948,0.35320746514434,6.39301918125751,1.75208915301846,1.18373002359234,-192.081458812982
949,0.470253658829723,6.92411362477618,0.673531652635579,1.0802171113388,-193.31248963221
950,1.59938659730191,7.93923887475433,0.845371290608754,1.11450603505283,-194.159591788836
951,1.53696089409987,2.09442639518569,1.13668997938324,1.26856953281327,-191.843990567184
952,2.47253788291512,2.04627589756078,0.799942156798651,0.880392039573308,-192.341931148765
953,2.26418317231385,4.18261359506673,2.39653911339909,0.377741345555472,-190.795473699852
954,0.357879565586106,5.67741992921024,1.29361194549918,1.20522005945028,-191.471388344225
955,1.03610117922048,5.9121274556072,1.30659704460621,1.6531288287508,-192.761615898039
956,1.04219092826802,7.33869909369773,0.860978044892605,0.857227602405352,-193.407311398422
957,1.33054984387619,2.38511395841292,2.09067502813129,0.684351464963445,-190.060280109764
958,1.45888212536139,2.87896022424489,2.12379943355633,1.2444121690904,-191.026289334029
959,1.17179579349981,4.38630365711092,1.19950896487286,0.968006083186806,-189.772580807732
960,0.997894234131395,6.35412978232294,2.2544594473177,1.16277717651071,-192.600076394341
961,1.93267129451136,2.56813377413219,2.45767629551416,0.576569880144187,-190.461999712039
962,2.10607927451941,2.21070379709145,2.41973085547512,0.598889650091289,-191.280612541947
963,1.57425626098864,4.16153553754796,2.77815455744146,1.04877018122922,-192.033546491357
964,0.925862425093407,4.55160859853734,0.949176995652826,0.598973582285153,-191.366143590085
965,2.12983053651904,3.65554512103793,1.60166693908265,0.272757512303698,-190.916485862357
966,4.63568337200476,3.88809329828021,1.70073428311023,0.795420895349596,-192.629138503768
967,4.3883711956789,2.92833895792958,1.16446179683609,1.86814107571308,-195.987011012686
968,3.4423521527402,2.40982211099711,0.362023262367259,1.43617783708077,-194.43191781674
969,3.8363381159339,3.03362801925053,0.557728081380054,1.1868426628639,-192.889542613174
970,3.19301521387012,3.12131898742981,0.54253590047099,0.848761026421011,-192.582136172805
971,2.8691321341945,2.48312747976623,2.62148835356263,0.740256677562597,-192.309131565576
972,2.30507799989266,2.74961923514374,1.93445129575231,0.62070936577606,-189.579600328793
973,2.56717924719321,2.77877161358364,1.80760501798836,0.67374284467004,-189.729730448955
974,0.932822530751885,3.07246352379815,2.16678995623847,0.745443651810465,-189.777103587519
975,1.5698725386875,3.86313705236325,2.0276111979842,1.61969267929862,-192.588861733356
976,1.06788643904759,4.30740322658466,1.75285415861451,1.99887952192998,-193.824454557756
977,1.09830054966586,5.18805241139279,1.36756948288073,1.24087159409791,-190.766375674474
978,1.10939748834241,3.31858180521914,1.07161457859454,0.782540236655745,-189.778555588472
979,1.56335549842761,2.97187095915825,1.38293607695502,0.777768982254859,-188.93871654863
980,1.7040922139216,4.25852520938889,1.49464627606434,0.447116717609536,-189.961135947049
981,3.87213632699249,1.70159077702948,1.61951373176965,0.493044915814042,-192.393208645048
982,4.91370023765748,2.72043164412417,1.77257963884007,0.665239835113557,-192.415125817983
983,2.61500936998925,5.27842354739185,1.2930221726125,0.715122530962492,-191.251451902024
984,2.11540425518466,2.29654635011318,1.92011173753384,0.537894375882887,-190.234499637505
985,2.3377249494282,5.7028657534356,2.16129126003852,0.708151301117226,-191.868217997363
986,2.30041236084036,3.26795522778205,2.2239313416204,0.68259940354743,-189.774458552006
987,2.50903035256605,3.43202658582388,1.7943987922764,0.709692602629149,-189.438717079192
988,0.788856743612475,4.86896890125147,1.70438699384696,0.422825763119692,-191.054988200132
989,3.10693348293301,3.25750159800894,1.29190745723909,0.885853786159909,-190.355538287815
990,2.78662537389597,3.46157866183578,2.01708786732062,1.31594959727211,-192.402344030277
991,4.06397668941765,3.16445463898501,1.77755398131418,1.32108869938214,-193.892885656132
992,3.87591852255285,4.482014462146,0.221662299000804,1.2094272466454,-193.656339331049
993,2.01442515159145,5.94980173806357,1.24704263269768,1.47076602699165,-193.006483592864
994,3.78087187853776,6.36326191147487,0.430060184215394,1.30149918328901,-195.059282888308
995,3.53723279864482,1.57914417694952,0.259954815977984,1.51154907024396,-197.096736453846
996,3.96318842273161,2.55830618172581,1.98767821628955,0.817287407311664,-192.230033914585
997,0.364211156137131,3.26612092548419,1.45156764918049,1.27601146942494,-191.702726522766
998,1.50247009419328,2.48718637438818,2.08253720033956,0.210527890478498,-192.66059158666
999,1.78388448566621,1.95819859580464,2.03970305508976,0.42852825426986,-191.697247351288
1000,2.12052739201243,1.80343421759411,1.83577304546763,0.527059155706877,-191.815409408473
