"i","asc1","desc1","pol1","p"
1,13.1505804741571,25.1318177303765,0.744329081206165,-5208.25860197487
2,17.9916153081974,11.7097737335134,2.86165919417642,-4992.70825553413
3,15.711817186773,9.16192556032911,1.62131283456335,-4921.19448850472
4,10.6761492877083,6.65510793577525,1.83675545757512,-4849.80245336824
5,8.02073179020566,3.81503168753068,2.31843873930774,-4796.64554773156
6,4.06162337444742,1.95478531884681,1.77900101596168,-4765.70537471292
7,2.8044279562125,2.16904390606749,1.85650411122173,-4754.12306216138
8,2.90214603462276,2.23434466220158,1.93707714420243,-4753.29061819309
9,2.49332726907936,2.24308229706901,2.12599609143929,-4750.24315185236
10,2.22056210112462,2.41736426254454,1.84555181086498,-4748.29979127069
11,2.11146960201082,2.69723006224911,1.88238517351883,-4747.56327506263
12,2.17227135555227,2.36818760137507,1.89752034345108,-4747.61886708172
13,2.35559799618428,2.62117416799815,2.00663721858453,-4746.34748015282
14,2.54861058065076,2.72105064460192,1.88165719962879,-4747.97208460189
15,2.32637145085718,2.77422044615226,2.01631020849155,-4746.86519714086
16,2.15886318422381,2.70047603979174,1.97463683016288,-4746.54395728002
17,2.38790030573237,2.65781307353924,2.02032108815077,-4746.55595160891
18,2.2750645452712,2.46006177638944,1.90949799515137,-4746.90023153322
19,2.2009284558871,2.78415746980633,1.95780067411802,-4746.9377051276
20,2.04193505502094,2.6825759836656,2.04723190367233,-4747.02648066569
21,2.22984893787676,2.50699133248003,2.01112315053773,-4746.18775472252
22,2.0868963744028,2.45815625486436,2.09251185781044,-4747.02690206472
23,2.16281063983347,2.55635894057026,1.94863457254066,-4746.40546742769
24,1.98114394618329,2.59046534133988,2.02408657961344,-4747.00341017379
25,1.91568158742171,2.40010291985757,1.94434567627316,-4748.1815903485
26,2.25593428266053,2.51579713048934,2.02964853685084,-4746.23780293384
27,2.16495480307125,2.8298645477794,2.035382061052,-4747.41799216822
28,2.42336064236243,2.690163323736,1.92890718371687,-4746.88974898005
29,2.17085094319238,2.79665231852438,1.90284955212361,-4747.54262323657
30,2.11725438091478,2.84276544060703,1.90514204041625,-4748.07880151655
31,2.33948730312793,2.88208925901126,2.01684600553414,-4747.62426148065
32,2.124142788373,2.4956503953424,2.03632476293421,-4746.4041905151
33,2.33322139599371,2.74199388860704,2.08333961147747,-4747.27834229787
34,2.00478606487634,2.3524584816108,2.05148067718044,-4747.5057130099
35,2.37671749658507,2.80748364578844,1.96825684962717,-4747.08123821453
36,2.19997813400234,2.39233990753703,2.00721677027071,-4746.5604563833
37,2.14973260465491,2.62108227626379,2.06479981314047,-4746.58182557413
38,2.10670757258054,2.54549712774304,1.96579096118525,-4746.44752825515
39,2.13549386342609,2.92131138539834,1.86236996761387,-4749.37081715093
40,2.16067652409518,2.39666722871324,2.04112218414376,-4746.66467441986
41,2.05830635508469,2.71705940685195,1.95317937102203,-4747.11407293291
42,2.6844095838408,3.0605824371426,1.90778084901121,-4750.57962980698
43,2.53437446585512,3.10729034867382,1.91163675916341,-4750.39919622201
44,2.42681245881956,2.58553697977459,1.95493104654673,-4746.59634655069
45,2.03863167859506,2.35456146782508,2.0480741571759,-4747.29919045584
46,2.38054005883132,2.35762458265072,1.91641906994704,-4747.55716062627
47,2.10558270185684,2.76649321097193,1.99830218173772,-4747.03612249555
48,2.60931465771133,2.6403120795103,1.97767037147825,-4747.55603496725
49,2.29998011906715,2.73777890095136,1.97241471772251,-4746.60392259478
50,2.39140852157402,2.56898346968575,1.92668802333714,-4746.68174224323
51,2.10307939879799,2.58577141926527,1.92179070635475,-4746.83236576136
52,2.06989832012082,2.63810130131823,1.8959841440782,-4747.38231006422
53,2.41231382476799,2.62550688411501,2.0585099657882,-4746.84461749453
54,2.30314304488525,2.58007423293238,1.93936124824788,-4746.40728717277
55,2.14196077566408,2.50243810947786,2.10959877625347,-4747.04143656519
56,2.25721686031292,2.63031191507498,1.94965598515475,-4746.35439941538
57,2.2343688835455,2.3911326752338,1.96019341123544,-4746.698688632
58,2.17734931237307,2.70872247743564,1.94698640041574,-4746.66375875779
59,2.279790750614,2.68695369025836,1.96795270311199,-4746.40954140213
60,1.91817234377619,2.2423681927673,2.10923852210416,-4749.52108861276
61,2.17765839966961,2.58388201915627,2.01330962651418,-4746.20677207277
62,2.51939285347254,2.63530886475896,2.02933484421156,-4747.14654625895
63,2.5197907819973,2.47915087686819,2.0619120018357,-4747.60116669807
64,2.56133241948673,2.61059171496858,2.08475970262847,-4747.98193222141
65,2.57008243122242,2.47992666735455,1.90079011894359,-4748.01022204856
66,2.11749276731268,2.55004825973093,1.9521196757247,-4746.49837193836
67,2.10471391282645,2.40564817114874,1.96040221315432,-4746.85291595626
68,2.37537241634582,2.78323355732577,2.07300164109381,-4747.47884629426
69,2.5515108241294,2.51071849694567,1.87347754930432,-4748.15501107246
70,2.10798836459708,2.53622099442894,1.93337536401829,-4746.70376928754
71,2.30159521357101,2.60946172783067,1.91735203365627,-4746.62280204258
72,2.26739187047762,2.32009296905492,1.92851293656807,-4747.47078448476
73,2.25773054499124,2.83361315931537,2.13260012247431,-4748.55583974578
74,2.29144182822612,2.47535084275872,1.92161201046198,-4746.71175509669
75,2.37783598781508,2.82850360725418,2.01387595809445,-4747.28140412763
76,2.19607302870546,2.32617139159114,2.06289418058251,-4747.1996689844
77,2.36414489454162,2.1628123381582,1.95038234730792,-4749.40172605044
78,2.57341779141259,3.10658356705092,1.99551944453413,-4750.42053416907
79,2.39009245416653,2.20174476964182,1.92532555818838,-4749.16716454225
80,2.08190584329796,2.29095319815694,2.06946849846103,-4747.72305298827
81,2.07001819272268,2.79258983476992,2.05119765619569,-4747.59971188594
82,2.04648241863328,2.37563030921828,2.06302739120604,-4747.22945235848
83,2.29236883529534,2.72889463847477,1.99063539397874,-4746.54362888464
84,2.23386841108526,2.16070558421287,2.09514809982316,-4749.37219023605
85,2.09429285726014,2.85495872490726,1.99936506420257,-4747.79890940815
86,2.3838619448195,2.26085793085083,1.89814268204267,-4748.73119327986
87,1.98449155570854,2.27563044044728,2.01298485794135,-4748.14978630779
88,2.38002486612132,2.52072941922261,1.98924526638745,-4746.39504210394
89,2.28761005322709,2.68265334901516,1.98397681727181,-4746.36867959423
90,2.18732132135098,2.7676388697249,2.02696669806806,-4746.88006949136
91,2.31146932720346,2.3579760919341,1.99298235231207,-4746.86422696589
92,2.17767728920953,2.61860768976781,1.85259979848821,-4747.74421065316
93,2.33050143059816,2.60555664417493,1.92996462124097,-4746.5291603647
94,2.10985247758168,2.7144843744311,2.09087810174414,-4747.30435748245
95,2.16410297659121,2.4908489135,2.06351929189857,-4746.50789298481
96,2.11569381124235,2.48961721960446,1.95071018519099,-4746.59609627864
97,2.32870476732689,2.761519048307,2.07294668886472,-4747.24601369247
98,2.15343794382836,2.61523481173432,1.8628681409232,-4747.59618817288
99,2.24083373669842,2.63658019335421,1.9043987499535,-4746.79717403063
100,2.29430972025329,2.65520232951075,1.76339631704464,-4750.09403489456
101,2.16162547335318,2.61863323715044,2.03573111274627,-4746.35657575245
102,2.23681838970064,2.47545186075842,2.0581893987709,-4746.46714472456
103,2.38400681900065,2.38627893810968,2.0079638746417,-4746.92606667117
104,2.59065262092278,2.75038121152386,1.96551277806096,-4747.68240752226
105,2.38742968830745,2.68911860301807,2.02534776391519,-4746.66959085297
106,2.14608479821588,2.67591404408282,1.87328900617862,-4747.52176478285
107,2.08898639301303,2.68947570948085,1.85587015549253,-4748.13337293318
108,2.51043223703973,2.78417962045864,1.90143812917141,-4747.78510950016
109,2.53729663038306,2.83712175736975,2.0581410662162,-4748.29899402949
110,2.3088740766389,2.59762679613476,2.06002018757679,-4746.51545167544
111,2.4546458740798,2.63233535370621,1.95245991415374,-4746.74292910504
112,2.09572050844307,2.35283520824107,1.92949984854354,-4747.49109495618
113,2.50664101106102,2.51404812995514,2.06025692381232,-4747.38724697633
114,1.83921755368809,2.45024323019653,2.01655755607149,-4748.35289782868
115,2.00235357049767,2.48316218050651,1.95139359236491,-4747.13355893836
116,2.083470685714,2.42309997601889,1.93059323385579,-4747.13403133389
117,2.30961294266877,2.66295848552592,1.84248202813079,-4747.88726375659
118,2.41130567451517,2.81895566124923,2.13468866965024,-4748.80477761759
119,2.05052177555251,2.67189846476095,1.91449037200993,-4747.32653746921
120,2.48818334139275,2.58901733681114,1.82075380773505,-4748.75396892248
121,2.4950379300243,2.7731262157392,1.94880034764329,-4747.33122989902
122,2.05089773014035,2.78643753618935,1.99219088222281,-4747.46502254267
123,1.9957763792914,2.62802588626595,1.96995779582133,-4747.06530613154
124,2.36473940538941,2.54950666433708,1.97350893052604,-4746.34493254207
125,2.5055302425721,2.54077291494743,2.01460785881111,-4746.99292599516
126,2.22619500942205,2.75729837670499,2.03789691260271,-4746.83686721146
127,2.22289432421935,2.37240718954751,1.88462789864011,-4747.73759500264
128,2.41822616878184,3.15562292325819,2.17992759441436,-4753.52081658988
129,2.52660308039407,2.43203740890646,1.9408830042597,-4747.58987096049
130,2.40199244703758,2.44380699072542,2.04517579420565,-4746.88447486023
131,2.08738197927955,2.61020199553048,1.90266684354462,-4747.15926908261
132,2.24589650734919,2.76682421326576,2.02230854230521,-4746.79847976044
133,1.97650152310791,2.39415019349134,2.17105618907615,-4749.01397340977
134,2.00347298287031,2.48574072361758,2.16832879062037,-4748.53968504097
135,1.97581482325857,2.57038012939583,2.2144473002065,-4749.79376760669
136,1.85686852104105,2.58912025382827,1.88644340916127,-4749.31842064507
137,2.1284828192655,2.58006289452399,2.07711464564837,-4746.6701438045
138,2.08688417632207,2.44738368434852,1.92090091772492,-4747.13870664412
139,2.07839475056231,2.48885179076041,1.90989824427401,-4747.19097269248
140,2.01419782720602,2.428941089479,1.92629397161174,-4747.51312202759
141,2.04405648646041,2.59744511340347,1.96367156215812,-4746.74539232025
142,2.20218428702189,2.49788703448673,2.00037913790612,-4746.20662674374
143,2.11304833444876,2.57884000448489,1.88766443797095,-4747.27120939316
144,2.14302069817779,2.64079199733725,1.96858474028004,-4746.41607569217
145,2.13373765496647,2.36199132355443,1.985948693917,-4746.86758509662
146,2.51061486645871,2.41671855680226,2.00015631342508,-4747.43837462113
147,2.23629891725954,2.72253640305994,1.97069401539297,-4746.53371526938
148,2.48903512684246,2.59657598596523,1.96215970173038,-4746.8345120469
149,2.08850970291151,2.65266689246046,2.21043067710148,-4749.43754248991
150,2.24919424895821,2.53141608082461,2.16415958367189,-4748.00857103266
151,2.19043018706766,2.37951187736126,1.83970621301425,-4748.71925905575
152,2.07988918849355,2.75836623931824,1.94297207894566,-4747.29748821798
153,2.58947107739655,2.76563024730953,1.86757475696293,-4748.51942578301
154,2.10334637659683,2.47316663154001,1.88326117346206,-4747.56705378087
155,2.19228315117771,2.79817382945279,2.03754834727473,-4747.13114900271
156,2.26786156903955,2.94166972114397,1.94259112773159,-4748.16507785139
157,2.10524173590357,2.4518838284879,2.00111870947016,-4746.50167577595
158,2.31782909265698,2.56395118401935,1.97233400158306,-4746.24568193319
159,2.11856881987282,2.60872053971734,2.08250105944975,-4746.79459593426
160,2.37076199373209,2.32715946781059,1.9662818463764,-4747.35770230633
161,2.18007152529399,2.57656998741982,2.05112479159263,-4746.36368467809
162,2.12362905934507,2.4801541876102,2.01027980140426,-4746.37235076828
163,2.71072843757512,2.62073307402737,2.11311162448556,-4749.78454174619
164,2.78809404125823,2.65048069781164,1.83671404681892,-4750.28069867338
165,2.67351878254627,2.54049243145759,1.94014559064007,-4748.26507182731
166,2.3371431225161,2.51196535239609,1.89617607951461,-4746.99867227311
167,2.19775071701044,2.73688435070829,1.99537337594031,-4746.61005846469
168,2.51381739795217,2.74357549222799,1.91583742967373,-4747.49979713606
169,2.41980677571157,2.6702424105039,1.92908352535987,-4746.83029345112
170,2.04551051309883,2.45547579697054,1.95785447940384,-4746.91848410604
171,2.41219420405605,2.44356477449369,2.01322428535548,-4746.76633706795
172,1.92436938160829,2.66670693603871,2.00015799568415,-4747.71292111999
173,2.14117637248993,2.85547696837134,1.99277015293398,-4747.5769112094
174,2.45096593915545,2.39022503784767,1.98698270001829,-4747.2171625641
175,2.46301614848957,2.4758367181374,2.05315077012702,-4747.15209589514
176,1.99709654087803,2.42881077589377,1.95501475284731,-4747.31582258843
177,2.04070846615657,2.60962074823587,2.01317854772527,-4746.66773174784
178,2.37184371673989,2.74851411140327,1.95255312059329,-4746.81783551175
179,2.13527981237953,2.33502111143236,1.9239335497433,-4747.55171658202
180,2.17618899716188,2.36496022275452,2.1094614008499,-4747.46695745885
181,2.26414187778901,2.49815770102401,2.00054791103326,-4746.20438834241
182,2.42293068338368,2.66819100045552,1.97404165931473,-4746.62494224548
183,2.45008474349823,2.4621721388116,1.94072766323525,-4747.0132244238
184,1.97247491926716,2.70421162159771,2.00274798190732,-4747.47579087672
185,2.39476822024042,2.52512985519722,1.9697324173576,-4746.47121071898
186,2.34428026856599,2.83696507528101,1.9344193361285,-4747.34600086271
187,2.61856706646015,2.48741789525336,2.14963607010942,-4749.91997617629
188,2.22288151360792,2.54793860265015,1.98848829140865,-4746.1553310807
189,2.46053876003999,2.54203374651222,2.1088476877378,-4747.70825489014
190,2.46124404457215,2.36881266755938,1.90198049663661,-4748.0037159783
191,2.54052552102266,2.89585990610487,1.90844366130023,-4748.47553615508
192,1.89562388193855,2.2409541549388,2.13495758707474,-4750.08166034741
193,2.13259405024411,2.42254361838527,2.09228190240289,-4747.02419545557
194,2.25353964211882,2.63303755738266,1.92924944732589,-4746.51549334538
195,2.42085144558766,2.40033524177667,2.12492157484061,-4748.2250105443
196,2.06797704816088,2.55764315600205,2.13075064279966,-4747.53723347354
197,2.26926728095614,2.55987846929712,2.14231519030144,-4747.58810642485
198,2.13804847015765,2.58257278840306,1.77187665959441,-4750.11976470007
199,2.37062600780975,2.79473649005654,2.01920021872588,-4747.07911182393
200,2.14867945261996,2.63292661448111,1.99893833266192,-4746.32100586537
201,2.39789555095833,2.83159018167397,2.02767956345471,-4747.4280064442
202,2.09251012001658,2.49585138446385,1.9900908000254,-4746.45537065635
203,2.09814676750431,2.49565989630313,2.01076386262278,-4746.41680256427
204,2.28296659037931,2.54725706091735,2.06703469249035,-4746.50843933058
205,2.394679123747,2.67535395920019,2.13272253776594,-4747.97622670776
206,2.48551604312549,2.61046852293612,1.70715300532683,-4752.59866054781
207,2.38429544994823,2.5306448416718,1.88597053396537,-4747.20812787921
208,2.43333591812506,2.61581432299547,1.95440417331036,-4746.63604666297
209,2.09652921954975,2.79525865288882,1.97374333342008,-4747.30629059417
210,2.40350199506935,2.95092476912148,1.97411051729911,-4748.21092145672
211,2.34611418091078,2.71772379133224,1.83913748847517,-4748.10184842218
212,2.35160006766591,2.80953673420779,1.76512250743072,-4750.46899371761
213,2.37875334692975,2.45559453948706,1.8606960468107,-4747.87178697796
214,2.35508802144644,2.65524041334472,1.87044640862801,-4747.38374139096
215,2.21497071800255,2.21155067155222,1.89429838826738,-4749.08919297423
216,2.55641609533192,2.43406981038014,2.00560339411522,-4747.6925653621
217,2.08713917327546,2.59658613752163,2.02093628354376,-4746.45752539872
218,2.15410979916775,2.47603543441448,1.97040304746964,-4746.39975108068
219,2.36277996146958,2.49958494745675,1.8919251841031,-4747.13768333899
220,2.19668868857335,2.44251432537637,1.90028571791877,-4747.14303353436
221,2.43215527993862,2.68761270970642,1.99035457684546,-4746.70360809264
222,2.18758911895687,2.49802957320503,2.00919944932572,-4746.22199033412
223,2.05082083284045,2.63441147783976,2.16516215982734,-4748.40720945579
224,1.88535858162619,2.39512196358314,1.87703588468682,-4749.58574057285
225,2.09922160029351,2.58596911944873,2.05324714118835,-4746.55108195938
226,2.07305803040914,2.45623543590197,2.03581215963997,-4746.64565934269
227,2.02798146912436,2.46870655178458,1.9902914719741,-4746.79730751757
228,2.22491644154842,2.40477170823668,1.9434589223136,-4746.75900072399
229,1.99847811784288,3.14304659893331,1.8671708176234,-4754.07408006223
230,1.87760856103277,3.1624585683252,2.0607105581703,-4755.59717933197
231,2.43950049400455,2.44850181087658,1.94823337009975,-4746.97168677053
232,2.45200546326241,2.59301032602235,1.95183486338459,-4746.70894044086
233,1.93644422385921,2.58770993011178,2.10425018189024,-4747.91955125089
234,1.8346544697423,2.34501859685759,1.97278645758614,-4749.11032296982
235,2.09740844625127,2.4925248060668,1.96023280998306,-4746.58104452279
236,2.14513113140208,2.56894731490123,1.9375456863607,-4746.53552017898
237,2.13525324193311,2.61763194408087,1.96342555995909,-4746.41559837314
238,2.17450805143486,2.41683925142718,2.00429609864068,-4746.47216760575
239,2.23801753848325,2.56703007537146,1.94416628292811,-4746.34863906574
240,2.23720236292452,2.36302578761559,2.03728551243597,-4746.80065499579
241,1.97526034440257,2.42970501338448,2.04672401573674,-4747.27463783528
242,2.42987128664849,2.96323447559963,2.06931757208853,-4749.00527945344
243,2.13896242891724,2.65123728524896,2.13706772024936,-4747.66323849577
244,2.1933271243638,2.45068674330143,2.12036034579468,-4747.26267840242
245,2.1648303010902,2.53505179624628,1.93481570443413,-4746.53464039015
246,2.11620845891779,2.15005803714493,1.91925181735582,-4749.72356787888
247,2.26794794428603,2.56647928668355,1.96949098265274,-4746.20535127569
248,2.27504284390136,2.57630307209222,1.99146799319487,-4746.16262510845
249,2.06813283618424,2.63777756129091,2.06021639211167,-4746.82327563797
250,2.53957325542526,2.39435409804417,1.91147246114996,-4748.17451006133
251,2.41030100380251,2.77365332394875,1.94607520961414,-4747.05343285271
252,2.22520495621668,2.65599378752558,1.88173447491102,-4747.16692518117
253,2.13742916475474,2.60989096170362,1.99246736912493,-4746.30711758069
254,2.22229190716945,2.7173694660056,1.91313581711581,-4746.91655685114
255,2.1893614777929,2.60125696837041,1.93828326171119,-4746.45249358133
256,2.48766075766784,2.41958945958014,1.8882279724548,-4747.9907890606
257,2.07293854657845,2.26512100446109,2.06564934205712,-4747.95685337768
258,2.54844495727965,2.82855894512907,1.96989535511548,-4747.81588567768
259,2.64287575850548,2.44703150636927,2.00639770643219,-4748.37637469284
260,2.2685751945647,2.58554315779768,1.89957497964978,-4746.81876379741
261,2.09037273477593,2.3115339498356,1.9309063060418,-4747.80415523702
262,2.05820072053761,2.6288733055958,2.08708604117521,-4747.0925629321
263,2.26147292468527,2.64698703839941,1.9864429574892,-4746.25546351537
264,2.39947580535861,2.77484435841007,2.05546891806499,-4747.31204388649
265,2.12396170561167,2.41263881136229,2.05614914056888,-4746.74822515398
266,2.04984980345668,2.78734530679799,2.08636209542889,-4748.0005903289
267,2.29211483861724,2.52482401285237,1.91912840434996,-4746.62924776249
268,1.84732039634468,2.40509164570915,1.93002431232358,-4749.03426523612
269,2.00441371475676,2.72429071599048,2.15346327427274,-4748.84997888573
270,2.3661393084967,2.4869320220257,1.82982588211383,-4748.41542795933
271,2.05023768116601,2.70962443714392,2.08961121430177,-4747.50089148478
272,2.38279318218932,2.76369310053427,2.02790504290103,-4746.98624048935
273,2.32994281305813,2.37400386373424,2.1247776359444,-4747.92413275901
274,1.77084025126763,2.45566991897908,1.91822126106551,-4750.03440163421
275,2.34468453531966,2.61077674659577,1.83064470951288,-4748.14797873634
276,2.35898201159083,2.72733778548104,1.85886848772921,-4747.75578324744
277,2.15905584200167,2.39163345312435,1.94850793188583,-4746.86752700192
278,2.07763355015845,2.58039573251946,1.85510327560972,-4748.04263716083
279,2.37788753419978,2.77142430757319,1.89420008949149,-4747.4135898845
280,2.2239122788843,2.40661456802588,2.03416876393913,-4746.54773798338
281,2.26787567848124,2.62974406535058,1.90364966254293,-4746.78989962724
282,2.15846655179531,2.53904784499311,1.92345608460329,-4746.66335366625
283,2.45296747062688,2.44002921721542,2.01350003840018,-4746.9895745858
284,2.51846599357535,2.43347309581579,1.97554956082307,-4747.39033872133
285,2.52235965041158,2.397007748646,1.89929751583278,-4748.18642094964
286,2.46326332941366,2.34222752287838,1.90335570831686,-4748.21341102031
287,2.50920880047168,2.50867059001553,1.96308657267965,-4747.05432259277
288,2.43053517021734,2.79129751538679,1.95106777122682,-4747.17732363869
289,2.39487067543679,3.02252977988176,2.02365316351506,-4749.10867166762
290,2.32114100267775,2.2365766846389,2.07318848579949,-4748.39967000602
291,2.38384029895476,2.28812993955703,2.02508519817974,-4747.77299109431
292,2.43962925284752,2.35090924989614,1.95874788098263,-4747.51637675448
293,2.60156990036951,2.54261645469065,1.93036055712245,-4747.73980507577
294,1.94911163122045,2.75745603027004,1.93194086048449,-4748.40841832993
295,1.91044281454798,2.64719547661203,1.99429473816843,-4747.773375042
296,1.97620569620322,2.6533434960085,1.94983937282662,-4747.42107484176
297,2.41447084428783,2.82440997337949,2.00867498798346,-4747.32801523156
298,2.18127476422552,2.76047380924251,1.88362186584738,-4747.57026816387
299,2.43775657772522,2.62957487654899,1.92461290537451,-4746.86139894689
300,2.25050561539953,2.56213864888165,1.91573329443618,-4746.62102746378
301,2.47322667497334,2.62165899520267,1.94691814912058,-4746.83667721313
302,2.60794857880225,2.62128568801481,1.96213421377122,-4747.5523360729
303,2.53950759913887,2.54904884900594,1.99140495009321,-4747.12937874665
304,2.46421244187396,2.49713187790172,1.92773519044189,-4747.06043401197
305,2.28900983986482,2.66415669457526,2.05095281331536,-4746.55069607694
306,2.14313523530212,2.86782912929767,2.1340125811288,-4749.03943508331
307,2.32642827829289,2.65152501008698,1.8210982201157,-4748.37971050508
308,2.42810979177187,2.58962220127643,1.78183486410434,-4749.65281056891
309,2.25409817992653,2.67753049288777,1.90490613605895,-4746.86349779486
310,2.02111289205596,2.59400949114834,1.96314983473346,-4746.87231998121
311,2.16687759741203,2.5914945889023,2.03989161672652,-4746.32595821188
312,2.28382134275755,2.40969772892801,2.04708221717073,-4746.66370302246
313,2.22656505672506,2.35180226510615,1.95564968227424,-4746.96998196763
314,2.29928265262907,2.63652293646932,2.04338749253534,-4746.43507318271
315,2.04787955160765,2.64069774707072,2.02282417329293,-4746.72915202537
316,2.5020479693315,2.55527450118308,1.91955076905084,-4747.19100939352
317,2.2389586410257,2.3267583436994,2.03595815544095,-4747.04513611944
318,2.19656202310717,2.6293588501597,1.95604269826962,-4746.35242831495
319,2.26058759534112,2.54452044534131,2.05292414037036,-4746.3607990696
320,2.32744929978273,2.37084291054502,1.9655408177198,-4746.89776036418
321,2.15860354061754,2.41366782556351,2.04109248421928,-4746.59177025607
322,2.24732405296111,3.00548570696901,2.06714092769847,-4749.33250016396
323,2.53248227666648,2.68007017253603,2.07579368524481,-4747.76961688593
324,2.3443066535707,2.51198178402838,2.00662614067964,-4746.31686609505
325,2.17401549909078,2.41883757109623,2.02922730555706,-4746.50192229514
326,2.04145391789851,2.73158282874596,2.04673376877687,-4747.29177949352
327,2.49333249653344,2.48010324495358,1.87732549950817,-4747.88889864085
328,2.22105504098934,2.72935986094621,1.82404808763658,-4748.52739415803
329,2.43540561983808,2.58004925785559,1.99806709933614,-4746.56044405391
330,2.54975007886513,2.57414612452761,1.96729817095838,-4747.17136314342
331,2.00693254824978,2.31753560900018,2.09107450951911,-4748.04054542012
332,2.06338241619559,2.8333168385949,1.92752721921731,-4748.0865474762
333,2.22177980018349,2.56324759587723,1.91866351843326,-4746.60226597305
334,2.33406488230523,2.600589300935,1.9213836980197,-4746.61239990459
335,2.37069021847737,2.72591430170242,2.07183216882027,-4747.15545861232
336,2.42026205974579,2.22682767582838,1.89099511571317,-4749.42858499378
337,2.11518271902368,2.3280968816838,2.14120474520021,-4748.27770755012
338,2.18398061293249,2.59324355324532,1.8308499192611,-4748.22426322374
339,2.72176013408893,2.92083837492391,1.88633370998091,-4749.85816641463
340,2.08194706820903,2.48047975050389,2.09251250672619,-4746.99315523393
341,2.21445823265476,2.32835013961985,1.99004329428705,-4746.97426582318
342,2.22579066770684,2.4161606014949,1.9996142089394,-4746.44100632512
343,2.39432866162222,2.4409893634129,2.0651445977631,-4747.03495751791
344,2.26242824296435,2.59907898276145,1.87458571487876,-4747.2091392723
345,1.93037897978877,2.43508664045515,2.12684991251375,-4748.35963064912
346,2.25803457551603,2.52553150958414,1.9897341443568,-4746.16908719093
347,2.12305557647344,2.47620063473313,1.9928950596943,-4746.39543444651
348,2.47747086909223,2.69157007162302,2.03358432551543,-4747.07735922126
349,2.25941459745024,2.53481857797305,1.85987012734334,-4747.54044868692
350,2.20034573705669,2.42427079126256,2.00791673502197,-4746.41610473209
351,2.30359642120072,2.61850723178701,1.9725452841413,-4746.26055503562
352,2.05249361000949,2.63323037055914,2.06668269322376,-4746.92914275119
353,2.27294246066355,2.86621706126851,1.82740605676639,-4749.10305796472
354,2.23671489424066,2.41469756336545,1.98696206674087,-4746.46621325151
355,1.92788039013737,2.4721834881663,1.93318798674105,-4747.90792724173
356,2.53984293999144,2.3693530991174,1.94888719948146,-4748.06463197192
357,2.25711480968214,2.67867184089401,2.00371181365674,-4746.3470437853
358,2.08921160948988,2.31398130728767,2.01746002683988,-4747.28906544214
359,2.38223154870387,2.47917550285526,2.03635075738686,-4746.62188544219
360,2.16000678045269,2.55323715153011,1.96534425077477,-4746.30611158421
361,2.20063048170094,2.37690470816575,2.04886825164848,-4746.77440826916
362,2.25941612883245,2.31456954665321,2.04580346812562,-4747.21885892956
363,2.05301417027791,2.87544025019582,2.00635827637047,-4748.27590511586
364,2.34718195530175,2.49625599342238,1.97684441640513,-4746.36715132265
365,1.8926795087248,2.45535071361649,1.96570598727274,-4747.97019459939
366,1.97958601237795,2.51426539597872,2.00603142107231,-4746.97216608273
367,2.24389617535806,2.49883962450388,2.06013771622035,-4746.44349953981
368,2.1765079654257,2.28377712754537,2.00742978398253,-4747.34404227385
369,2.00133366112082,2.56958582884636,1.98082774565534,-4746.88172479621
370,2.32252864253369,2.54704482866611,1.91070292666544,-4746.72932305021
371,2.27007579386269,2.43843223072895,2.10065273303122,-4747.07165089002
372,2.24536587376181,2.62754894955421,2.21264920873457,-4749.32930465908
373,2.17741960974476,2.50177175869116,2.0688732183657,-4746.52380903598
374,2.29553057125836,2.43873109509596,1.86830238123679,-4747.67220990785
375,1.96822301131663,2.72495312550464,2.16076788923183,-4749.25012061308
376,2.11220092860784,2.49279484456436,2.15835288850063,-4747.95092436411
377,2.27532386683285,2.3356497135956,2.02069446289384,-4746.97199904004
378,2.19377330361292,2.34922124068924,2.06717282774817,-4747.07585888274
379,2.07412475298368,2.69078562291619,1.92901471513156,-4747.10630707589
380,2.14223479449468,2.43992990678759,2.024990791659,-4746.46273027117
381,2.35095623225035,2.4622255876328,1.97444028923195,-4746.47712421269
382,2.10572225033046,2.35261304712498,2.08637960375194,-4747.3602608241
383,2.165707570345,2.51740257897058,2.00612262898276,-4746.2225020629
384,2.04929309817138,2.51097659546526,1.84801058081175,-4748.44613082348
385,2.55497822800107,2.522767398246,1.93815594591397,-4747.41787814128
386,2.39838571603329,2.49385515714101,2.06657258822779,-4746.89951927899
387,2.43396372397142,2.49659934604107,1.83829212962846,-4748.34898408096
388,2.39819874275375,2.30654599807723,2.12622445784977,-4748.81653192863
389,2.2370092706283,2.4347192287588,2.14735899837529,-4747.81834910106
390,2.32129466980635,2.52537382835889,1.84722836558453,-4747.84157824944
391,2.40479805744992,2.48730017407721,1.91305503864519,-4747.00415622837
392,2.06970623512463,2.54629285251766,2.06850928758522,-4746.73849193896
393,2.18941851602714,2.5674518037036,1.93585253475485,-4746.46235804154
394,2.23059347540366,2.67357756941653,2.00367913664938,-4746.3318445196
395,2.3177229036879,2.55590012159943,2.07023617359498,-4746.60528708558
396,2.29260955902974,2.83129293241351,1.84223182503607,-4748.52334422643
397,2.44543448359,2.51000405228619,1.95794447550927,-4746.74123569162
398,2.13214404800201,2.68629168008539,1.97693127407972,-4746.55443186826
399,2.65487093808269,2.88903536371053,1.92432413753402,-4748.91054637039
400,1.93938310308522,2.59587475804453,2.03856508543897,-4747.37349023095
401,2.38982722058861,2.77381368757067,2.01679634477155,-4746.99865744789
402,2.04084236862107,2.47190077260909,2.00188804941733,-4746.70000313835
403,2.33028927025242,2.6551769199579,2.02377382040609,-4746.4206102835
404,2.16816809143728,2.51740585875515,1.97055220499999,-4746.2935861849
405,2.38439095298617,2.42599067420516,1.99881577883221,-4746.70096861516
406,2.31781638924821,2.48799895707335,2.05548752492445,-4746.53642767616
407,2.1350170539119,2.56165424162437,1.94651174408461,-4746.48646764505
408,2.2095448950476,2.52467054912462,1.99904245872745,-4746.16684392749
409,2.2722559075973,2.50922420672951,1.99666663220277,-4746.19279964371
410,2.55882433970351,2.63216586951977,2.00564857696308,-4747.2630342936
411,2.51800704704174,2.74451729893563,1.97803675414188,-4747.25858225261
412,2.44477110527149,2.67589381961286,2.07032445790998,-4747.22288288893
413,2.02666583063728,2.43593390220736,1.96340809584069,-4747.04625815557
414,2.1982863807337,2.32780017172877,1.89411541028756,-4747.91862839582
415,2.16645726599795,2.38873070842229,2.07081918139818,-4746.89997853299
416,2.14302389222262,2.60328480392852,1.91529124929128,-4746.78870405789
417,2.01283663200279,2.41786541799009,1.93335483308633,-4747.48576051837
418,2.3361467378261,2.75723274377474,1.99558493142342,-4746.73220969222
419,2.29297889753244,2.37719790570651,1.9159329792189,-4747.23049631289
420,2.38186139690689,2.41222455202976,2.01618249671744,-4746.79099861406
421,2.2314931372299,2.64406357556958,1.91212018250154,-4746.72101583466
422,2.33543170659122,2.76297955438871,2.07680346606506,-4747.31284374919
423,1.99946108273973,2.88543975716833,1.90116685405067,-4749.45949169923
424,2.24033810430949,2.59905936186475,2.01507357499278,-4746.18893984346
425,2.1251446542379,2.50129164070164,2.08876503253094,-4746.80537295817
426,2.30261283205388,2.62027643538661,1.91010378714389,-4746.71401880509
427,2.29547763108529,2.67875880180663,1.95361922605633,-4746.45376800591
428,2.2450147723115,2.64656960110768,1.95372928051072,-4746.36131396828
429,2.38240789811005,2.68469177396735,2.05741646345884,-4746.87777144209
430,2.19041583293928,2.61033191811991,1.920595626302,-4746.63017835736
431,2.08185418562786,2.60680762096092,1.85268970230318,-4748.07829517124
432,1.90618000838728,2.48191875287161,2.15802864934453,-4748.97269294926
433,2.18526515278788,2.09741219457068,2.08189396556405,-4750.16636213653
434,2.18897645139627,2.90152199401349,1.83161320187729,-4749.53674957422
435,2.41168423621628,2.70737941956908,1.89992510185166,-4747.18734638926
436,2.25759623801048,2.58954060564578,1.95163579804412,-4746.29894294211
437,2.12105777753086,2.44145421192535,1.96662451976803,-4746.60929753156
438,2.32978286443356,2.46292650627457,1.97511061409724,-4746.42197072911
439,2.41113101353947,2.57278765782267,2.0844417902995,-4747.08337913306
440,2.20157024127014,2.41319290383272,1.91033583390335,-4747.11863371783
441,2.47177492372238,2.94826865023299,1.9849478186145,-4748.3749954506
442,2.58271832728304,2.38819759422279,1.9350545829246,-4748.33438276053
443,2.42025056881409,2.37513670105784,2.04147063777249,-4747.32254056716
444,2.25348955187525,2.77295228613367,1.98306680184783,-4746.75416276372
445,2.10674661309037,2.72096545861504,1.85401026372554,-4748.20012016738
446,2.28371161110278,3.01056802768662,2.05437455601331,-4749.20443996461
447,2.1291710265764,2.30230982932572,1.98750895140642,-4747.30391432582
448,2.13032150006303,2.65916160545622,1.91634009618576,-4746.90548650742
449,2.85390561083508,2.39565435755377,1.95932829045906,-4750.9865563686
450,2.56660274797076,2.61068250434671,1.95670856317508,-4747.28822573467
451,2.08015268793286,2.66423920064911,1.9071304031624,-4747.23737079116
452,2.25999386826487,2.27102717303418,2.09338419367322,-4748.05653271554
453,2.1205611292641,2.20316339761697,2.04324020409251,-4748.36324193384
454,2.28702992325605,2.75694620284118,2.17318697703297,-4748.91845267774
455,2.19340913626696,2.35420574108936,1.92064578236307,-4747.33357614877
456,2.20799707493532,2.90876181785146,1.98394389373257,-4747.85594816054
457,2.17507282713886,2.21300558779795,1.99033291322293,-4748.12612442662
458,2.17683608759652,2.53257269943793,1.85699503700137,-4747.70923710011
459,2.32419884111259,2.47808610527505,2.09448761492921,-4746.9985455877
460,2.15761438587226,2.48384701619585,1.89674019697812,-4747.13385714875
461,2.10817193741866,2.5578437520842,1.91351176403221,-4746.91611919383
462,2.21906296280443,2.84104616881339,2.19309342360586,-4749.972521518
463,2.21440556946285,2.36415573011143,2.14100264349483,-4747.99753328109
464,1.7878918326281,2.37617317687933,1.94807589344211,-4749.73271947658
465,2.79531397595632,3.11726444992357,1.90613267096724,-4751.8564243297
466,2.58159329852452,2.30707336925091,1.98483198152551,-4748.90916114492
467,2.06252837477614,2.59617951777884,1.92253349975969,-4747.00646834097
468,2.14139730557522,2.69245863915402,1.87836010845665,-4747.49783255121
469,2.44460144576623,2.75069926655832,1.95199839999506,-4747.02977054434
470,2.40851627753695,2.50563530484195,1.99162375457191,-4746.52282726676
471,2.11989592879797,2.54637941848215,2.08944776254313,-4746.80098357484
472,2.45655543731408,2.67259487267312,1.83271235692469,-4748.38245584727
473,2.53278942154415,2.44921759227019,2.09049613154877,-4748.19214031322
474,2.65454195048355,2.66939144339141,2.04756027909532,-4748.31016234777
475,1.89263413385183,2.39796305078911,2.01940569699406,-4748.00286421366
476,2.2049748755961,2.6994035940514,1.97997202086328,-4746.44632757007
477,2.12735162749581,2.44440799688971,2.02074297065912,-4746.47191332086
478,2.42467664326236,2.5469057917621,1.98010061156904,-4746.53030324752
479,2.2852780021581,2.57494474578961,2.0444309089561,-4746.33388356386
480,2.12435653174376,2.45080526270285,2.01115534040165,-4746.44788532071
481,1.95241296537999,2.44692527367114,1.96681467234581,-4747.46861212496
482,1.88970272467873,2.62451410385595,2.11438111832977,-4748.58599442333
483,2.66741450379072,2.64071057219212,1.88030977016286,-4748.60261306263
484,2.50150492593116,2.5048764995966,1.89539308051378,-4747.57553773852
485,2.41623798951385,2.7463310153499,1.85753378271444,-4747.95099500159
486,2.43162370699502,2.57104625457858,2.00486945933412,-4746.55806003817
487,2.47454038997098,2.57423765745905,2.01026568890109,-4746.77291245796
488,2.06188992633402,2.41969149901905,1.94597769111886,-4747.08110669085
489,2.35324764085183,2.54120951736503,2.02787777203348,-4746.37761632755
490,2.00369219062149,2.48900754921296,2.08607992443392,-4747.24201453336
491,2.38191564450955,2.57451803580727,1.87677172845306,-4747.29606800349
492,2.50088692544027,2.60926078824613,2.007419848509,-4746.90773331111
493,2.06598822260179,2.15577118874028,1.97702198474925,-4749.2307841912
494,2.01777944250508,2.17827191369119,2.00067760885483,-4749.0582585043
495,2.33271272288747,2.95525554290665,1.95548808036162,-4748.2047786278
496,2.13378126393598,2.44270127098876,2.05670102962083,-4746.62108790457
497,1.92685022843156,2.51599681826296,1.99015149637234,-4747.40622797694
498,2.3162331646962,2.52965029733546,1.82935617957372,-4748.24613303266
499,2.50115768848734,2.35850573013827,1.79665112573653,-4750.55212740429
500,2.1950754482394,2.42381030327821,1.9239621879852,-4746.90127158541
501,2.43634129442292,2.50070896499959,1.97612855326832,-4746.66511484283
502,1.90964383568862,2.63436139546355,2.04194465442077,-4747.77684331086
503,2.30002926535887,2.54085681013783,1.9942383410635,-4746.19100836299
504,2.66496446052831,2.52449495051077,2.0384997477757,-4748.44767010861
505,2.60948435439146,2.54239867100513,1.98149558925983,-4747.63827318816
506,2.02300948475836,2.60192348700037,2.09351336254982,-4747.26027490751
507,2.37255496707162,2.37835586897371,1.83505922809295,-4748.86741908113
508,2.41090798175774,2.63461205421289,1.87443414607137,-4747.40960787645
509,2.38647565863453,2.75212406331947,2.08376777023539,-4747.47589455198
510,2.14171710855685,2.35313245524262,2.18743944181309,-4749.04741359578
511,2.33744325005499,2.69742436461586,2.03223103928784,-4746.61175847249
512,2.35640210102474,2.51399297849225,1.954909154485,-4746.4444369363
513,2.28481806491664,2.43982978537628,1.95483246294296,-4746.53137735027
514,2.18111979044437,2.77544146184588,1.96904957342387,-4746.88514963966
515,2.21358171445712,2.58728405330181,1.95463122338208,-4746.29538433125
516,2.13668785561271,2.52948834802806,2.018839669485,-4746.28284881296
517,2.05898365771366,2.69472407865896,2.03843030571389,-4746.94855267253
518,1.92953187596952,2.58462089930291,2.07093415382408,-4747.62432874734
519,2.13487490176456,2.55260824873652,1.86754638022833,-4747.57640779949
520,2.19466042920595,2.6167329299968,2.03825420594439,-4746.3256361933
521,2.18348514155132,2.56596708283321,2.1004499251464,-4746.85746321819
522,2.09359849879166,2.36458812988856,1.9131443466501,-4747.64212266162
523,2.28356503980813,2.38260345286251,1.89808350275025,-4747.43971471494
524,2.7812453790965,2.70338604724527,2.16729222060867,-4751.83294528648
525,2.42514567014442,2.79912534551256,2.0069878705287,-4747.20187639827
526,2.28661859237694,2.29250254211508,2.03233128368698,-4747.396214435
527,2.3217349480103,2.41109998412559,2.00169941975424,-4746.57641196816
528,2.02001025473804,2.26259849988753,2.02025774256549,-4748.05267146249
529,2.19911799296508,2.84076063032159,2.10369895743429,-4748.15803061022
530,2.50257854422997,2.72401015405262,2.01429689676715,-4747.19413191131
531,2.50511396161448,2.65565188546384,1.92944934283867,-4747.12917827732
532,2.50857103903065,2.72137074885609,1.87161797445227,-4747.93990908739
533,2.58500329389455,2.67796241155479,2.13003542341251,-4749.03523734863
534,2.41613896625923,2.44959069802709,2.00010609926615,-4746.73209227306
535,2.59937898923518,2.73132172808491,1.89462350521778,-4748.10660462268
536,2.16651378309544,2.76676357630149,1.87299270785601,-4747.81821133699
537,2.32529807971467,2.67701075459359,2.05797121815049,-4746.71082691263
538,1.99715752509755,2.7666739122988,2.05490488908269,-4747.88847837999
539,2.25488671899174,2.45462990583592,1.97921578924969,-4746.33947047459
540,2.06141504045707,2.48638321094886,1.94997802305971,-4746.81874856434
541,2.20887139844324,2.45378034353396,1.94250918883993,-4746.57537542606
542,2.65112924491602,3.06126322365347,1.96210318103948,-4750.21517688765
543,2.41286831285877,2.46419515997152,2.03408164685014,-4746.78399240863
544,2.38695337594187,2.82339850301835,1.92124859490785,-4747.42212622674
545,2.40954437717991,2.59650305589642,1.96424214369971,-4746.50162201788
546,1.97864548048721,2.54643575312551,1.98080259138696,-4747.02525363781
547,1.95615677097138,2.51771550973822,2.02825007527879,-4747.14935463904
548,1.89651271361242,2.68238259946007,2.0292581678128,-4748.10826206376
549,2.10002613470799,2.52587229567732,2.06659117524904,-4746.62691744396
550,2.13990315176849,2.40400455747883,1.93129761478493,-4747.02259043338
551,2.25894365586608,2.6707558257753,2.02953793979567,-4746.40685175541
552,2.20132875767152,2.62140325673378,1.97450738720787,-4746.25186416951
553,2.20986488693009,2.7481527281433,2.05084383964045,-4746.88940324385
554,2.15795224405959,2.50583479725018,2.01314169095784,-4746.25537009244
555,2.17954486132734,3.00639912595136,2.04249729235527,-4749.31113590606
556,2.39245348353374,2.99375508648438,1.9024223167337,-4748.95537595579
557,2.38241206088007,2.3097527045021,2.18506990805077,-4749.97200578742
558,2.28773089505745,2.34259624166509,2.14265402165038,-4748.31284144249
559,2.22657776426955,2.3132875508614,1.99392258732615,-4747.08486595439
560,2.26979308599028,2.43207336362271,2.00294229991606,-4746.39614681457
561,2.12904576902507,2.36282885545684,2.07435505274217,-4747.12793861652
562,2.48033637191777,2.74677429478221,2.10467012315522,-4748.14557761909
563,2.34296139806186,2.47384907551647,2.08710308857727,-4746.97094565042
564,1.91255608451828,2.62734894607753,1.96399508377543,-4747.80856630392
565,1.71838868753329,2.59515237449274,1.97271134114374,-4750.44860101795
566,2.59800993193999,2.67350719246492,1.97168362366218,-4747.51754924855
567,2.31921539927307,2.47599160924995,1.99114072810076,-4746.3298941722
568,2.13301205082271,2.65568363245086,1.96585978065752,-4746.49283478025
569,2.11883043224398,2.31598678632572,2.0156319008937,-4747.18085024028
570,2.01409748481992,2.35826634202118,2.02792476563367,-4747.33594478186
571,2.31663423162684,2.65990388468805,2.14651537984379,-4747.95205488974
572,2.62399189864085,2.49913790038571,1.96535186811999,-4747.9022186399
573,2.27883510005812,2.83235911101818,1.96824829542054,-4747.14176112103
574,2.23278058733011,2.68275326561116,1.9839354975249,-4746.3593336211
575,2.41445815283018,2.49843478435342,2.02404368908309,-4746.6396969313
576,2.07930483901086,2.70983353941695,2.02801650021422,-4746.88311106185
577,2.44424167123191,2.31826785981642,2.00160343903259,-4747.75306615971
578,2.34550697370728,2.51468834939399,1.98358936854835,-4746.31431762743
579,2.55691022682613,2.67233186648776,2.06137651356834,-4747.73234030381
580,2.22139996197684,2.51522624646862,1.93835019702593,-4746.44992996815
581,2.29459705845515,2.44349892256987,1.98927404085484,-4746.39202307117
582,2.49560603193783,2.78889063092661,1.99031326902409,-4747.36836508415
583,2.50164096520127,2.42383398849706,2.14419705924777,-4749.04572251654
584,2.1164947090432,2.33742965327765,2.09998699818476,-4747.58797179467
585,1.84811969432797,2.30407553899231,2.05549847339949,-4749.16590943082
586,1.92859375132996,2.35816121993151,2.02466369077119,-4747.91769003954
587,2.16349604265581,2.80303566723627,2.0930592880821,-4747.767495959
588,2.34874159824851,2.71388355458464,1.87380017081779,-4747.44607147901
589,2.54581371094848,2.48593797548238,2.02108352948881,-4747.43677513496
590,2.12381727455191,2.83920810591124,1.98244223119712,-4747.51150666697
591,2.09830689319856,2.81960825691585,2.06261937293584,-4747.77873443795
592,2.21219574922211,2.28796410413704,1.95541683767351,-4747.48635547699
593,2.13272456481568,2.96408751902416,2.05797639561705,-4749.11215804241
594,2.11180909514684,2.81886195349407,2.05130648796508,-4747.61891102018
595,2.47529264423271,2.56494180486494,1.99265399333803,-4746.74211379239
596,1.93357296660748,2.53749875818336,2.09169261218762,-4747.73031327155
597,1.95425311988425,2.55175415256902,1.97151379734132,-4747.25349937412
598,2.21862140524616,2.91691296854895,2.03084210823144,-4748.06125274429
599,2.37493532389644,2.6094727665244,2.05091769450315,-4746.6189843863
600,2.43593957909697,2.7393918354482,1.90606826097957,-4747.28983803224
601,2.37552635610418,2.38973217623064,1.95204998854825,-4746.99729136203
602,2.50631023716496,2.43868593198935,2.07744716790853,-4747.86027124832
603,2.24353045300895,2.45710184893327,2.07490571580428,-4746.66917297187
604,2.34972050342457,2.37361953552503,2.08981133174683,-4747.47394858352
605,2.10328846565147,2.33569025765795,1.93777554083392,-4747.48633933733
606,2.22785809497048,2.71794369798776,1.91846383044435,-4746.85631814952
607,2.04588145470436,2.39944163622025,1.92100503299193,-4747.54756679513
608,2.01804573991986,2.5251124227109,1.97169396610738,-4746.82802673004
609,1.99920657830963,2.78819190304238,2.15713760391282,-4749.45786071625
610,2.24089753750107,2.6797556321926,2.07211264072116,-4746.7618687968
611,2.3765102172327,2.46424128671675,1.83111156558983,-4748.4910374949
612,2.17376903955029,2.74058962238519,1.92725902005274,-4746.96379014321
613,2.18344965296002,2.84370653688253,2.0476278950262,-4747.5721407786
614,2.20578058863486,2.27947162356701,2.09532958204544,-4747.91891606692
615,2.0871253110096,2.44081741021489,1.98396424675046,-4746.64074082276
616,2.11280619061993,2.61968423017984,2.047314026302,-4746.53184079775
617,2.48205112279552,2.55637581222446,1.96454421807871,-4746.81162739838
618,2.01660221126089,2.67667403812276,2.01225692973066,-4747.01926473436
619,2.05765622234959,2.52494252677763,2.04975724707582,-4746.65546309447
620,1.90994994021141,2.543844205184,2.00254733874731,-4747.52120826512
621,2.48279265458816,2.52287112486488,2.01077154661696,-4746.87653028012
622,2.0241019209947,2.57913999890628,2.06682920838874,-4746.94881033143
623,2.09192116796316,2.67326016363679,2.05312873914643,-4746.80426531712
624,1.99173655663558,2.3679054008144,2.13467861567043,-4748.38186957108
625,2.39200149877277,2.39875235234378,2.04161808804803,-4747.03291444492
626,2.34040495643284,2.30037260295629,1.99882145397921,-4747.41099247922
627,2.1143165768848,2.47147696099981,1.92190194113608,-4746.94177991318
628,2.6466335845438,2.61403859646797,2.02371793899182,-4748.00769864527
629,1.95357466690049,2.65796667753777,2.02835520397115,-4747.43006516598
630,2.29897148756292,2.53569617826444,1.85937943203037,-4747.55080785312
631,2.67743546364384,2.82620366762506,1.91065086150076,-4748.79679576757
632,2.43494150240461,2.67688900727892,1.94169344104082,-4746.8066192605
633,2.48067751770278,2.50525455129627,1.99125189926144,-4746.8649823336
634,2.39827714102713,2.64414986082646,2.05295046520415,-4746.77669018978
635,1.89512837292997,2.55714617377394,2.09982949201013,-4748.16726872438
636,1.95093620020335,2.63484713967653,1.92111843832764,-4747.86586943825
637,2.03894049708171,2.6436598951154,1.95898704029615,-4746.8969707449
638,2.37251372063903,2.81216672681772,1.84745692738575,-4748.33976870189
639,2.32250851012174,2.34405449406491,2.16198773748551,-4748.83035269694
640,2.50763403899825,2.45423194796292,2.14165033303511,-4748.88758238411
641,1.89126212521685,2.58150570367328,2.14574701771151,-4748.924061597
642,2.3726687942843,2.6539233777938,2.03573800279268,-4746.58551573921
643,2.01886271235785,2.69015294190362,1.92727702721463,-4747.4543125141
644,2.53175302354871,2.75535304042657,2.01099954289702,-4747.45297101203
645,2.04733511262825,2.52172208869976,1.93521768483399,-4746.96037470541
646,2.13519847758366,2.44871464179867,1.83321918522006,-4748.65479008158
647,2.31014261224559,2.6968019475097,2.02055046013093,-4746.50279535014
648,2.21036149135111,2.43794197806699,1.98905328830051,-4746.3738388585
649,2.32247532361439,2.51310981788095,2.06092524022142,-4746.55227459809
650,1.92086995924695,2.46945442375807,1.91367621165204,-4748.23972163318
651,2.53711442084747,2.92832450126378,1.98802978386606,-4748.46940479757
652,2.13403758594492,2.31781204021616,2.05375898781263,-4747.26087367723
653,1.97278888514678,2.67728807875831,1.95538385527239,-4747.50503167371
654,2.27892542551684,2.45626794996364,2.0634205868367,-4746.60553397802
655,2.31058615244379,2.65623254693008,1.83129968316219,-4748.12953544191
656,2.41605360650843,2.56697216650545,2.0961036921761,-4747.26533826182
657,2.20994625597646,2.63200029831012,2.15014134548867,-4747.80256817572
658,2.1996837654619,2.87516553701281,1.8961363003243,-4748.11856670757
659,2.3930085195091,2.91475186269333,1.94487639692758,-4747.93419358711
660,2.22644437777623,2.12580228462418,1.93011048908216,-4749.82740163643
661,2.1452350106351,2.56165605579106,1.9135341082339,-4746.79795563245
662,2.00033845096726,2.39902225654175,2.07916538590983,-4747.47149304322
663,2.46154122143883,2.80230690078413,2.02112343577828,-4747.41830513691
664,2.02527794144947,2.16299326041562,2.00413410585988,-4749.21527712315
665,2.50163233858969,2.30281058720072,2.00809472670462,-4748.31811387323
666,2.50437844880901,2.97918902568279,2.01345405089125,-4748.88752870119
667,2.2925602950719,2.84498239353059,2.03454295185545,-4747.3964705966
668,2.06353118483349,2.72068464698728,1.99910079150857,-4746.95946363928
669,2.19528871987387,2.44216197718393,1.98615332126338,-4746.37741898104
670,2.23527719945087,2.55978498760138,2.03244669696607,-4746.22250779732
671,2.46454565054497,2.64763413597809,1.86190036173821,-4747.79796385588
672,2.46823279786829,2.54507363315202,1.93942267633502,-4746.88238939817
673,2.48295535979766,2.60011594244641,1.97704064020938,-4746.77485250872
674,1.95382254797939,2.76466850764481,2.03213509001782,-4748.11787854264
675,2.66711498651627,2.77740165000212,2.00938109183511,-4748.40448736923
676,2.30084641551573,2.39974698698349,2.0302075270166,-4746.65388953616
677,2.22916795715892,2.56942644477092,1.99947896377577,-4746.14567046706
678,2.32523337176272,2.76305884580539,2.0096775140351,-4746.77852087946
679,2.22885901394503,2.32267773376258,2.00027741616955,-4747.0028685685
680,2.37038515445048,2.40843355414869,1.96190871351939,-4746.81714578625
681,2.09806442686559,2.42089782693835,2.0169555786207,-4746.63467294973
682,2.12722683071414,2.67663620521858,1.91935620751713,-4746.9306004168
683,2.180045740668,2.5764201131761,2.22105952436453,-4749.42466196337
684,2.27973614166332,2.82429866442643,1.93526029913427,-4747.23109201943
685,2.50435304244821,2.37726338087767,1.97787374420907,-4747.65160454086
686,2.22758902189163,2.6734407869745,1.94276276278686,-4746.50377815485
687,2.40411249473249,2.67136284347782,2.01446200549675,-4746.61824610594
688,2.22001601680672,2.33718194247474,2.00941579829428,-4746.89180160903
689,2.14216672028674,2.4051412072935,1.94686157084913,-4746.85286033843
690,2.06462159541424,2.38497760348073,2.01683305142958,-4746.92435929672
691,1.87800856933917,2.67250996707409,1.99850121661186,-4748.24964540039
692,1.79930432488199,2.5086850096842,2.02909056833923,-4748.7710616269
693,1.92074769244517,2.39496430602753,2.06640820199849,-4747.93339512637
694,1.98266252860112,2.5021410387651,1.97943326398253,-4747.03828142227
695,2.23556160492507,2.52864947722736,1.99912101409136,-4746.1551668502
696,2.08578095546608,2.74571917296248,1.94241483494695,-4747.19568080357
697,2.20021585837439,2.66887679669867,2.00298562473582,-4746.33682306647
698,2.38931455441404,2.7142671016288,2.00872239717247,-4746.69339386981
699,2.49040363963347,2.54197155221002,2.0524326584703,-4747.15577861496
700,1.87659543661054,2.58030080774961,2.05465229185488,-4748.00485781658
701,1.86956125802014,2.48217535156238,1.93664749669101,-4748.41977778692
702,2.64222703732173,2.49053338027972,1.90814667796831,-4748.42502608506
703,2.3237757824603,2.452889522143,1.90999537786202,-4746.96556756028
704,2.34727928668814,2.36479749258264,1.93260592645921,-4747.22894379478
705,2.21766733996747,2.69150702038366,2.0490419647152,-4746.60102671489
706,2.32504815179101,2.55117131781351,1.88877721655466,-4747.02900346219
707,2.41911033734072,2.57089585699877,2.13918195105157,-4748.02834490485
708,2.06760460114233,2.45240522192656,1.90773450093343,-4747.38745940506
709,2.5707960906358,2.86796298516454,1.87930980673059,-4748.74698290149
710,2.35053392917976,2.39130447442184,2.15498020685277,-4748.49864879984
711,2.30628789445994,2.52642260248574,1.83886296720243,-4748.01877488022
712,2.34519499125046,2.75288730872596,1.88504877444361,-4747.40729201908
713,2.53039229245944,2.51727332693929,2.05737666497011,-4747.51388276075
714,2.21587215903302,2.71747157973702,1.87446329779927,-4747.45894014407
715,2.65446122553287,2.63731710714739,1.91144016234382,-4748.16255402015
716,1.8314534693872,2.55590687932555,2.0505668112374,-4748.45378948937
717,2.71588044496002,2.70657962022156,2.06071357264464,-4749.06540101252
718,2.5059542134286,2.50164294598119,2.04048805489575,-4747.23468127615
719,2.24252414750223,2.62929271594838,2.06414369439145,-4746.53335483848
720,2.32680490706404,2.47972200356334,1.99356495760102,-4746.3342347832
721,2.1678494643126,2.48191527591641,2.06845535434028,-4746.56134965698
722,2.36584935521125,2.47984866921237,2.09663731108508,-4747.16604886242
723,2.07495954234503,2.53745473811782,1.93378600676572,-4746.82719370972
724,2.48472397725766,2.48134010559177,2.088678775169,-4747.68152370637
725,2.34393133196077,2.36285921018137,1.93214683015849,-4747.23800061545
726,2.24516873877301,2.37332671076846,2.04789236923697,-4746.80436093448
727,2.14492628906579,2.61856420164665,2.05728207547622,-4746.52300595106
728,1.97655524853631,2.42003610013208,2.05632043865359,-4747.35329547795
729,2.27254173356311,2.62154798819702,1.94057674336097,-4746.40682486899
730,2.26685732706653,2.52661530980859,2.04247222596256,-4746.30341456758
731,2.18891697322435,2.25771215679818,2.07473236124439,-4747.89944351562
732,2.2222464445954,2.38078394819355,1.95685452645547,-4746.7815253668
733,2.52723043872128,2.77760857744755,1.94003200557917,-4747.53232457559
734,2.37942080177442,2.54953185303468,2.15391086557783,-4748.15326450869
735,2.32820150952045,2.73429472758237,2.14633559369385,-4748.28253655194
736,1.92132274448327,2.5936810930901,2.03144133470136,-4747.5016030015
737,2.17658461947381,2.47057569107056,2.09620242036994,-4746.87507083677
738,2.22890591599855,2.43297738423165,2.10027484960678,-4747.03429313514
739,2.21937114831648,2.73546658600274,2.02742207685742,-4746.66548875185
740,2.408102814738,2.90499438562941,1.92137733317667,-4748.01958147595
741,2.23815732302732,2.19561828773979,1.97371044239863,-4748.41918978364
742,2.19626765528357,2.2781572104541,2.04000394346095,-4747.4572035308
743,2.11265818622592,2.5141235997544,2.04370682661898,-4746.44486754005
744,2.19814075538054,2.81881110423895,1.9317286608753,-4747.3258185335
745,2.53684704322474,2.66098569643403,2.01087112799551,-4747.18800174393
746,2.16889420375334,2.63829863418759,2.12130346627416,-4747.31020198198
747,2.27389704657696,2.76246750453205,1.94177123962091,-4746.83535834337
748,1.77889292396583,2.59589048899428,2.02525410250429,-4749.22937915758
749,1.90269542078465,2.51985523979416,2.01566610785797,-4747.57929217994
750,2.63436882609659,2.70340608245217,1.90268667593318,-4748.16939846795
751,2.60935557015911,2.71484757010744,2.01313666037003,-4747.79103398685
752,2.04784968692548,2.46460857015022,2.04872682287121,-4746.7839159265
753,1.85110851807259,2.48333081142458,2.19122939083489,-4750.17402874188
754,2.17247513318828,2.58325149458116,2.08217264182972,-4746.65818062852
755,2.56186483600571,2.62724380953452,1.91221023101466,-4747.54465056165
756,2.13045960581324,2.34343997518747,1.98960275984163,-4746.9836769958
757,2.16862310370209,2.62318733720323,1.943702743196,-4746.47087460551
758,2.39393529119493,2.56748005257108,1.97001900218985,-4746.43013738917
759,2.23751075864332,2.45127785832741,1.98840954411408,-4746.32253756251
760,2.31436588657583,2.16784870436535,2.00068098749598,-4748.92947408627
761,2.34541277422864,2.5287552969356,1.99852151605473,-4746.28815708054
762,2.5147794664215,2.57683517689005,1.94516273405013,-4747.04538698032
763,2.38957953616921,2.73946845157192,2.00094055687271,-4746.77578621719
764,2.1452912451502,2.51928112467871,2.02413432311581,-4746.28556843496
765,2.27364126111269,2.25668231037465,2.23514109863108,-4751.3112684047
766,2.15410631646291,2.41357749743296,2.07045480598835,-4746.79972212127
767,2.37169484149553,2.51392661043765,2.07661863681929,-4746.86411772491
768,2.08337397660568,2.5530898588183,1.96849144249487,-4746.51506746808
769,2.17837737519997,2.44768721944975,2.10065989695147,-4746.98970329257
770,2.20072716354417,2.62890592274765,2.080955414899,-4746.7059253133
771,2.297052950747,2.35786905752631,2.03953388886274,-4746.93748032845
772,2.27360557956154,3.05781271423958,2.06233919267604,-4749.91427818151
773,2.21461832638655,2.30782089683972,1.94471696153695,-4747.39997389815
774,2.27064447903508,2.3946239841975,2.1282039052782,-4747.68881450777
775,2.11910985637358,2.67899084945127,2.21870687346366,-4749.70452679605
776,1.93339656941144,2.34188535895116,2.2393252055695,-4751.26428734323
777,2.07902899806458,2.51719748907747,1.77900281189431,-4750.26923972386
778,2.5350956730831,2.50116598033417,1.78337561689964,-4750.21195768058
779,2.37592497117842,2.94649223224331,2.13846704994933,-4749.84894518443
780,2.1979737547095,2.9972073654325,1.90070489735957,-4749.34051779345
781,2.33331365462943,2.87097452588043,2.03423285286557,-4747.63280410254
782,2.42180358330801,2.92996354501358,1.96977521974093,-4748.06377480229
783,2.18283662964608,2.19198148914277,1.98961367240748,-4748.39032513948
784,2.19203060630787,2.06805327704771,2.03709698367505,-4750.41324751742
785,2.25776646175831,3.1823894732266,1.91271895195157,-4751.66625259349
786,2.40288380958549,3.07927330039509,2.05086556537905,-4750.04219561512
787,2.30649330524627,3.13418138071816,1.87844879383164,-4751.09362345159
788,2.5278695166526,2.71471650602624,2.06308447888995,-4747.69255042316
789,2.14750176285818,2.30724789979431,2.02405608488806,-4747.19693896116
790,2.16515274778433,2.65303250191685,1.96242131850344,-4746.42177489033
791,2.65237470639212,2.28808003942434,2.0674417161542,-4750.38391277302
792,2.15056175236462,2.58231731442139,2.11382359983757,-4747.09750228608
793,2.22664725156351,2.55487836750657,2.09211090593641,-4746.73705998827
794,2.02573502213044,2.55314433143384,2.13097175556257,-4747.70649996165
795,2.45698799342199,2.63354402662272,2.12872268069557,-4748.08110808191
796,2.40507051926325,2.91429022693577,1.75869567129783,-4751.36884398595
797,2.53443803710486,2.60698914233973,1.91578757044262,-4747.35618924322
798,2.53298893713015,2.5943182119526,1.93625924223173,-4747.18896564441
799,2.27561824282254,2.43333523584397,1.94371549830263,-4746.63242714419
800,2.48959941442679,2.42351535678896,1.87322882520491,-4748.21838735451
801,2.28096970894928,2.81449264002068,1.80057071637526,-4749.43898619602
802,2.4672169254829,3.08504916558078,1.8267472670324,-4751.21041062564
803,2.33763479652971,2.37593827088762,2.06252826307005,-4747.11127566663
804,2.05371533290972,2.44607377484001,1.96531434007711,-4746.85795928746
805,2.40087127898377,2.37902313576571,1.86711223749234,-4748.23822021276
806,2.07291610374016,2.35427436995225,2.07839209906171,-4747.37173325669
807,2.49742488071522,2.83731967344785,1.90787156955555,-4747.93832686679
808,1.94594599071158,2.66521763772609,2.00330560310029,-4747.50086202768
809,2.37758962970426,2.54828407403758,1.88029505535622,-4747.25501033881
810,2.20102144430935,2.74676749924757,1.85493204201585,-4747.95624738375
811,2.26945402152388,2.79355520238222,1.84471704868943,-4748.27509033628
812,2.15637854098001,2.63296000096069,1.93179094928382,-4746.61500590347
813,2.21731116466814,2.63531085207729,1.99636050393768,-4746.23112823973
814,2.37971772426626,2.6519250755456,1.95535137561113,-4746.51914210955
815,2.37878747364393,2.25604399245015,1.96635755792438,-4748.10306663065
816,2.09885219246908,2.39644280050664,1.95302498697774,-4746.97707310125
817,2.24063768416144,2.64164796491994,2.01767878342147,-4746.27305583451
818,2.07145716624136,2.48169613347298,2.07255114072968,-4746.82236127435
819,2.11019199063803,2.57736464799562,1.96419127703216,-4746.44495243607
820,2.50228057364034,2.42863059268026,2.00322666943813,-4747.32031592299
821,2.11197902125347,2.55048116750764,1.99578082911917,-4746.3294729908
822,2.25084911359515,2.48034780295228,2.01322775604835,-4746.24450677176
823,2.15443972505622,2.83236810489919,1.95759260573729,-4747.40022402651
824,2.33414558887474,2.38701101876226,2.0279888831422,-4746.80127648509
825,1.82994285123098,2.51166827878345,2.00141133944557,-4748.38972849407
826,2.68538408943319,2.87266012927913,1.98355949335716,-4748.91830557562
827,1.69431604382449,2.19880758793545,1.97077971928312,-4752.73324251623
828,1.58386776575467,2.28091528287177,1.87882910838061,-4755.62791637845
829,3.14815351416005,3.29246262392991,1.99059114954523,-4756.86392910795
830,2.9559204997739,2.20018158010785,1.96650417961299,-4754.16947792525
831,2.54686920393838,2.91334590151632,1.9481047525267,-4748.4014217265
832,2.53232672947202,2.6195124000339,1.94166335498526,-4747.15366958507
833,2.42065287884681,2.79201812962676,1.8260608614663,-4748.77575863516
834,2.34917650675081,2.31219046956524,2.06887693655448,-4747.69446077331
835,2.13992665918224,2.73714336820869,1.92760389363406,-4747.04441413785
836,2.25358109320901,2.7951273196213,1.99359402395798,-4746.88770652555
837,2.32435464011077,2.48070375615721,1.98444622110151,-4746.33659763432
838,2.26302330041618,2.42080078084039,2.13117462742744,-4747.60766153576
839,2.30422489171291,2.66084176968947,1.84618155678404,-4747.80342037857
840,2.55166325010318,2.38394458839834,1.7901305546017,-4750.80973904227
841,1.97504607102017,2.83354324380603,1.81483972916492,-4750.96066392679
842,2.94406760719719,2.63047712555496,1.81672611098858,-4752.24964660104
843,2.47432861142919,2.78851149815218,1.8303685109497,-4748.80884128631
844,2.0889829106836,2.4949009227761,2.14929934850829,-4747.823249525
845,2.11248726745819,2.53158749427219,2.04305728102064,-4746.42947357463
846,2.60031811053616,2.49584749846492,2.01302656467921,-4747.78958776125
847,1.78734978966137,2.45438056205556,2.044435796926,-4749.03010415237
848,2.69719084261989,2.83018810147553,1.89586174006871,-4749.08035815511
849,2.63591051500272,2.6748304367917,2.04633609585762,-4748.15365829625
850,1.91710246054437,2.30746084739588,2.05336328614297,-4748.46093430492
851,2.40791866255905,2.62923497739522,2.04577275206192,-4746.72187299978
852,2.26409485124033,2.59444804382785,1.95782072874267,-4746.26732863974
853,2.20360465054112,2.54065050683259,1.92776336155787,-4746.53707181669
854,2.47681639934602,2.86934099086873,1.93377839086534,-4747.87008112833
855,2.39391777743297,2.49100365994698,1.8817165644111,-4747.3977121117
856,2.4186487174311,2.94482074135183,2.0134351573215,-4748.29651765684
857,2.33520685994972,3.00128503811746,1.95799486707318,-4748.6781173579
858,2.30254723792869,2.94709012104433,2.0087817225757,-4748.16040740408
859,2.46220247768721,2.47197497758318,1.98573123673332,-4746.86723647193
860,2.55248697808111,2.77708631788455,1.9831882776728,-4747.57732453768
861,2.60506193929451,2.64540751895011,1.88850626645885,-4748.07364708745
862,2.34942926370952,2.60647431667366,1.92263389126892,-4746.62834457343
863,2.22694369761316,2.4567397883686,1.97836815639893,-4746.33369344446
864,2.18592342939548,2.41111239457157,2.07833968991908,-4746.85441958282
865,2.25449460746977,2.56897459348258,1.94480273434455,-4746.34091574249
866,2.19810613443904,2.72265089751746,2.13840014677989,-4747.93370104542
867,2.08932813305828,2.76928324281763,2.00449319607543,-4747.13249915668
868,2.19277616729689,2.79651065828804,1.98859836189386,-4746.96486405263
869,2.43033768539046,2.809153622077,2.06908219801572,-4747.76570615738
870,2.09942223400144,2.88799847247037,1.85527868713562,-4749.39560870155
871,2.08728580054571,2.59531916774768,1.88509947858129,-4747.42125598045
872,2.25147537772099,2.62629284853074,2.131250097489,-4747.45175939476
873,2.31564626474456,2.47156540578415,1.84349865395808,-4748.08010761613
874,2.11941970240827,2.58901480393668,1.89740264993148,-4747.09614520747
875,2.55369030878451,2.71888910764081,2.01308536866376,-4747.44680954969
876,2.21805005388837,2.62717534849513,2.01601391885953,-4746.24065791779
877,2.03810719194915,2.46138642836455,1.91459978823111,-4747.40470994212
878,2.48917131525558,2.78097991497349,2.01943793379308,-4747.40938026289
879,2.17936939656828,2.57699244975119,1.97082236173623,-4746.24808406489
880,2.11921326707676,2.73642472386978,2.0737035647678,-4747.20480459556
881,2.6234879727345,2.46913656335942,1.85908853527059,-4749.06504372824
882,2.77693552106518,2.52610720414355,1.78488976749492,-4751.74581273074
883,1.99095731998693,2.89493889989949,1.81804397081857,-4751.34351639157
884,2.05329591663466,2.40881798602327,1.78398446234775,-4750.75267804359
885,2.69823819467709,2.32144540631053,2.00885708304579,-4750.004277689
886,2.37148182537707,2.64656276943934,1.96137218283825,-4746.46376711223
887,2.34493280226665,2.52857796972975,1.90841249496061,-4746.81556166443
888,2.39258950647267,2.74568027210038,2.0031015072114,-4746.81727219924
889,2.3608811899153,2.79322674193967,1.93320485182255,-4747.11872504375
890,2.2734089822406,2.32947161000769,1.98748451518975,-4747.00850057619
891,2.20862272525113,2.55172078074087,2.11851104596575,-4747.10989539986
892,2.30152554464434,2.59139329508018,2.03957356529503,-4746.33949884006
893,2.23379882388261,2.51849527898881,1.96329768191115,-4746.26171915011
894,2.08996680016142,2.6620040683512,2.04818760051138,-4746.73489572689
895,2.01514375557134,2.53510239988512,1.99890195631168,-4746.7459645057
896,2.18969953477325,2.44115365215524,2.07667599620197,-4746.72485650005
897,1.95571820687432,2.50096368225102,2.01616404366256,-4747.15357567236
898,2.41130864613619,2.75033772719237,2.03062804194358,-4747.02235211658
899,2.13263780055619,2.65518980716033,2.13625640985671,-4747.67368926366
900,2.00450088058122,2.97982342153148,2.13476937009563,-4751.31591985929
901,2.18252609578618,2.69940268791572,2.1160502566505,-4747.44144723843
902,2.1539126115442,2.43663665997868,1.86781259847912,-4747.84425424124
903,2.40176661704288,2.80033045459155,1.87564080141494,-4747.84814971726
904,2.49797525939897,2.70358546263809,1.92849338071357,-4747.20470412799
905,2.83613957190432,2.65479472232483,1.93833031187625,-4749.63227340922
906,2.69860640150041,2.60884295154101,2.08348941974202,-4749.15609410037
907,1.87379372218169,2.72964853846206,1.98690665544802,-4748.71501894376
908,2.68551685293682,2.56968242451696,1.89448498709919,-4748.65626685447
909,2.58241166039847,3.11343812509588,1.94352796560808,-4750.4795386182
910,2.28613236136178,2.12913807467705,2.05845239218829,-4749.65861317523
911,1.88345652045772,2.59293075839355,1.91777488957664,-4748.49726124325
912,1.90443638781385,2.71997906199953,1.92327368381233,-4748.73637953191
913,2.7295591239896,2.73839615683368,2.0586598964029,-4749.24125436108
914,2.07479945198487,2.59561516928784,1.98972869001617,-4746.49750502518
915,2.4827463899352,2.59048237328202,1.99875718158026,-4746.78222593836
916,1.97525857925269,2.42372218900253,1.98304533996479,-4747.29847111723
917,1.98343558865254,2.51480174305742,1.89616487958328,-4747.89346736904
918,2.47514017634432,2.52305960570355,2.00855315192343,-4746.82647585708
919,2.64527057814033,2.43417859062446,1.97677570200591,-4748.41559559373
920,2.67181836088573,2.60026161379953,1.95513066499285,-4748.07376306619
921,2.28440307655968,2.56669294654618,1.96288717492921,-4746.24351818359
922,2.15165184258638,2.51227195361558,1.97947401927291,-4746.29589155517
923,2.1720268322179,2.36169731440883,2.15313616075181,-4748.23098681281
924,2.1629682173146,2.56743972660598,2.12350289039955,-4747.21953450681
925,2.27676435606585,2.72655629185584,1.90559588909128,-4747.00192126033
926,2.00212040660002,2.6333705006131,2.15698591965241,-4748.46760194051
927,2.27597797954395,2.64247478755976,2.15368125687646,-4747.96538713105
928,2.23317705628464,2.67622869812737,1.90818701924117,-4746.83346201454
929,2.37736233391801,2.5471210900514,1.88279335137662,-4747.21582997699
930,2.49185541247019,2.35453794028671,1.90136164161951,-4748.29823072117
931,1.96913445087441,2.74236068560412,1.96796338507549,-4747.83621892141
932,2.24948603285768,2.6427927123938,1.95066698078812,-4746.37068076151
933,2.1871103925939,2.39940294563227,2.19215806756914,-4748.91480216868
934,2.04953979607604,2.40525358564204,2.04040981113007,-4746.94508878508
935,2.36375303694582,2.70820938052449,1.92629968877819,-4746.81551290636
936,2.32103437548555,2.69724981558349,1.90184713145655,-4746.97215057515
937,2.11877871143332,2.79711995485078,1.97291791033868,-4747.21953775426
938,2.11389111356511,2.3079910411204,2.08590048145034,-4747.64524302106
939,2.37513667975253,2.16983481853276,1.99259936327086,-4749.17948449847
940,2.03711415353575,2.80826610473923,2.02979730861184,-4747.80445554126
941,2.60955228058059,2.56194431155927,1.97323482977799,-4747.59908818432
942,1.88933046367161,2.62737688569359,1.90818389929472,-4748.65540153102
943,1.95616122819624,2.79882557371638,2.05107706141092,-4748.49743549311
944,2.19878377271957,2.39329324824746,1.95930652514465,-4746.71283580601
945,2.24410128432562,2.73611751779925,1.93085902585145,-4746.80247054248
946,2.23475391038105,2.998424163079,2.10286166491447,-4749.75275558353
947,2.17007532723897,2.50454780435201,1.9194829321277,-4746.73821303426
948,2.08194616887436,2.6606375106984,2.05468964422567,-4746.80407034621
949,2.43586854163735,2.7683273225465,1.95806338644289,-4747.05753921557
950,2.06602307681172,2.26195720032606,2.20602150314201,-4750.3207833926
951,2.13298678274444,2.63268180991341,1.9874856048196,-4746.36873685474
952,2.16771826708562,2.4355182504196,2.0106662530578,-4746.41033458917
953,2.12200754529615,2.28084954573879,1.92209521705614,-4748.0718658037
954,2.45986357794893,2.53841862874281,2.06730002211159,-4747.13480241764
955,2.25565602535201,2.50986522480104,1.97054231348402,-4746.24010522512
956,2.46711596603114,2.45115291369108,2.01224969194285,-4747.01613131576
957,2.10753296699028,2.54137894345605,1.98137297419481,-4746.37835870034
958,2.1812218960634,2.41831658428693,2.04964644260354,-4746.59336960334
959,2.21825572550863,2.3976588912607,1.99453172640002,-4746.53342516675
960,2.40385700842224,2.81329389040791,2.01684015862461,-4747.26458562277
961,2.58307807390437,2.68646060311554,2.13332310498187,-4749.10837718175
962,2.46393296217914,2.5067330535947,1.97202918857763,-4746.78882327122
963,2.18343134134588,2.53013226027108,1.93369567635163,-4746.51697544035
964,2.04590465668434,2.38442562879502,1.90429522783998,-4747.88077121728
965,2.44196816957401,2.67161414685814,1.94027392472219,-4746.82743069671
966,2.39470911574282,2.59317047844792,1.92354394986652,-4746.71631296189
967,2.36965715877561,2.62261537226271,1.93615580603174,-4746.56618701519
968,2.4988554678293,2.65627494302622,2.05203979688757,-4747.24929946545
969,2.13059656249618,2.56743332483218,2.0630327676548,-4746.52490393843
970,2.54384395291356,2.58650572503829,1.92425714184182,-4747.342271026
971,1.96427915762706,2.42293135105033,2.16471493158142,-4748.83967109524
972,2.20933773792876,2.63505704611352,2.09152050599559,-4746.84508506813
973,2.26558776484398,2.54150430442577,2.03469523984586,-4746.25026213275
974,2.26553149419262,2.66072192736472,1.9192478409347,-4746.66131541284
975,2.22022135174258,2.57527483272869,2.07036021948444,-4746.5036423556
976,2.29914912932114,2.52726829489264,1.87431081235993,-4747.28222887568
977,2.35117443489404,2.60429551261048,1.88438158054488,-4747.11004465674
978,2.10882373202171,2.52787349541798,1.89067069633621,-4747.28190633491
979,2.34195808635382,2.49742988291451,1.90195316527648,-4746.95961837913
980,2.21686276347753,2.63872525169307,1.90156123694766,-4746.85810882595
981,2.46890880518227,2.74481933867649,1.99842700813627,-4747.06568642722
982,2.49781293617791,2.38223306509757,1.91621030509312,-4747.94009691273
983,2.03480509820065,2.46819547200232,1.92897024338709,-4747.21469440134
984,2.50976676738491,2.50018673688604,2.05116185868477,-4747.35480873186
985,2.21827142348183,2.72938726016793,2.06274749381785,-4746.88716403238
986,2.41021761566071,2.54858768778587,2.04725639844631,-4746.69506991567
987,2.12455967729348,2.44606400607819,1.92061441690979,-4747.01127074881
988,2.35557197601903,2.42357514939005,2.13022494848204,-4747.86522722247
989,1.80551030495573,2.39857991115522,1.91119059171686,-4749.8773776983
990,2.2658559778649,2.71358723112413,1.8537053013795,-4747.7691714167
991,2.21695829424444,2.64528670607208,2.1383218145272,-4747.61134128736
992,2.25563141085886,2.58974760983213,2.0320436346153,-4746.24649193581
993,2.41858228749342,2.61529686696207,2.04533452514995,-4746.73846819564
994,2.10690748807159,2.89647164337089,2.01897437389475,-4748.19734471098
995,2.38175666401279,2.71813489544889,1.96377635829233,-4746.67897830153
996,2.3561378327237,2.62908507885164,2.1073017948129,-4747.27189302307
997,2.22513482170567,2.55847909617453,2.02189730096691,-4746.18084465522
998,2.34118162710607,2.7191945437673,1.98460261838593,-4746.56545862219
999,2.5232762055881,2.38910833532342,2.06020188667625,-4748.08980048002
1000,1.94357458846081,2.27964355016464,2.21595776696503,-4751.00811369748
