"i","asc1","desc1","dem1","p"
1,4.08070322729906,1.09504976496603,0.0209942841398927,-278.148830238272
2,1.56282301636618,0.969697399857789,0.0785656903901051,-260.607197196862
3,1.74767124762964,1.53292753297505,0.777280717424577,-261.509812576874
4,1.77433604880442,1.57457946899017,0.505961604461453,-261.034670054541
5,1.25152260636895,1.18586491748386,0.527400013879844,-260.968965484544
6,2.04670534986959,1.54676566297815,0.471236203704731,-262.07595275734
7,1.33845321839632,1.21320423966089,0.692157336044215,-260.976329041006
8,1.10290577955133,1.4563431229075,0.698176879905221,-261.951557622854
9,1.10516251252961,1.47149787832903,0.659973612830266,-261.907852506714
10,1.79011041323652,1.05452991871399,0.945083127876163,-262.859402676638
11,1.10526277764698,1.70385855052856,0.771915367551805,-262.849269211264
12,1.51737959787247,1.6714634577581,0.439839624059481,-260.827195502527
13,1.32908552712084,0.949664940382034,0.94737454053077,-263.110533302112
14,1.52076840879651,1.97492412623964,0.64627444598926,-262.924075916099
15,1.7170317877482,1.18340581894866,0.48322903547035,-260.784104048784
16,1.39072073798534,1.45654109070315,1.34151732539211,-262.231490478735
17,1.47879277680416,1.41008745945296,0.835197963446054,-261.002587966444
18,1.08732200176036,0.960570822667841,0.011873358918848,-262.260298707232
19,1.54523096624342,1.76475417959741,1.30169348568926,-263.104910190461
20,1.42011352621034,1.23848458445868,0.725097190229515,-260.875328575679
21,1.29354780904964,1.15094988952628,0.330318016369615,-260.51449608655
22,1.6387161534933,1.58174692385954,0.217847284193026,-260.090131299905
23,1.69423420649968,1.36614363536362,0.549278808738197,-260.611723008208
24,1.2318846408298,1.22516645269362,0.992480901552764,-261.910273969121
25,1.35928142904506,1.70693037716565,0.446725993059089,-261.225182034873
26,1.71287251003289,1.51232146948469,0.397732498951181,-260.45376701337
27,1.61722607769168,1.14621325610875,0.283505353213937,-260.174750843178
28,1.80073075670607,0.939373529636011,0.397765882408732,-262.29234056387
29,1.06396601971285,1.24569122342271,0.354463213708902,-261.744944283332
30,1.56982411886771,1.10808881009857,0.51492859917124,-260.849559383198
31,1.53248390141431,1.36346577976963,0.0311971859775237,-259.173613215643
32,1.48371658601717,1.48020579463935,0.458997764622886,-260.267859940971
33,1.49084277519558,1.10838540106501,0.447121279066201,-260.628885140869
34,1.61206808142903,1.19693125945937,0.491184444598686,-260.51763373483
35,1.20807815335299,1.27034096232105,0.0930098776598943,-260.22927415827
36,1.65932875760681,1.3291671804256,0.592140132370829,-260.642251980187
37,1.43425514507889,1.6290735466975,0.811881579791284,-261.448297312513
38,1.52558686054162,1.23630924752087,0.580405072904072,-260.535613126045
39,1.65391327763027,1.45613086549086,0.18952025884594,-259.73942025131
40,1.36419128250382,1.43495308496742,0.241261274390288,-259.924121380241
41,1.60889412342622,1.06053710246698,0.18932049751365,-260.325195178785
42,1.69030802214867,1.39324220486225,0.890962845995456,-261.453484251706
43,1.30997512435795,1.38231698448954,0.166984410480493,-259.887409408985
44,1.53747561939315,1.15985762207741,0.0855746110437861,-259.553556877545
45,2.51199175386944,1.82136612886742,0.163442655869724,-265.228840630164
46,2.02071132573553,1.03319833905616,0.193787922929645,-262.029604297735
47,1.0962680461199,1.57447375718684,0.287066036874791,-261.863346204498
48,2.24833829824349,1.5770756019111,0.177607409604112,-262.593151674145
49,2.13553227933591,1.35404185741012,0.0827129958544601,-261.39444604755
50,1.20220046707368,1.31413459415968,0.0593337182055383,-260.206717897439
51,1.39863540938063,1.72240824821826,0.0329516268494037,-260.562660881149
52,1.53078617861434,1.19193204289618,0.0750012988292721,-259.432689884939
53,1.74137265754557,1.13261392944897,0.0491298225542578,-259.905680207284
54,1.95268580512423,1.44814746500397,0.0678039526024711,-260.394306217358
55,1.24231444936525,1.24754222662,0.0698154432474513,-260.008338543873
56,1.25937049594127,1.37176474689318,0.331344421227556,-260.376768781718
57,2.16648401916377,1.21596319654721,0.19971231787524,-262.121332712254
58,1.83262108490221,1.53878074193137,0.635823125296498,-261.470006391011
59,1.77682886333555,1.55988529967938,0.378822594529059,-260.698715282775
60,1.53522157846369,1.12809801040769,0.29380820704876,-260.181674126648
61,1.43897017735175,2.09501500948884,0.616482056493588,-263.833565185958
62,1.43624686189152,2.01038978934038,0.779021936471755,-263.474343978283
63,1.44734978620709,1.14499763316225,0.0575493202359885,-259.568733524419
64,1.83895753850975,1.36059456855177,0.365389836612034,-260.626069986566
65,1.16573786075042,1.50015366941617,0.166368543173894,-260.937532978799
66,1.49509523893521,1.68254668128603,1.176683450558,-262.431244997674
67,1.26774174758649,1.09848290754408,0.694121986142194,-261.613501639139
68,1.37257394908253,0.989484376766912,0.278447280451687,-261.066063561289
69,1.78881733064796,1.4862992223996,0.560526685042922,-261.025308841283
70,1.36746475115675,1.52076543594629,0.0802904268837069,-259.839111877886
71,1.83830734147947,1.59756679909223,0.122990295294162,-260.391482955373
72,1.73603222674016,1.4249785703785,0.0606939290292207,-259.560078654605
73,1.81932432242926,1.45008581259185,0.161983742921156,-260.092470246238
74,1.59287507346956,1.75694903253475,0.351116960110616,-261.064040556003
75,1.4899621229958,1.82791220989907,0.479262083167733,-261.708024984861
76,1.45634970803412,1.32293171907856,0.440951652005712,-260.107088509784
77,1.62435392332449,1.23491369624308,0.536057525482843,-260.556530217389
78,1.86171652031569,1.20091376311878,0.415250836059358,-261.081762047945
79,1.6035089542925,1.8470336549294,0.797747723346532,-262.469777843344
80,1.66374024340759,1.1676448960127,0.682171292687038,-261.202895572467
81,1.72619555980839,1.36641389111215,0.0653583241359048,-259.503645446542
82,1.53545691023522,1.38954619297916,0.17267053771284,-259.511110726404
83,1.14949205305368,1.09168108089296,0.343451980424906,-261.529834345328
84,1.37243239615718,1.1474752789032,0.0528404560549685,-259.683073466972
85,2.29516326007154,1.47742331280786,0.105875214448259,-262.556341158626
86,1.71687139422359,1.27253541914006,0.221055887629791,-259.916612776607
87,1.32669854735186,1.7631787629987,0.707354803171525,-262.028199999652
88,1.80710771412751,1.1758895198464,0.219184254956397,-260.419855369023
89,1.47539375152601,1.40925543558166,0.216699588458504,-259.647150081212
90,1.52236909547983,1.34256531170882,0.47228278563368,-260.165872836046
91,1.17057987733906,1.32221079187781,0.810961307923229,-261.658473661812
92,1.81583037006831,1.56148845275608,0.0740554944222792,-260.093435092262
93,1.66398581013246,1.67054765924582,0.296352017106179,-260.623603139456
94,2.36564669141708,1.40931387544707,0.313155520982647,-263.609762646211
95,1.92501584151564,1.30544970576749,0.021482799792273,-260.12232993661
96,1.53868819925163,1.35603715037205,0.056716787215207,-259.227648002433
97,1.20073310389711,1.47959972259285,0.193385576396067,-260.670658970552
98,1.1364838705544,1.06771307013402,0.337302037059303,-261.73550992417
99,1.43564107303104,0.926093609985751,0.140355432283772,-261.170422074297
100,1.45548331352478,1.02647185429093,0.0381772149299651,-260.09280920533
101,1.55325081376554,1.76359704505364,0.281379481343962,-260.956159577492
102,1.38611344332071,1.13469485942148,0.0648102128700504,-259.723062702779
103,1.72303941936877,1.3531194499588,0.099949206743791,-259.579166808881
104,1.22596934244064,1.27485294829927,0.138452474175862,-260.199246572576
105,1.6936857743207,1.46724202039065,0.285653626727961,-260.059317096099
106,1.55362339050816,1.3015036575717,0.185923441253169,-259.534808052604
107,1.4711228977484,0.763834937593733,0.25991553388711,-263.51282314079
108,1.49571891739642,2.29959817056248,0.706098963154444,-265.599450664757
109,1.02553489925948,1.89368401649724,1.5044193153003,-265.522306098122
110,1.10794039914062,1.40356787662338,1.47191086847674,-263.271316043497
111,0.974806243550868,1.47003023834284,1.17031819905508,-263.709523737298
112,1.50771421170504,1.43259058500757,1.44208705682998,-262.488002044429
113,1.57883942965129,1.39111919658375,0.675924560230082,-260.695706140328
114,1.7532525036652,1.71150956935366,0.229414365347224,-260.824404402924
115,1.63580404397154,1.45630372878281,0.326715654590635,-260.028412773005
116,1.83999735711199,1.62728979197878,0.217393816751735,-260.720220245761
117,1.24547932623201,1.16779424473511,0.115216720493477,-260.229655243028
118,1.89916960872936,1.25668020144213,0.131041750519216,-260.362630303179
119,1.83805634493475,1.47463614743311,0.149794070821414,-260.164166004333
120,1.517633116333,1.41019093244171,0.680200261059784,-260.660978459627
121,1.3518363106773,1.58905353698714,0.286302435062926,-260.471528753564
122,1.69959937755584,1.19282004305928,0.555641990454926,-260.890899088193
123,1.69290680291628,1.27708863046786,0.309706399905019,-260.071422097
124,1.31106460391767,1.1518383517286,0.209104642388966,-260.193874418104
125,1.44686654313556,1.23943450512185,0.706003242241043,-260.81420511485
126,1.2127361456484,1.75034354115657,1.31043543172028,-263.404898779673
127,1.7635758932549,1.54339946853749,0.379589767855094,-260.619072747198
128,1.52501521094845,1.43096358234913,0.171083620348515,-259.557046418795
129,1.68354243885552,1.43358088935645,0.952204550605333,-261.609204605002
130,1.31797186665063,1.50706765660004,0.739829714220974,-261.129847789798
131,1.68100774369814,1.00474614968862,0.519249124019679,-261.698841505974
132,1.74291629887307,1.5050726790667,0.213256756134589,-260.077635207809
133,1.48802493696373,1.32337477857264,0.0306988223002636,-259.177615533083
134,1.53138771534238,1.34753130269934,1.21095288826026,-261.93481125786
135,1.32977302369933,1.37930308688197,0.641361328990384,-260.726662687242
136,1.2896302498796,1.57381013837408,0.135725318720907,-260.422163833206
137,1.12158863422361,1.54924254862326,2.18457936176051,-264.887166329104
138,1.61834434013714,1.50159521868353,0.511478846178948,-260.507698764788
139,1.79984672603236,1.53583202680974,0.13802331930949,-260.130802248936
140,1.73479971176052,0.952690046577255,0.430370843347961,-262.035466234415
141,1.29557550258034,1.43864946090639,0.280494808808574,-260.226806329369
142,1.98972567972125,1.2254694073929,0.400391108198141,-261.597710109314
143,1.33708840884514,1.59067940106639,0.831841282317719,-261.494219959623
144,1.64844198754303,1.46098915371136,0.139531010945262,-259.623133924458
145,1.91181187910273,1.4910082065037,0.033452853186772,-260.186775828333
146,1.96502418230533,1.43317251536087,0.0937792359490852,-260.505222359523
147,1.78197142711155,2.03632212057733,0.468617713881626,-263.268377556818
148,1.65558967608236,1.41594397980823,0.32538838712549,-260.008851809441
149,1.65710768298455,1.4180854709375,0.114630611833098,-259.51624126283
150,1.8293941082898,1.35589562482552,0.431313492897029,-260.757991638412
151,2.23202071096743,1.55709719132053,0.185014208414536,-262.463249653433
152,1.26944580048417,1.29215350978415,1.05822288050009,-261.800774008028
153,2.01518801264251,1.39823062007913,1.34674514201505,-264.098114810712
154,0.961407752612331,1.25733933407434,0.984894678605729,-263.616154732408
155,1.72953141913536,1.23113343488046,0.25776160603626,-260.116667351873
156,1.67627513848998,1.67065482815349,0.26956769636134,-260.585037268834
157,1.9325336340444,1.48507375359156,0.235436639068903,-260.783017425907
158,1.41709195218787,1.48676690155177,0.387547665847673,-260.197921256589
159,1.54264520376632,1.51564222333503,0.385675823259114,-260.189473721512
160,1.35552518828645,1.43143104311561,0.515863131933165,-260.465226685499
161,1.5354228037282,1.2338653342118,0.662070125716248,-260.744593932438
162,1.50385198615148,1.44396818330841,0.75251330680455,-260.853332840404
163,1.56019846799731,1.58904210173789,0.555933163690128,-260.771728892551
164,1.51060490061476,1.54870052913468,0.00399386795224671,-259.502198547102
165,1.51940011167947,1.02443374156285,0.99427740648792,-262.508231671531
166,1.69033517457766,1.6515321051542,0.949956394479181,-262.095164770818
167,1.37717608830182,0.883785879576454,1.07935490822713,-264.0576076781
168,1.36512723860094,1.25531522940087,0.411817775268747,-260.227822584384
169,1.23478365445746,1.62071417561906,0.435640196260589,-261.287468725601
170,1.15501910274154,1.45167636718775,0.977566373435064,-262.095490792052
171,1.72749245448968,1.2478000547175,1.02942919667513,-262.0614205361
172,1.49322740973272,1.98951223538227,0.446821343782361,-262.700581675663
173,1.26398017753215,1.43036368965281,0.35741956955269,-260.472962723152
174,1.41864991741905,1.44916246993658,0.241262532686235,-259.830195975342
175,1.62610487155913,1.47891723643248,0.31480564301712,-260.025497590171
176,1.53289102744608,1.55905960864752,0.965551918068418,-261.577830401649
177,1.27393742747156,0.81600401902564,0.4417265328357,-263.615704681598
178,1.38324790963454,1.23748408842825,0.103113772354424,-259.554874184332
179,1.5112883579485,1.18422467139188,0.196293134164683,-259.743623114486
180,1.45682939956349,1.34000320796494,0.444182109150017,-260.110170080515
181,1.53096122146682,1.27713271529185,0.507992976856369,-260.298654186228
182,1.65641501351358,1.65831850162478,0.432312464116983,-260.859292140742
183,2.05256682812335,1.05038644532444,0.26395428486028,-262.30162648535
184,1.01767049605125,0.906867501286364,0.23823000840579,-263.910864986275
185,1.56787240124406,1.18507705904315,0.236923478808064,-259.866962461546
186,1.8367463207441,1.37395794088372,0.218876918080815,-260.243509948299
187,1.30762232894719,1.10722898998649,0.0408556557886454,-260.009113757523
188,1.38702809003823,1.67394195074835,0.062012329399064,-260.384410252086
189,1.62896521909804,1.03182728189663,0.0152405004579857,-260.071457860784
190,1.11480300696038,1.53715618176641,0.0612610851528932,-261.40359164904
191,1.20683083063394,1.12970686157489,0.377079042121719,-261.074995176291
192,1.33230998911366,1.34383269724843,0.0714909505603401,-259.59432794214
193,1.71688543005186,1.43924821203143,0.258294155438571,-260.008172711552
194,1.96627165471475,1.33926768037031,0.711473924514599,-262.128609401307
195,1.50036422746872,1.39254800295956,0.0905965433791402,-259.340713250649
196,1.51142500925504,1.53124528443939,1.49623829013686,-262.754235302163
197,1.57341710713387,1.26120172944757,1.593943869211,-263.103377233205
198,1.326442278248,1.5642737156139,0.156780544173575,-260.259123329125
199,1.64813535080918,1.23109725556432,0.853832535074998,-261.415094575485
200,1.69312551852942,1.54004990701659,0.729507401021016,-261.254032271768
201,1.85296507158943,1.57994301171137,1.2752352647053,-263.278232233238
202,1.75365451562845,1.58487865495961,1.22436949145776,-262.767449062562
203,1.13119135925376,1.76696781212929,0.629719637840154,-262.830027916508
204,1.15334100963377,1.33701758603099,0.859360955789649,-261.832627410207
205,1.1871290800908,1.57424948228988,0.95160954222406,-262.161786969619
206,1.46484454642293,1.55670693647462,1.24398084548868,-262.174017849879
207,1.38233008175528,1.2924782676571,0.0329961576134947,-259.357594154646
208,1.71967316149173,1.39602767164529,0.0542101248942992,-259.475973411724
209,1.42879328257775,1.45975353904652,0.278253481923522,-259.90734611369
210,1.35954561513288,1.63734723549598,0.0683182981192284,-260.309567887176
211,1.75128272138907,1.27691618182027,0.093321768886729,-259.682787597426
212,1.29081346264103,1.03105039947261,0.111030342340353,-260.629298966528
213,1.51424772508436,1.11118759053011,0.115392178540545,-259.80758764432
214,1.87153860339137,1.23715293059309,0.00801314737183738,-259.950593749478
215,1.35088245953708,1.99640440478546,0.0455296788076742,-262.663739511332
216,1.29748542705483,1.6714431767989,0.0307630329122333,-260.702945306743
217,1.58402839836442,1.56210914474764,0.0866891369242142,-259.699009310958
218,1.50655424130561,0.948959057562434,0.294693368786069,-261.319492985555
219,1.50297269033356,1.1324296563882,0.0938424040167243,-259.667816336613
220,1.72442839837005,1.07763826701165,0.333521050067821,-260.866065360046
221,1.53756672476721,1.21991370751829,0.270864658049121,-259.839929204205
222,1.56949537952734,1.1600526305346,0.179256767952645,-259.804372677744
223,1.78068822908518,1.11437555188035,0.19444998424096,-260.496384529651
224,1.47783367715148,1.3599247698468,0.716231815969518,-260.71255407057
225,1.75313916902361,1.40191402450685,0.262841161273045,-260.082436920106
226,1.53484295953942,1.33379497130419,0.600293221850703,-260.471014092212
227,1.6441289631133,1.48204760423879,0.483917685064453,-260.449515102524
228,1.49409864562983,1.26782146080415,0.407001362333823,-260.064948343275
229,1.47703033066899,1.02646585933492,0.236459696358338,-260.575159382454
230,1.52456427515097,1.34519754729793,0.888698192893247,-261.140883396014
231,1.41957797148436,1.2837973563779,0.148637534795499,-259.531609514611
232,1.57339119553831,1.32162156033664,0.079490611807648,-259.288292163956
233,1.58986399823911,1.34041048128492,0.385479443686742,-260.018745698753
234,1.34219794523082,1.36405817844915,0.406577571902887,-260.220046371479
235,1.43745803266452,1.40844768065183,0.0347902017501745,-259.31464376841
236,1.56974118788446,1.20534225840312,0.119178580185406,-259.526955315398
237,1.57551339016015,1.14736045136307,0.0630152856570139,-259.562893289617
238,1.48772431214991,1.0723112449814,0.437329689215922,-260.78938923498
239,1.42394443534965,1.60274403404824,0.803135867102603,-261.347304357676
240,1.6003966128601,0.880787622859923,0.149063873076051,-261.687049117184
241,1.65227989730813,1.23904247416764,0.0428737326870767,-259.374824803145
242,1.58572311009192,1.4310997042118,0.123250806761889,-259.468884473139
243,1.44129216757068,1.00265088380719,0.0821999049899227,-260.379303709879
244,1.66675624137798,1.36517167027513,0.0231607016375495,-259.271628593475
245,1.46136444840003,1.31094919314081,0.0452335664387987,-259.235631873161
246,1.59186540204454,1.46134061645288,0.073455804568685,-259.411924188806
247,1.62185991231567,1.29880857019209,0.145849111673864,-259.507735690404
248,1.41555614058442,0.98480880813197,0.912313769288283,-262.589915186939
249,1.46248047529429,0.918837248412153,0.196216098084986,-261.360502310801
250,1.60378691657155,1.70608501644248,0.11700476321407,-260.351491227795
251,1.38849071406896,1.40726791830177,0.0136620353670312,-259.378922609491
252,1.53819375904295,0.906321243362921,0.0383198213360687,-261.061895080491
253,1.54216830684026,1.86393860272832,0.0847326422674863,-261.205250350148
254,2.13703138407185,0.958757608539902,0.0257587579718538,-262.767713580474
255,1.42217833667858,1.42544461052633,0.131055664056157,-259.563644658783
256,1.34589013498319,1.39843308773591,0.14892332695419,-259.748484090667
257,1.82874861506891,1.92057619394503,0.677939786678143,-263.122248354891
258,1.43376709737961,1.85164872881039,0.245402664639207,-261.551672010242
259,1.26667873848376,1.83257305032757,0.654216823125231,-262.534068380359
260,1.5777305924162,1.03976044944864,0.722767097588606,-261.773300439228
261,1.67456863362488,0.936044384043017,0.169789725023208,-261.318392218728
262,1.56619194432031,1.10386480747524,0.229895486913938,-260.152419294159
263,1.64525865463409,1.66872593323869,0.415455293979597,-260.846706557016
264,1.90652357106786,1.52435689378699,0.674399781465912,-261.850003829896
265,1.84633030271847,1.48800759835332,0.407081811699327,-260.857725062828
266,1.53438818427373,1.84217520340509,0.0123160375397081,-260.954372699922
267,2.00833635377337,0.987656830141093,0.155153928144958,-262.168750201657
268,1.26946144570236,1.16605606375426,0.131777345833964,-260.153010403296
269,1.67728797080196,1.3891679049796,0.567496533848961,-260.618439292697
270,1.64401590814084,1.19896128902683,0.945504324966762,-261.727913295445
271,1.52358801257066,1.40489010778005,0.390479004652918,-260.006740024038
272,1.45579975475241,1.42128511061641,0.338088572508083,-259.934046556717
273,1.6271617168529,1.69751139902259,0.0945367033457476,-260.27726996551
274,1.44718468868789,1.04025982026691,0.873260416944326,-262.064763263755
275,1.81062970608473,1.27645068441796,1.77200536854422,-264.337446850899
276,1.16810511406041,1.7297145765426,0.778036487045008,-262.60327851218
277,2.05010125347874,1.10843089121975,0.582799285235077,-262.864614956147
278,0.868017440470823,1.77616540529729,0.813114984702892,-265.551105142045
279,1.43089072806291,0.991639314311308,0.234303236651078,-260.85003983843
280,1.47395490111222,1.20018233111942,0.111119478647496,-259.511767340396
281,1.48076915053152,1.50676331107862,0.638234681432188,-260.70586102184
282,1.41658435716043,1.49233460121214,0.634471969210532,-260.707748416948
283,1.49708252624466,1.59015052824439,0.99424423780888,-261.705514127495
284,1.38348879851526,1.35249599197716,0.390516275470626,-260.089417557901
285,1.74586858856617,1.30826241439599,0.274648294365452,-260.095697753075
286,1.33541326830288,1.16859963092889,0.118330981156645,-259.866842359022
287,1.67622317455712,1.09888078713191,0.455267602755113,-260.942278579317
288,1.21616723119387,1.54191123483104,0.328959569462356,-260.946037803989
289,1.60078964346194,1.51389589192573,0.302920007726456,-260.043285457316
290,1.73040466086601,1.08295569810312,0.614559747364983,-261.595663613699
291,1.27082155674358,1.14641825373992,0.144576537203627,-260.234540993943
292,1.73021729345426,1.31835966802808,0.00553170931556362,-259.366314974114
293,1.34024551844792,1.02263625002141,0.988749372865114,-262.580676223658
294,1.35086560328239,0.942441835729712,0.274765411313443,-261.503293516065
295,1.2139961093883,1.71416186863587,0.336882327828371,-261.718923124689
296,1.57637368259349,1.51042756620825,0.330510467144074,-260.074862592607
297,1.87401796924279,1.43068770742568,0.315615252623405,-260.667396877685
298,1.50245265117356,1.52463259199786,0.4749767563309,-260.397712173033
299,1.46547258789439,1.80082809560557,0.831466196452366,-262.239670155075
300,1.33044833345126,1.09081532267322,0.00269224646890755,-259.913198772091
301,1.68351573804181,1.43651269116839,0.567995934801063,-260.668150461657
302,1.4320516276442,1.05589499204007,0.166283494757777,-260.255281718464
303,1.3572142450821,1.28068467608877,0.558460978992066,-260.52329728722
304,1.42688298414152,1.28105370168412,0.275250201470261,-259.798134179611
305,2.37330745535593,1.14223804305146,0.581818226612003,-264.946947305518
306,2.18731785591382,1.34958758720966,0.229270853985465,-262.12943031443
307,1.1136697379655,1.59693746331261,0.630703134953005,-262.163045667175
308,1.42014443923621,1.59514356420489,0.000457644094992191,-259.825176729004
309,1.41340295564905,1.68069642185768,0.256983994799418,-260.655046196098
310,1.31516273030602,1.67893746678872,0.784270630677686,-261.791106976288
311,1.40612803158071,1.22686034787601,0.794385027003108,-261.073010121441
312,1.4541953628948,1.10524504833505,0.831436605799317,-261.581717512876
313,1.34943107250798,0.957552943999175,1.34480756818678,-264.005058431369
314,1.60734116080636,1.26791371839702,1.25612727608222,-262.276707684059
315,1.42969532605539,1.50380844243828,1.1473106892069,-261.837458238363
316,1.4762418127274,1.03192956017356,0.0596026654489669,-260.097315315282
317,1.21907096743299,1.26841101965472,0.0981403522618692,-260.17282080181
318,1.88100453471469,1.89164706419759,0.0924468698329716,-261.803693067003
319,1.47962234034838,0.929163905629665,0.0217052076386041,-260.797022827025
320,1.93905603685555,1.48973504321255,0.0553023198198047,-260.358615923344
321,1.28304930718247,1.13404084697824,0.278087122065077,-260.506052919036
322,1.68059834500406,1.52365085531485,0.159595948588545,-259.856198612831
323,1.68686314264875,1.51316010123281,0.203217008960008,-259.943303838907
324,1.29263168887797,1.27862997502251,0.31274238050281,-260.20880341678
325,1.16867445156274,1.38162397904684,0.137558615624037,-260.609964040739
326,1.49283137990458,1.37611091763664,0.373703353309103,-259.948605147442
327,1.62198006366103,1.33018215296458,0.432478272611141,-260.179806576696
328,1.24286487109124,1.60875384004512,0.467538691558887,-261.246036168235
329,1.42506302140749,1.30608061979203,0.0862266893619653,-259.377167996208
330,1.44389936299687,1.25555565255425,0.239566129989628,-259.728477112707
331,1.13443091995706,1.00604218740903,0.0513807130080749,-261.585184681464
332,2.13493691585029,1.63157656400419,0.0293081570702397,-261.634975208556
333,1.81402376182817,1.14513293616093,0.154791391677224,-260.382641524241
334,1.75401834105441,1.65051682814575,0.0232736440453937,-260.106210456153
335,1.56302930633837,1.0500887684486,0.471218421639194,-261.046948944764
336,1.42291428437756,1.46194814675995,0.696863803697523,-260.776274891131
337,1.28799498562363,1.29555534740917,0.729988389206906,-261.04204908163
338,1.04712624746968,1.50367433725568,0.0310101197238803,-261.968749469298
339,2.21349851173942,0.888582463922827,0.888915942184917,-266.440155581185
340,1.06164985256808,1.96493724311846,0.642634711599776,-264.629321704122
341,1.51888382518271,0.879171387265945,0.536176666446173,-262.655225521208
342,1.55329719875112,1.69174025804241,0.0398534481511796,-260.134593100398
343,1.56351927241031,1.05272856555385,0.468251859623849,-261.023850280189
344,1.59128273271399,1.34301938876015,0.724053961575774,-260.82684437371
345,1.15514418516907,1.36064157975343,0.560112209001229,-261.301206210984
346,1.83577493100095,1.5022680365384,0.303701506945365,-260.585671382729
347,1.42325553033516,1.46636573474763,0.711222769384894,-260.813675346072
348,1.64018704703074,1.27103539737434,0.509762883064175,-260.457157311236
349,1.59962555540722,1.45672067761913,0.103760960877945,-259.477190712479
350,1.78797268409278,1.57538329041444,0.448662698451413,-260.942516983795
351,1.68819707942191,1.31220339722962,0.206011699713511,-259.769143549403
352,1.75510873830705,1.21360603692041,0.647177293469916,-261.240931869676
353,1.51754998135208,1.5471244771312,0.404130083414722,-260.308629409456
354,1.59543621748513,1.61035392652653,0.942823361533486,-261.747472691756
355,1.60988766051695,1.80096377507458,0.897657885942514,-262.450860579841
356,1.27927561778547,1.19120252147219,0.220894899467985,-260.223561267929
357,1.74302830053308,1.26174338286406,0.100005794287128,-259.696375801124
358,1.06761662075111,1.3931551194623,0.641650247725665,-262.056121032573
359,2.13009638613836,1.23702700400952,0.573005318242186,-262.871205390001
360,2.19522463306996,1.42812420159806,0.920231493014071,-264.067894156887
361,2.00656037339895,1.16800881351572,0.542419111965486,-262.251409435481
362,1.78563532633661,1.58308266021539,0.236181936730153,-260.450524196923
363,1.29787155770426,1.48490435804468,0.125210597922221,-260.068614862111
364,1.48865520222972,1.38600624340814,0.138666052627051,-259.445657417123
365,1.28503788941743,1.46137463252605,0.238914237620019,-260.247318111476
366,0.977038353488015,1.48014613232266,0.240141225551162,-262.757060892776
367,1.35841262740286,1.23220979017827,0.229143457333614,-259.893171871526
368,1.25498215718398,1.14786240921485,0.562095783578668,-261.155580770826
369,1.79903358876908,1.83001423994938,0.164097193480439,-261.379929555826
370,1.53570071598092,1.19645807491543,0.351683193747549,-260.089675564844
371,1.39318826182679,1.46543774363356,0.124293879915684,-259.692747032618
372,1.50707015063101,1.23112133587498,0.303864885362884,-259.886273310846
373,1.39547658891835,1.11593674522309,0.902514168437687,-261.73337619418
374,1.50996278366421,1.2546599114169,0.0592432908681145,-259.275416122616
375,1.69601623597902,1.44347006062461,0.0633438713357203,-259.499492411295
376,1.71808852162559,1.47367100443654,0.0815575687269289,-259.640821984307
377,1.33243291123389,1.01377950355373,0.0643356280438243,-260.485549944688
378,2.08961090712674,2.25113022819124,0.0984771614051583,-265.059023792294
379,1.58257822735446,1.49917393272321,0.0773576319047845,-259.498392346511
380,1.140921037609,1.34418951164061,0.190842788233391,-260.847935926827
381,1.54645016436676,1.38393975635364,0.266795571936402,-259.720706719919
382,1.60217226220673,1.71412333943254,0.507014779731784,-261.184896091732
383,1.91631589621883,1.26742284353196,0.0130138157345354,-260.105495340632
384,1.24075712827338,1.14839054252326,0.0958203344442974,-260.273658320126
385,1.81012679056772,1.61109385154515,0.0215562925390143,-260.103386080109
386,1.32507265677005,1.04720697276599,0.122016100953208,-260.433143120521
387,1.64447497321323,1.957455374091,0.381352985549566,-262.342996680878
388,1.8719105481511,1.33328478785704,0.388971677290669,-260.832419322365
389,1.43588302188204,1.1127270313679,0.104049331786696,-259.817608358512
390,1.68916358893198,1.62348063478719,0.122981039042529,-260.09965150032
391,1.72211661703346,1.84038294993094,0.20482204249797,-261.362302148677
392,1.52388177477673,1.85964682437796,0.548339827164017,-262.004288286032
393,1.66035589124926,1.62274555487249,0.495951694989532,-260.876921330869
394,2.01412554318404,1.11263020034431,0.878534989631796,-263.455247793804
395,1.93299427191943,1.04357693603684,0.594989927852141,-262.61671844209
396,1.55037303507544,1.66897051202555,0.878217276064299,-261.750064616123
397,1.59823082653346,1.25398493177573,2.28620466012875,-265.051340947481
398,1.46004567647737,1.31893060301746,2.19643999513385,-264.416342487024
399,1.32599204609337,1.13315386759433,0.756139761861151,-261.42153921183
400,1.66557581579933,1.74999199147652,0.18350490242269,-260.750552762477
401,1.18882838703381,1.59184882919671,0.173128939001375,-261.122292147677
402,1.67370045098156,1.50864118902832,0.249293849763947,-260.014336919829
403,1.87984378189437,1.14791523066237,0.22595808746328,-260.831982798878
404,1.66498192139558,1.26608670124814,0.245569398674812,-259.863111688749
405,1.85535877294338,1.93278043121193,0.417294172177548,-262.689658390181
406,1.51898945862065,1.18538872583283,0.391599625085419,-260.208819457738
407,1.53682703336154,1.3801968116028,0.435263210755784,-260.094783745423
408,1.642948199289,1.34973366715618,0.137560540892438,-259.504370811021
409,1.27539346135202,1.4879305066415,0.526660155215054,-260.828406922873
410,2.106705189226,1.61249003666634,0.902411211229753,-263.706765142963
411,1.55649064994398,1.45709155816765,0.143273107733612,-259.5426731437
412,1.18306221650894,1.1854847021419,0.220560034758707,-260.736994874058
413,1.61269162503052,1.59494264064665,0.459968041335898,-260.631712717811
414,1.45230549588785,1.03335792817484,0.170481447257313,-260.381618604402
415,1.5354250510475,1.05660582696425,0.733121138599602,-261.641175458823
416,1.23204570908754,1.35095323123375,0.507506148671831,-260.799515333825
417,1.11256637580416,1.37146050213255,0.662328122445232,-261.742780587093
418,1.18218491380902,1.61098300057873,0.32765381225674,-261.40844819615
419,1.15400693300979,1.1677262402407,0.428759146076669,-261.346697245265
420,1.87630827398436,2.25814961071937,0.183100775134996,-264.598152102543
421,1.33583634695357,2.19151569819595,0.122040423950775,-264.466833140418
422,1.26369204068875,1.69607860115874,0.981066692645351,-262.372025178349
423,2.08822228549367,1.67499892099742,0.519163388101118,-262.77310697419
424,1.69313344118248,1.14093536755983,0.83082566168467,-261.77132924554
425,1.78658280885841,1.50450055417736,0.502485291437627,-260.905940869304
426,1.46538433866638,1.60144260553278,0.467385658925437,-260.63312498752
427,1.50571428859669,1.6982726822509,0.554726754404549,-261.174775857498
428,1.31260321234416,1.33347308308767,0.610421710839127,-260.702740630842
429,1.54334473900579,1.29548178815394,0.213912221762938,-259.599351123872
430,1.37736690578367,1.26566307543462,0.0921858893727619,-259.511851263685
431,1.65505257345093,1.3056275701957,0.00430759562312289,-259.207974153188
432,1.25076088794324,1.31374503689503,0.0185625407071727,-259.84831740588
433,1.77167037847269,1.26019671626878,0.184812454027046,-260.004722728122
434,1.4330029715393,1.40678430439462,0.414054260998316,-260.098752423806
435,1.38819980896826,1.35225518545001,0.687981265653815,-260.707784973814
436,1.68547702618604,1.46125679145432,0.401719137615926,-260.306348253089
437,1.59090743065541,1.41447089222072,1.00321984754299,-261.513703514862
438,1.4037786000579,1.24395597320629,0.452528193036144,-260.266987165688
439,1.43584285259092,1.48427224056443,0.389337266142463,-260.170218298601
440,1.51135658113725,1.47734791367037,0.993516183199757,-261.457822146375
441,1.76639521205306,1.07926611118947,0.2395117419881,-260.740276162659
442,1.50300670192599,1.00788908613706,0.329633776924022,-260.933294104731
443,1.60599310319394,1.10097653534123,0.543303210720808,-261.009119842954
444,1.71633566733342,1.57468557542981,0.524243260115922,-260.913749532719
445,1.70182132006462,1.49394252103613,0.309893410841799,-260.182863753062
446,1.79412985390823,1.60087936510192,0.824908700769571,-261.950347329625
447,1.87125667540435,1.51344019771668,0.129966200235797,-260.309893120148
448,1.82138994668864,1.50500692485304,0.130294158144448,-260.112782372031
449,1.63933722171233,1.5433072855752,0.25782429067901,-260.064448259451
450,1.85288006150066,1.47778099966795,0.0420406613586386,-259.953522673586
451,1.86349435349828,1.54550530301412,0.489251009163496,-261.241299576493
452,1.5752834702016,1.35025075265108,0.725300425537865,-260.804307930942
453,1.37495708212865,1.6701451041819,0.448955976757687,-261.016778409356
454,1.44577401623738,1.01140782424151,0.101728018526445,-260.362187069212
455,1.38688483926965,1.3499073339374,0.164110764901432,-259.621195599929
456,1.43838623095802,1.6997837089225,0.132223966438646,-260.488756061604
457,1.42892716195932,1.59792949075245,0.169085949596702,-260.11114749994
458,1.42275415942571,1.01651048876823,0.027985200827374,-260.171224769354
459,1.41291544190174,1.69685452764283,0.0187650346278395,-260.358278695879
460,1.63535147506755,1.45817423761022,0.0400145012283595,-259.370297389183
461,1.58094821958442,1.40852405153386,0.240035015005031,-259.702242730937
462,1.72510872357164,1.78500229541307,0.0982913815222908,-260.839248964654
463,1.783298604373,1.97142420138676,0.100727766583525,-262.076305406207
464,1.70601512519217,1.39067137043436,0.0347010862611778,-259.392621271317
465,1.48669328149224,1.8374912094025,0.284049041279782,-261.43097261492
466,1.42689479496146,1.82153991774451,0.0533341056078769,-261.103445816019
467,1.86002890440426,1.15744130630408,0.0305381918484095,-260.182660700638
468,2.08484785189308,1.32012748554895,0.0287628342884339,-260.963086558288
469,1.57992808102086,1.11024383129167,0.0937005960041481,-259.792417921449
470,1.55722285428733,1.71275888522702,0.648530408235031,-261.441306565663
471,2.05710074951589,1.68019310923384,0.092383770532608,-261.533555808135
472,2.05027395044238,1.89109080148021,0.329984569665945,-263.035933814289
473,1.50933377642918,1.66632968477135,0.342470891540792,-260.617387963378
474,1.32695224084445,1.03670221554277,0.275883420926919,-260.843654403002
475,1.37241753340866,1.49235660476772,0.256418352348716,-260.054235769601
476,1.60462495904583,1.29632405753424,0.740011867371817,-260.923082953941
477,1.42433633206722,1.41955902127725,0.155606866647589,-259.599436318968
478,1.80690010095325,1.48679279618325,0.188687263910671,-260.172995638564
479,1.86650371987683,1.27223094363645,0.570755059784524,-261.352222367909
480,1.44814044277494,1.59088386871221,0.474765832359626,-260.626416463479
481,1.94156007229661,1.78343608417303,0.431061860216268,-262.249534751079
482,1.82965865215807,0.905572947121569,0.312150963787589,-262.49285330872
483,1.29457658440765,2.04618494043536,0.906750840795312,-264.255832923722
484,1.24863923857879,2.26730843580738,0.318058292031768,-265.701917135259
485,1.24275469318923,1.07869611907229,0.00334290135133324,-260.348469543783
486,1.03520156439539,1.35904506664659,0.148730202422339,-261.795555975814
487,2.18129037712846,1.90624820048273,0.0330813307582784,-263.069661779398
488,2.02474532110235,1.89192582576819,0.449177224485692,-263.206916524388
489,1.47220055359965,1.10154924358524,0.490657598320339,-260.767975952173
490,1.89568889011336,1.3312277554639,0.400410462117408,-260.968165648188
491,1.14447593996892,1.49233295523539,0.571578477811589,-261.565236308621
492,2.13089665962042,1.26586059809187,0.156514198866342,-261.663928349142
493,1.93372825186635,1.77343860270911,0.437224965184036,-262.185753487109
494,2.01997384012612,1.66156378200142,1.21083045872778,-264.158505464328
495,1.03718952744203,1.04486530894205,0.618529871717584,-263.198861873145
496,1.24797574968823,1.37331686462027,0.0431512940737133,-259.954413968737
497,1.0279611351695,1.19178150654522,0.317414862196547,-262.152832145457
498,1.33545011587255,1.63904202580204,0.0117810375679339,-260.333308398065
499,1.66696212833685,1.01316189437508,0.221466011036596,-260.818219331039
500,1.36187980474272,1.13751069699435,0.227147130867077,-260.136333858952
501,1.92270111124384,1.24685703228249,0.151941598680196,-260.544106379186
502,1.26445237276456,1.23203394735253,0.145051300686707,-260.058340931875
503,1.37542228223136,1.43822975173279,0.28027986453814,-259.975051469825
504,1.56527648444385,1.16061934056378,0.0478436884280053,-259.471693617526
505,1.2538691430133,1.45750390454813,0.300151519921038,-260.477428118782
506,1.40839541298727,1.42315138010926,0.262469614201017,-259.846610150331
507,1.61651788252438,1.26998217655963,1.233997686403,-262.236043118746
508,1.70254528635214,1.35770147160726,0.865922988550076,-261.426230881521
509,1.51432945408223,1.42670732649271,1.59112985830242,-262.865701312555
510,1.34862325719462,1.4180277913835,0.728332096254346,-260.89127299785
511,1.24309112410273,1.39496308980152,0.0373116648929433,-260.005459169174
512,1.10027676165009,1.65234721936859,0.211109411080779,-262.131927133623
513,1.42370944303365,1.41337360081708,0.22830359445875,-259.737938114229
514,1.62403204963447,1.81225282338893,0.432503742165337,-261.541970619289
515,1.72081715842614,0.921135561817047,0.0385205796580775,-261.21251064883
516,1.45163410312677,1.76020931806108,0.0998764642219789,-260.735777066
517,1.51262696429336,1.49606177277799,0.343256954124066,-260.050155163677
518,1.14180155726813,1.31452565078559,0.654993368574836,-261.546534447818
519,2.13639322604745,1.1271655035356,0.490203096613345,-263.05330508186
520,0.982800154776715,1.66813370489161,0.256712511852971,-263.445365405556
521,2.27213770413532,1.28112185300905,0.256860940705285,-262.863128740837
522,2.04842506052687,1.5135483417996,0.184585083695579,-261.275601801742
523,1.46588592866196,1.08512350076897,0.00676801663795351,-259.675268375512
524,1.74122129206716,1.14475338649518,0.0364187157974445,-259.824599276639
525,1.39534858217409,0.955832382892738,0.0390007693059892,-260.705109858147
526,1.25568680579715,1.17060240194715,0.109363688510573,-260.159462424966
527,1.54121783792914,1.11093293259949,0.180638306285333,-259.978818454475
528,1.6246327134093,1.78832453340948,0.101956093417242,-260.757178770162
529,1.47817883961717,0.880664491417878,0.0283212091822665,-261.310267992304
530,1.60325296707334,1.74845851617592,0.22735293633458,-260.780305433256
531,1.05778191257151,1.51125496914337,0.761660308820479,-262.484990084882
532,2.14006958035635,1.44053193214076,1.14666127011963,-264.327537343167
533,1.57190063048025,1.58691634409788,0.557307082964034,-260.777016802443
534,1.68140855547398,1.29965555300257,0.792868778409573,-261.223753571466
535,1.4995547263,1.74853454438249,0.694920417706579,-261.690532761536
536,1.79096327000781,1.4664715046643,0.706717042019756,-261.369249211129
537,1.67568581202551,1.28943274698419,0.618378430370534,-260.782389404694
538,1.35644792843938,1.46701527922768,1.18826104112397,-261.924757252078
539,0.939627672344829,1.09809319300941,0.415360419200259,-263.651538292429
540,2.27499554056331,1.31837022447281,0.412246860719604,-263.267400646022
541,1.96605551994062,2.00206973686137,0.0374661007732801,-262.654377518451
542,1.67759969291369,0.996228754443837,0.324871965763293,-261.239743220685
543,1.74674860430973,1.45013328540863,0.751794471271898,-261.312301873248
544,1.39813255095946,1.28483032893182,0.448221561301562,-260.209879584851
545,1.52997750948275,1.49151908428974,0.50638242490421,-260.392670743489
546,1.36219993863137,1.13064373395633,0.0597181969507547,-259.784149282092
547,1.54495963041017,1.54967641547742,0.0977855103373517,-259.678779973195
548,1.81978482398351,1.7410590953045,0.0914249600157096,-260.821249906338
549,1.4704003619321,1.87499387579416,0.105525890259843,-261.421187303738
550,1.7242118754715,1.18303180170532,0.28885405993959,-260.305909747709
551,1.89862794278304,1.46169746607828,0.0704767426021436,-260.180011898326
552,1.36553825431788,1.48214163598666,0.0204216262622306,-259.625638261078
553,1.25048726151667,0.99780518692048,0.0965700116036931,-260.999153054373
554,1.53648316657141,1.32157054441111,0.0628721923993233,-259.235882213552
555,1.41663348222443,0.882498047687726,0.293126220091365,-262.03517293448
556,1.555017169432,1.92792735253879,0.133557465220759,-261.702603932422
557,1.38240920669142,1.22708311821752,0.225845168386316,-259.839577235556
558,1.43098402206868,1.03301413665012,0.248834422566215,-260.595766041439
559,1.39741621912245,1.27829815149725,0.0433261497909763,-259.350641956827
560,1.43803065759849,1.68107139979005,0.0420945755370786,-260.247100493375
561,1.96996604861479,0.980028041962068,0.0372303609816627,-261.688748343514
562,1.71425564043501,1.9391737760487,0.201613026844449,-261.949990179741
563,1.29914080017524,1.09549894241155,0.0426816203936737,-260.096776572597
564,1.72046485616083,1.36680522021067,0.797410971841352,-261.304801714325
565,1.81274910534174,1.65640697181385,0.605373556564092,-261.654826709977
566,1.11629128975236,1.19193054963725,0.898891303699202,-262.386265087085
567,1.7337853371895,1.86480868090766,0.292448579823673,-261.706686488685
568,1.20343385858304,1.94484832808382,0.248998551633039,-263.214561693721
569,1.51672675379395,1.67637787757878,0.190834915073535,-260.369014445916
570,1.3240027270308,1.07326897371997,0.434634529752811,-260.99479374666
571,1.6132785033211,1.24992473748018,0.301269297841688,-259.931882976987
572,1.27460486665676,1.42982902158673,0.598332180611149,-260.854570269779
573,1.46966367798004,1.32863724139563,0.158430457566805,-259.475842427798
574,1.57447846726875,1.407044733087,0.82225748155429,-261.045610899018
575,1.81670051014261,1.25952816838811,0.0231411042412551,-259.738585018696
576,1.48203696256713,1.13142463788803,0.184453452373757,-259.897425460929
577,1.5975236891369,1.48558967123393,1.18508337840749,-262.045257019626
578,1.28318927703152,1.64528046576891,0.224495563261369,-260.880605322084
579,1.83718937388204,0.991759755362956,0.198711236354538,-261.450229270015
580,1.97159741548404,1.82542879800449,1.26656597149249,-264.668778907212
581,2.2972834642612,1.82208629841729,0.243530960229147,-263.906838985946
582,1.4599596687228,2.00138397672181,0.637325882471311,-263.138177414826
583,1.06871916874164,2.04491182494934,0.4419985104374,-265.090511635069
584,2.20325845814163,1.60777669050413,0.383872848070901,-262.921124217478
585,1.90386877263749,1.37609177524838,0.575246478027847,-261.445472643796
586,1.34442688297687,1.53890614048261,0.679588150300388,-261.029957157249
587,1.67342526097859,1.56550398631635,0.0504728817612395,-259.713992484742
588,1.59252689503913,0.857598960391199,0.146252611316002,-261.936462430397
589,1.8503580041271,1.56716070823936,0.566957956520271,-261.433212422534
590,1.63754801313474,1.32246370679857,0.673089777895136,-260.798074533732
591,1.3781797862713,1.42274614056158,0.0808639294412499,-259.562668146551
592,1.98829145683988,1.40921995956968,0.333171309731937,-261.232398951778
593,1.69031096669927,1.32158624040883,0.403281736947532,-260.255103843278
594,1.75093728965916,1.19786750324991,0.783255195868309,-261.626416117824
595,1.58145296234474,1.84254564099376,0.282239496885707,-261.401632569725
596,1.77781725501805,1.32935767016593,0.47262311003742,-260.684270190775
597,1.50811035525217,1.60754018187129,0.0187491574355598,-259.751980809868
598,1.44767926764325,1.71281172745376,0.0345600708573346,-260.377652986095
599,1.50543362545432,1.17925654831789,0.121437250029643,-259.57838445355
600,1.56694556065486,1.17460095861019,0.0113250703475866,-259.338273819151
601,1.52100217233822,1.91687670980604,0.324866052279563,-261.97074162396
602,1.69629677000474,1.38447080251785,0.383284705978712,-260.214667600775
603,1.726051597026,1.2480402758787,0.197244586369013,-259.91939987169
604,1.65816111098595,1.46042286776115,0.0757896362997699,-259.488835985702
605,1.39363220071852,1.57313762101454,0.0542161269639274,-259.900871235149
606,1.4711289709898,1.70177482356426,0.311498194259833,-260.753293474643
607,1.10442173448376,1.49956263028194,0.162323647822415,-261.430354591587
608,1.43954640105351,1.42934564908155,0.148575037755026,-259.576010849509
609,1.48191537033612,1.47834035858632,0.25437878229146,-259.838664481534
610,1.57847651490787,1.94006475957231,0.11652474517314,-261.742520921664
611,1.62662078618215,1.47672083201682,0.051408811965532,-259.422875495028
612,1.72456347750084,1.18552178536406,0.138459987753623,-259.910375510202
613,1.57743776909591,1.2562202192456,0.381680809282936,-260.068846963301
614,1.28843537036845,1.12378348415573,0.452675552561984,-260.897988920438
615,1.29276719948095,1.12958972441617,0.220324078396673,-260.364153297144
616,1.51206623113532,1.25600335171099,0.559137361573322,-260.440821245874
617,1.43020267933807,1.21501264631266,0.450197736341397,-260.290561299198
618,1.4875144682379,1.56430250349917,0.573394061220049,-260.715909538147
619,1.48487324933455,1.1252920439177,0.747132390167222,-261.281669392231
620,1.33416967433811,1.02861611665194,0.941087947549567,-262.433226432887
621,1.1783559456461,1.74991844900851,0.0708951164795802,-261.971023293348
622,1.33063664231383,1.13705047858048,0.323257998862607,-260.431842475186
623,1.69320297720776,0.959925766895601,0.450503779596539,-261.90621784344
624,1.92637028465913,1.43554545566697,0.205594194567559,-260.61737067123
625,1.92562034181253,1.49276913587041,0.142607314213043,-260.527699421569
626,1.63712080015223,1.51884951480551,0.136175793869118,-259.724498985995
627,1.91982719075288,1.29473877434155,0.0446438338307152,-260.171221135091
628,1.96914134343508,1.42262220065835,0.0994842211962328,-260.531359111756
629,1.98736369950357,1.14598283483441,0.178463861074555,-261.230920013661
630,1.15348099860302,1.58174499420587,0.0999825215144142,-261.279469252556
631,1.18935064122821,1.48456276504461,0.0270385465411707,-260.563721903473
632,1.36158676854143,1.25357043772894,0.277582778762592,-259.954706357072
633,1.20256139317573,1.46222727898924,0.0689195637764075,-260.453399349698
634,2.02775242061587,1.54227079889187,0.333360718430009,-261.606443081204
635,1.659234481444,1.09356815881322,0.363923370536946,-260.692561914953
636,1.47834506495798,1.36519671314328,0.568791531464581,-260.379738415393
637,1.66714726298582,1.19345902188241,0.697322822582224,-261.164875692381
638,1.81361036863375,1.58034417821797,0.366750511252897,-260.843785337025
639,1.39407577039465,1.67584388164575,0.0200538137311808,-260.308396159501
640,2.01058407261192,1.33652710352796,0.0602610287602979,-260.626053525415
641,2.37519471770765,1.40096713670329,0.0583066770638716,-262.963486105482
642,1.77400172645839,1.48282894891021,0.373304559955551,-260.511237507787
643,1.66498505739978,1.34128447032846,0.586419695061251,-260.635547555637
644,1.54213243086532,1.03339010469928,0.546096054635602,-261.322143921075
645,1.55755239038294,1.61396254568673,0.861765222379547,-261.524692762545
646,1.38224639013437,1.20683224072992,0.406203630378963,-260.276622201632
647,1.73321135581497,1.21339214225934,0.606291984882839,-261.063311689642
648,0.969295948488231,1.09369046036789,0.514267642770259,-263.440831471528
649,2.17351526951004,1.61899802932219,0.176377510376344,-262.214415437642
650,1.86461502799812,1.44958870281169,0.204851052891235,-260.367931805436
651,1.84168494676288,1.55261170192326,0.193112840506208,-260.446195082493
652,1.61400538913022,1.52861136239662,0.0766704195523388,-259.594049140692
653,1.40171453330714,0.97572166560858,0.847586892790473,-262.51559381989
654,1.74030325186487,1.21196586869266,0.535875375420852,-260.908207004762
655,1.23849595055963,1.31876314103212,0.0967344261792169,-260.051437893538
656,1.48673710689928,1.04986815943923,0.242303938323517,-260.439762622482
657,1.48923930802431,1.84422422198187,0.427329104796938,-261.713035329952
658,1.45315135343191,1.24413190058041,0.19013856385168,-259.624907633498
659,2.0658662540671,1.36233985608052,0.322717878138016,-261.627131358861
660,1.21645987758604,1.304351842474,0.260154559787897,-260.448908822289
661,1.8714830349498,1.58935870638757,0.556809264055269,-261.550049514381
662,1.82208505764679,1.53417455651075,0.118023317020745,-260.14980538611
663,1.73420029555523,1.49156099152029,0.636454541807004,-261.04548641538
664,1.40046954019553,1.46708678160552,0.260082473347703,-259.937059220298
665,2.08502114817599,1.36104094263498,0.290215982776586,-261.651955662786
666,1.15499282858433,0.960316754443161,0.156109480622143,-261.994610633499
667,1.91807510747673,1.72328358053561,0.0903686797375329,-261.070224024377
668,1.93857279073298,1.1709356368584,0.424222595129167,-261.559492084
669,1.73103702027095,1.18775029175564,0.305306808683595,-260.353992609123
670,1.53671329889724,1.53458378974172,0.87627973836036,-261.316825149245
671,1.63388028161923,1.51536450888751,1.22935690087345,-262.280748157906
672,1.09044485216352,1.16102078820539,0.248950317514813,-261.547532795367
673,1.45994154786082,1.65862325702754,0.342206804122724,-260.62519229415
674,1.87281243669192,1.28968409270009,0.119377028121335,-260.170256647772
675,1.5092982119261,1.39323293075857,0.134527641910791,-259.433322434312
676,1.27172730260851,1.23875517597668,0.113497895579381,-259.954636710088
677,1.26592507571402,1.63602930196,0.689413348029989,-261.604643650984
678,1.69672965366162,1.26580237864272,0.380841822018704,-260.27498203304
679,1.62455654042541,1.41499458129849,0.583349561906506,-260.561743025925
680,1.37486575465418,1.50802355056123,0.200029381836812,-259.988294377629
681,1.71409121729202,1.68906921480277,0.0608144218984943,-260.27214153298
682,1.89726798599804,1.35771227803553,0.0269468362303068,-259.989929238212
683,1.68130439440938,1.23080985317673,0.0348693488483234,-259.42664958884
684,1.37192181234853,1.34754924010221,1.10465736303009,-261.659076701772
685,1.46491843876045,1.62246119254004,0.9485767037903,-261.701916846677
686,1.56868077856105,1.58648710676982,0.0922668267875806,-259.790529384474
687,1.52532877304233,1.678401319101,0.0592213463743288,-260.125572789389
688,1.72674273492333,1.5789141725055,0.0797595611131444,-259.920533199002
689,1.53733553031734,1.14093783360488,0.136985799628486,-259.74640159304
690,1.59609028504543,1.78057445609526,0.00475722120378068,-260.524424171127
691,1.57534387668004,1.72645500676037,0.068910342696641,-260.356155422752
692,1.66252601701228,1.05637938227766,0.213586666588504,-260.510980185271
693,1.29779640920196,1.25962860937786,0.498868108852891,-260.581856165566
694,1.65052937818427,1.52190077120594,0.634924032082124,-260.892790494262
695,1.36661956328635,1.16686796585254,0.527636300529288,-260.691128122873
696,1.44161818884049,1.16630780978284,0.268025373573878,-259.99729331605
697,1.68622178220858,1.58780107098578,0.290130174610695,-260.345970986547
698,1.38543215957196,1.46947867503336,0.236918014884918,-259.931428991351
699,1.18560999634292,0.953008788224511,0.0838191106585003,-261.693240259382
700,1.65378678317705,1.13137559411695,0.000309212092230376,-259.56928417609
701,1.36708975791901,1.43961392301714,0.00983864972793618,-259.496109029387
702,1.43445250926509,1.25318471815591,0.00788031082865287,-259.224871352716
703,1.49020541714474,1.17301693601538,0.188869451617653,-259.760983300645
704,1.58103725168697,1.04718409256258,0.463360041729692,-261.067085185242
705,1.78820952276824,1.54524146156301,0.617263290721214,-261.276944417564
706,1.64786836171648,1.24388263764336,0.910180758304812,-261.529101709232
707,1.92556943288391,1.45061690307698,0.691251119385678,-261.881489084693
708,1.26070046400419,1.44417788569977,0.598966005975231,-260.927949060276
709,1.22821908186889,1.53436558802774,0.171517211060461,-260.646349389773
710,1.60724927432022,1.2288576402504,0.0346230063682441,-259.305311781057
711,1.82876389712091,1.13396496088181,0.392639927910028,-261.119461144609
712,1.85086261139435,1.19640773576622,0.720606269286186,-261.859070071986
713,1.50899381959357,1.56123723463526,0.0429423716549277,-259.624141337838
714,1.56371381184941,1.33024082310868,0.419443400549034,-260.07333612326
715,1.274069158639,1.18230568851715,0.202747685305248,-260.231527898053
716,1.57817552895209,1.68302460530615,0.396554267887328,-260.799942508493
717,1.20985361855654,1.06646554897382,0.394384192993747,-261.39979999501
718,1.91306061918092,1.52848398828721,0.627129225043184,-261.766830193749
719,1.35050185343122,1.15924968874823,0.103820735231109,-259.818050496353
720,1.69886283764295,1.43475074808313,0.0324627926881884,-259.418635463406
721,1.47168069287814,1.15163639367662,0.208842895047474,-259.885430819401
722,1.83426356549986,1.62115149046867,0.246283840308664,-260.749228920714
723,1.49234126951269,1.39030849115889,0.608960376425135,-260.478875404924
724,1.37477197754852,1.42935910168441,0.870110185312929,-261.158037663952
725,1.7233765458288,1.52699002352578,0.935713066290652,-261.813900541406
726,1.30735786446094,1.55636162775068,0.190387657242798,-260.357699658449
727,1.33953143135356,1.54994227727502,0.997072856368827,-261.70255694342
728,1.30964291146947,1.742178813758,0.587745162579314,-261.774642625783
729,1.55229169553728,1.35343253405868,0.43219666709918,-260.090238335842
730,1.3726265366392,1.09172488579049,0.0144499881353019,-259.813898157971
731,1.60726780083196,1.51137789867341,0.166846106579561,-259.742193449016
732,1.77459818508641,1.36548126184347,0.0416826473664941,-259.57869213915
733,1.53528302849436,1.31497329446321,0.68421052642411,-260.67954926082
734,1.30988277222831,1.33742971254233,1.15206729709862,-261.867489513563
735,1.57427713695767,1.08393180325348,0.0464184366643787,-259.789501224864
736,1.59492450148083,1.23077863750106,0.0456263040796889,-259.315321228284
737,1.43525160365807,1.03116624865474,0.313409002458882,-260.760018678799
738,1.83810311781142,1.59306862499987,0.102546448765832,-260.327558910561
739,1.93289080548809,1.43383831615364,0.118960337727002,-260.421424992348
740,2.02275737719602,1.43061886156686,0.139639406065424,-260.915188518277
741,1.29225924070916,1.12041873755026,0.396030687289507,-260.777772201907
742,1.06891436081339,1.37341607050131,0.240601680465412,-261.54807877576
743,1.6387793190145,1.35186323211621,0.530153455371134,-260.439668596978
744,1.67692646629373,1.37619589596114,0.138745552001817,-259.576101337606
745,1.33719885212788,1.57861301885976,0.156730598554174,-260.273143247911
746,1.28189657727017,1.07454996621504,0.124303415475082,-260.447305052834
747,1.31432515845684,1.13923128899455,0.473960288873005,-260.798255002819
748,1.65416848627791,1.23890608155768,0.131039029689263,-259.600244597686
749,1.60704764498239,1.52771032283079,0.0675732108616218,-259.566128522758
750,1.36321636596907,1.56734980524276,0.0314423018758053,-259.937892922652
751,1.63317325671714,1.48229207282644,0.0532579891667245,-259.446171087886
752,1.47316351004228,1.58050461308936,0.170199671680621,-259.976817694738
753,1.40258166905404,1.07451767063227,0.627482609210956,-261.282862678628
754,1.11925809121602,1.51453460746338,0.547653716987657,-261.756693210559
755,1.77204689277989,1.38153013114711,0.0639728035310344,-259.63281251868
756,1.32091081773373,1.30098326451038,0.337738226104797,-260.146069517277
757,1.62810765861876,1.40413380991738,0.123327932210237,-259.478802423618
758,1.51702168377458,1.28213227721933,0.15839263116024,-259.475997416789
759,1.64637648031737,1.3995273378508,0.600610984032749,-260.634457534052
760,1.90083157058495,1.25613011557775,0.193690128167365,-260.53797727766
761,1.58636623873997,1.32095907534936,0.320911185889672,-259.868409073234
762,1.2342641248523,1.59547106238024,0.523762416901647,-261.318284495165
763,2.48377587137576,1.46404157989601,0.0652236277336838,-263.848541594019
764,1.35961491333152,1.25276201368566,0.0136059762045301,-259.405872855714
765,1.69349760280753,1.0430593062259,0.000305133078000583,-260.092388069901
766,2.30954391996208,1.66872776019744,0.00981292081012513,-262.796163295289
767,1.86106615208852,1.42058787564173,0.129533454912503,-260.133175673462
768,1.17593172002037,0.995862058358115,0.0525815060677177,-261.351637547449
769,1.95090448326553,0.916262812660956,0.149776524960381,-262.466600421479
770,0.979301551143279,1.16987404774504,0.530907295313068,-263.015363251001
771,1.64773934266587,1.45362762227341,0.251580579320671,-259.869437163968
772,1.54230094056076,1.02716726349353,0.684016994895066,-261.714389333841
773,1.55470282819488,1.73746195929743,0.423139401792809,-261.096616909449
774,1.4852565191909,1.70339916325792,0.400888991374307,-260.911316854454
775,1.57975591164871,1.2965240052963,0.280026955788873,-259.779971609523
776,1.61131883332262,1.66534609461204,0.32643000355725,-260.60313688792
777,1.60036391757831,1.57766953383202,0.0628464963914244,-259.707302717506
778,1.47231140958547,1.84036676690343,0.438026326973766,-261.726090005191
779,1.35772754655704,1.35960385232387,0.36531742620446,-260.097048059183
780,1.52583693371639,0.990538108259082,0.268911591576489,-260.914826295873
781,1.58607857682295,0.999058569877983,1.35758822157263,-263.758033294376
782,1.77080472077727,1.84573644404827,0.50077014290848,-262.133046616176
783,1.67862907944731,1.64218993988991,0.0459900179701892,-259.986353316214
784,1.29357280659973,1.21807090485597,0.0913875348759521,-259.84760235332
785,1.6573231845025,1.34816703376943,0.310193042203764,-259.945607205172
786,1.75001714042242,1.68299568621093,0.151513372037474,-260.519584360467
787,1.42882994226034,1.39593560272798,2.37748696183209,-264.788717117336
788,1.91169323459122,1.65115111135848,1.69313412668641,-264.845598424568
789,1.19239208057966,1.43488942809374,0.0773564581478134,-260.463952604311
790,1.36910126467919,1.23899318371772,0.756975233985299,-261.004953900439
791,1.44841733569341,1.00244933979469,0.765618805953924,-262.065480376862
792,1.72217724140795,1.86398350709403,0.335379153327352,-261.770066154598
793,1.51766001886154,1.24416606579741,0.638718044680162,-260.654196704818
794,1.39159186723363,1.48714275129635,0.813098302637219,-261.099032796036
795,1.47252617267613,1.24799562252622,0.0410184289269721,-259.261505399236
796,1.66544355077142,1.55790664814791,0.00838747786122027,-259.584016406002
797,1.15471713917734,1.22813792061439,0.368600516697254,-261.084272401367
798,2.02560819009155,1.53265917120992,0.136696072880717,-261.066379148297
799,1.2633782745144,1.04519042117534,0.104067755433878,-260.644971450669
800,1.5748094866323,1.4755196042919,0.171944426056631,-259.648942146289
801,1.33568375197152,1.28254051689171,0.124406396400577,-259.685282727658
802,1.65580055764419,1.29943973537115,0.118270986727581,-259.494871955103
803,1.27551754716498,1.5455802397821,0.356137060998246,-260.707107896764
804,1.96869600088049,1.02656435104822,0.177600612107148,-261.749657710072
805,1.54536683497664,1.37516707049465,0.833991090620918,-261.026504613806
806,1.52977219329861,1.36035033881816,0.955141258028192,-261.30135217324
807,1.55704066496056,1.3729687240735,1.0241478941617,-261.500320986857
808,1.20345583128457,1.49828086638801,0.448133734137575,-261.055177470866
809,1.10655944885993,1.20849994019583,0.326723181997357,-261.408185780378
810,1.05003686969476,1.05574219891548,1.14575084445879,-264.040178098089
811,1.26883819618228,1.05825838617727,0.590182042430524,-261.604997715095
812,1.32319644804078,1.33033507900716,0.820753662095424,-261.115405817439
813,1.53289281678567,1.45771060714838,0.435560805680596,-260.176469638672
814,1.5692056365772,1.22233699035456,0.676055242790262,-260.842241310205
815,1.57213321300175,1.57340621465442,1.04883519809277,-261.854440285143
816,1.45040247908008,1.52632283798044,0.0458302595396641,-259.590537110057
817,1.44986129717032,1.66001581273153,0.622410925539101,-261.173956373262
818,1.60542675217602,0.928528979234722,0.0436490307084499,-260.919092754478
819,1.42015182713335,0.973919246995035,0.00621793055771767,-260.430127232344
820,1.87036001644145,1.07001377689656,0.385135306643038,-261.588223442667
821,1.796048248271,1.46882982180458,0.499712073140206,-260.87399960557
822,1.7757091777145,1.24491852383133,0.569021767143414,-261.036029549868
823,1.71382205272065,1.30892336770175,0.422342153054934,-260.373135637493
824,1.15154246417777,1.41165839046248,0.0286521206038757,-260.661660813939
825,1.07117913421215,1.02350538018168,0.0142968782833293,-261.971162978048
826,1.50763622208997,1.33277066740234,0.163288101185762,-259.466480226151
827,1.90223047305865,1.64047868055114,1.05853183288688,-263.097831461999
828,1.20186510641163,1.43682114656969,1.19466454185176,-262.290306024045
829,1.57963755587128,1.42185840795702,1.18783008662365,-261.953557948618
830,1.25269242911612,0.981835748468996,0.535793869631035,-262.090055259083
831,1.78563818494791,1.47865148208058,0.845999229276378,-261.716742362095
832,1.30574962462339,1.37697115021712,1.78092319652285,-263.325938669256
833,1.44215597666841,1.03554305522038,2.01770288552439,-265.108178709704
834,1.29457934562157,1.58342148882283,2.35950815140532,-264.924568100254
835,1.35799026505458,1.48767848711659,0.931263691451835,-261.396192598894
836,1.49448413471114,1.29969559147221,0.138906730436061,-259.424102921307
837,1.33605633698758,1.46785593401454,1.55577525768943,-262.789445162879
838,1.45478688342851,1.41208265473008,0.449763212340412,-260.159573146434
839,1.88092722393926,1.45889245364747,0.116795512869997,-260.221809904099
840,1.35129843411976,1.52341915221471,0.0482268886830466,-259.848581879532
841,1.73410057579853,1.30584158928942,0.196568077134041,-259.866885730253
842,1.69804028485554,1.29713965684647,0.0983001617427182,-259.534547635415
843,1.56625848476312,1.60163508805523,0.0628969631873633,-259.785827224599
844,1.33167677654282,1.44749005763431,0.120658208892574,-259.832803956444
845,1.54213496602469,1.50449456107773,0.812327384224648,-261.110736994531
846,1.46551792209366,1.35312145641975,0.656115135922991,-260.577254405128
847,1.1067943708259,1.41709628787654,0.174203490378855,-261.205250262232
848,1.2386226368566,1.13941715418192,0.175102051282905,-260.47352631454
849,1.43483852117588,1.58346897403541,0.237591894537855,-260.169450876725
850,1.97099071356733,1.42311113344336,0.650994425713674,-261.984192022519
851,1.26477636745216,1.61096933456212,0.158282024476041,-260.731078985449
852,1.69421471375057,1.53577463859766,0.00393400647196388,-259.55362775672
853,1.68694099846193,1.62406059192732,0.404240175187523,-260.72550056873
854,1.94004146351376,1.28610855574958,0.242480859904156,-260.804265368943
855,1.04043941424954,1.41719899329072,0.110328111183693,-261.811287941631
856,1.76526267639323,1.61110225514535,0.12720207682378,-260.227424589249
857,1.63160767079293,0.966006909431896,0.185992127232055,-261.01241646965
858,1.45313089443637,1.60500284105051,0.25503470792919,-260.253729774805
859,1.46884711568471,1.58999255446229,0.277600684426184,-260.220845156056
860,1.54374368597981,1.67226171267662,0.551774714890296,-261.059283565325
861,1.49978596960538,1.59855403595115,0.331427645464415,-260.33180650487
862,1.27631104613669,1.43325477612648,0.241632734669371,-260.231515020562
863,1.74717028566854,1.31051806026101,1.98553278139808,-264.602946603281
864,1.04064266671917,1.36062629605606,1.96807925357045,-264.731757254437
865,1.13987489565766,1.08921815190427,0.427243147346264,-261.765073324048
866,1.62376023108924,1.59368891135633,0.413284824923169,-260.538915597957
867,1.5259091282309,1.02779545594782,0.501310384804779,-261.234327019582
868,1.37737549740967,1.72706529357751,0.0366866481574506,-260.666923659479
869,1.375105146599,0.955415570636291,0.085401004988265,-260.867755658324
870,1.03056005020719,0.993448184098128,0.702717200812115,-263.801052977089
871,1.34693001960497,1.39195422273746,0.311602325998695,-260.04418365332
872,1.52587829653532,1.33420157748382,0.321000015576218,-259.823159044707
873,1.23772129260002,1.43090028669355,0.728970902592736,-261.23599872581
874,1.40990294299729,1.31657714354476,0.529316476330954,-260.345786507545
875,1.58476163440897,1.73730459394535,0.19458968900979,-260.653560436125
876,1.51400906010795,1.23352403362357,1.09044972986592,-261.779923887907
877,1.64438766908362,1.77113426342682,1.15398938955594,-262.952532630146
878,1.37381529730275,1.9468027649548,0.0293214259933081,-262.154949552951
879,1.89230099119539,1.96112770313472,0.307937072273874,-262.739255035362
880,1.64955306830177,0.988764741281801,0.0065174447552689,-260.38190467676
881,1.52502136233391,1.40552026681783,0.184473205408935,-259.552833078643
882,1.4197165255727,1.0955183205306,0.0496560116913762,-259.785728340797
883,1.48579700312705,1.65753865226341,0.21659005390567,-260.359355812662
884,1.20668046316723,1.42319760525769,0.49596805087974,-260.962490492629
885,2.03060910682534,1.16129041703587,0.453158071397392,-262.166836985491
886,1.17887341924352,1.52437187669037,1.13217617225808,-262.399771474078
887,1.71519610076405,1.25083502019548,0.327839820937669,-260.215803099175
888,1.51628138590797,1.23863456317455,0.132925296465221,-259.471760192409
889,1.45659335176957,0.968222446164569,0.35527557396548,-261.315704158249
890,1.02520080027743,1.44148177012637,0.144189309764535,-262.05590390004
891,1.84933603330763,1.37328283114925,0.22076000814544,-260.296873755805
892,1.32848095669659,1.45539410348707,0.120411540155411,-259.861810630273
893,1.21483194720248,1.05847340758615,0.516788310876445,-261.675358113735
894,1.1511267103315,1.40011878015199,0.368099011655585,-261.069302785597
895,1.30278105741037,1.44954478223774,0.396871195230184,-260.422975262899
896,1.82309415946385,1.79883458345832,0.171407401052586,-261.295157362886
897,2.06591112806202,1.90506173643919,0.529849568560628,-263.676435824856
898,1.19914020438791,1.48760531606788,0.672514764835936,-261.404138969987
899,1.38826973215078,1.09623092502991,0.808077341904905,-261.612649575778
900,1.354041725653,1.17818689944379,0.575440646872981,-260.785260854836
901,1.48444677775238,1.54117557166301,0.618992076447678,-260.747472720543
902,1.62787836932089,1.40401452749193,0.874390356928115,-261.263481893358
903,1.35012913523908,1.2963402123858,0.479877952439296,-260.358272292833
904,2.06399239777008,1.71405801355995,0.265493537881582,-262.13229420336
905,2.21918188095151,1.32877221416838,0.183202094499159,-262.229088754582
906,2.25832283160708,1.45392335819373,0.24003569621818,-262.648255343612
907,1.66424080289681,1.16223567452574,0.00315739227631594,-259.486371282378
908,1.42348919163505,1.27492252582046,0.514773334208243,-260.335209274415
909,1.47757030075462,1.43679640449876,0.321225373656033,-259.904117871745
910,1.65209453802466,1.59603073292705,0.333808826134214,-260.411266230714
911,1.52108413213105,1.42917072152269,0.557956084735441,-260.404139905854
912,1.55945129532364,1.33324785515216,0.571552515471748,-260.425086069677
913,1.68726326269405,1.38987593099918,0.38480694966138,-260.199084159038
914,1.32410485786693,1.85113362818184,0.640994082341626,-262.427711831685
915,1.28050636034766,1.8938674232003,0.515332931112994,-262.679427900347
916,2.26441351993737,1.76790300374471,0.476617238325203,-264.078322674109
917,0.959899790992781,1.25496715668809,1.87184224070893,-265.3267457767
918,0.964066377182412,1.56841215969283,1.19260059872035,-264.046031820986
919,1.60810338081132,1.4414193447515,0.650056084288103,-260.717441520553
920,1.69447478963485,1.46934376637061,0.500175881244723,-260.573865213782
921,1.55496991878165,1.30281206010716,0.439805865760858,-260.128957976116
922,1.47293593926967,1.43955678772057,1.45382134052564,-262.490752756436
923,1.08142777786857,1.30473833574189,0.985342532898177,-262.530141384947
924,1.19854945361881,1.32735829259826,1.10380414831971,-262.106026774269
925,1.34110813164472,1.77240540747074,0.41019192503686,-261.566947364898
926,1.68708098383863,1.52064831050587,0.367057470047907,-260.34084800976
927,1.37795679229959,1.16975318206017,0.291712058585388,-260.134284633356
928,1.43022948741629,1.62551870184347,0.05698314833688,-260.027616051333
929,1.64902133988864,1.18502908985838,0.339343188574899,-260.242586508497
930,1.98148659622013,1.9074704280939,0.013875345294861,-262.073672805194
931,1.94113816306722,1.55480746269458,0.0326618684069999,-260.44663000364
932,1.4584360407645,1.57928116277932,0.00978763960636511,-259.693994538049
933,1.47355772121605,1.90837475852581,1.04237634135478,-263.273494284331
934,1.4060776718516,1.4641752995863,0.650448653164471,-260.700113922812
935,1.32313625217379,1.46825699397617,0.00189583820017491,-259.714515482983
936,1.35888222722774,1.3711585627247,0.0251530137434688,-259.439080982645
937,1.54500544832206,1.18189345427016,0.0101170060493902,-259.303494768858
938,1.55192828612315,1.69394626013162,0.647348752202152,-261.35365567387
939,1.43606852198024,1.58860213739025,0.802849817113893,-261.291873400461
940,1.62205905212578,1.70876193758356,0.799400389267323,-261.822763585527
941,1.57681997752532,1.95755941768372,0.1227136163438,-261.876971642439
942,1.79246602692698,1.24303981184759,0.232246771924265,-260.228158300199
943,1.15791224086285,1.19950600166605,0.272513595477401,-260.959382253506
944,1.90244630122185,1.51465461729476,0.551509683545527,-261.500840933254
945,1.77715490272828,1.83663374931002,0.564407964067506,-262.243789785719
946,1.81574030945637,1.19297229588617,1.67577850616779,-264.317308364666
947,1.60436426409168,1.87044954436485,0.859424087507626,-262.733831697084
948,1.17082153596482,0.956277238580884,1.12132131503541,-264.035516141563
949,1.30208657605801,1.55315294366613,1.59774448301183,-263.077088059717
950,1.54421217492581,1.38216794112981,0.586042916693788,-260.445432436415
951,1.84947258732081,1.82467441155513,0.160743498954953,-261.484279781606
952,1.22112850341746,1.68474349437219,0.0517367673968982,-261.254306189153
953,1.6361527498514,1.88684717113357,0.336284762214957,-261.796064806754
954,1.45381475842377,1.8991862308273,0.227533565610718,-261.796074037885
955,1.56614206902213,2.00050665541011,0.00419596875926936,-262.019060156312
956,1.95008874722696,2.18113241722323,0.549560483638295,-264.980657014237
957,1.8633306940639,1.25688656502561,0.316577254767433,-260.69758710367
958,1.49491581568434,1.52533734931698,0.221660740312649,-259.880170929404
959,1.31872031996793,1.43348891699774,0.309552501960826,-260.184219842349
960,1.79416908216636,1.34908517040429,0.897703528409829,-261.824109799071
961,1.59800926899526,1.78437385601108,0.448929282123008,-261.404762192308
962,1.57139802841266,1.07605275487272,0.38680220897615,-260.692789715148
963,1.42712928800698,1.55522317775647,0.047361915255302,-259.736799319649
964,1.4089686183133,1.42297771536867,0.381225501890106,-260.08311069909
965,1.42642036883058,1.40439151619059,0.492638564333143,-260.268340467976
966,1.39168166739165,1.26188391629105,0.295751432433097,-259.918362704323
967,1.33769526986859,1.55435914795997,0.291011015800305,-260.399435239573
968,1.09606803401921,1.23932378721292,0.0593448261956733,-261.066327022017
969,1.80747071404557,1.52357784991203,0.142589029162874,-260.137012390291
970,1.8960384234838,1.30400272765279,0.349147730798448,-260.858893673983
971,1.26202058555146,1.22825280186352,0.224782254522038,-260.228587481245
972,1.23309223792104,1.32089172254241,0.518808819068768,-260.816590099312
973,1.77444987739956,1.53560074258385,0.309947033738959,-260.466067248665
974,1.59179082797648,1.58543797721777,0.143205299113882,-259.900271327981
975,1.41063680179225,1.25980210955877,0.114333453119111,-259.494073318279
976,2.3829092465415,1.63660103368681,0.0207618148815108,-263.249686828307
977,2.13794440731597,1.47763901210498,0.0885272213591003,-261.479824113299
978,1.09654163882951,1.63462384819079,0.705128555822476,-262.520804372057
979,1.66621912961996,1.45225120065187,0.282636233700274,-259.972440523807
980,1.5786000652442,1.63918284740455,0.0403631873473147,-259.890527548913
981,1.34669228792265,1.49738851740293,0.157741713792598,-259.969174629485
982,1.46405142339156,1.17465834590874,0.42638099801667,-260.324317890647
983,1.62736927325517,1.67978920998859,0.522943663177771,-261.100127278542
984,0.979824250598032,1.39683517085242,0.385015154796151,-262.62446169517
985,2.13598156234861,1.37131010719358,0.412380023399943,-262.29085516491
986,1.61183958874494,1.24490911297952,0.334012631169875,-260.018482493913
987,1.32544763247892,1.67930934758377,0.0673236441153647,-260.65472454408
988,1.51708007513264,1.49464763531913,0.0122438637483431,-259.35278361127
989,1.56482101350741,1.33603433367306,0.421635554995496,-260.077803635428
990,1.91903872932008,1.37391643469663,0.154519139214302,-260.420105202025
991,1.09767498676702,1.61850746285929,0.0918914620499505,-261.945555461406
992,1.91782608446126,1.68749600283629,0.0544620512201347,-260.83502999456
993,1.72887383312379,1.63035519335247,0.202449368676009,-260.380498138856
994,1.65282912160662,1.57810416219584,0.0896607576380885,-259.813673700233
995,1.93984107211624,1.33241288021966,0.0900011000376572,-260.354878983571
996,1.68490712375606,1.35586215982041,0.0835657696245634,-259.451283866741
997,1.42969951832893,1.22015864072541,0.0598992736732427,-259.399114777931
998,1.55402805943268,1.16975443015048,0.240867615164427,-259.911724869521
999,1.27970392324734,1.36382979648773,0.18776806064433,-260.030401477586
1000,1.83188054469024,1.00753004737784,0.466858477453481,-262.04689634736
