"i","asc1","desc1","dem1","p"
1,0.607359510250071,0.523732245232847,0.992140069966361,-215.47034165977
2,0.457182947710396,0.227249173478509,0.528479287724464,-208.180667494512
3,0.992952898620736,0.347412893227319,0.488062869363141,-208.484453716927
4,0.52596721326685,0.407125974327964,0.447340307599915,-206.492920634521
5,0.786094932388421,0.387474500790193,0.372598455130173,-206.406573479006
6,0.82427583351501,0.317270141522755,0.454245193896082,-206.629334784519
7,0.742789308227174,0.229010808693461,0.265719184098018,-207.357596846036
8,0.74461341137396,0.293678098733036,0.455702961492314,-206.211177064685
9,0.68417017134601,0.355012255706979,0.241103751581085,-207.232028078653
10,0.771125967672833,0.372341872460073,0.626109670126389,-208.119406603775
11,0.707879203293858,0.222772152777432,0.181866950332696,-209.61249608614
12,0.693693502253593,0.472278192847763,0.565580735202477,-207.750650275451
13,0.491187537209478,0.393963520796965,0.431226371443768,-206.6162937622
14,0.630092723131476,0.331146041511433,0.32778302438813,-205.971601749864
15,0.681272622305956,0.228341851730706,0.432890841312793,-206.395259190262
16,0.646324493701617,0.383957106106481,0.243009797805795,-207.275046392756
17,0.640149416291576,0.220608623557184,0.273347384214097,-207.180915599145
18,0.661621762096372,0.441170655130969,0.436626375023968,-206.406388682081
19,0.494679445100106,0.674202296705265,0.313497224151246,-209.035243374197
20,0.449110959991043,0.243379614858583,0.330812302394213,-207.590749466454
21,0.591173308071842,0.488414128620803,0.355268734805251,-206.817310451877
22,0.601571270249737,0.303934104563401,0.446666403537761,-205.965695079807
23,0.875307278960468,0.299300265894584,0.419798852309286,-206.908848227693
24,0.739249071008805,0.381100712659154,0.449752034651819,-206.280531250317
25,0.711177229066783,0.485877288742093,0.257110278812519,-207.916980226721
26,0.631389496079296,0.286464081897963,0.720943759390959,-209.12560925716
27,0.819381235741711,0.289092872715755,0.511229355896453,-207.043895941808
28,0.895093632361001,0.401187031501151,0.293342366529787,-207.793718685421
29,0.636368887696496,0.447195864103144,0.260248842091874,-207.371763193064
30,0.588091177063891,0.483224044141701,0.224723681206279,-208.538892366323
31,0.597781270496872,0.310967058857626,0.548025823941092,-206.734104508043
32,0.704467224972833,0.315551753079446,0.646163503683741,-208.001203325724
33,0.447580621154343,0.4113154500922,0.315324550431122,-207.380039688776
34,0.560531339378362,0.511750123775328,0.76206937675278,-210.865986830243
35,0.553903125695588,0.211260469604138,0.416309416959801,-206.85301786328
36,0.721404189670475,0.453531703095077,0.324476186386117,-206.792906529814
37,0.602890208557264,0.440526338764523,0.484030234255364,-206.65092835949
38,0.478603447186926,0.487150661880217,0.391193519753424,-207.167068321072
39,0.626666775974383,0.373727653408489,0.48532051714953,-206.237350584911
40,0.747245593764757,0.438807605473844,0.512154807604729,-207.127713950814
41,0.660190934642193,0.308823949348232,0.621716953755419,-207.579964478275
42,0.50065646981911,0.579731224793086,0.43755670278678,-207.861082741718
43,0.668695680658308,0.94314750629848,0.390989549135512,-213.060823856922
44,0.681184039123672,0.138305292195925,0.274971106465629,-209.203222424105
45,0.709070028451734,0.251096305747903,0.388181496220006,-206.130660987497
46,0.575867330817271,0.389819936988327,0.364521599648817,-206.090553251203
47,0.748960636609975,0.444257973283753,0.317379384682032,-206.876665075733
48,0.523840025374834,0.418892458851273,0.428308652541549,-206.501282481097
49,0.735140264108945,0.461885504130599,0.428531270927358,-206.766628451758
50,0.680042569381752,0.501295191174497,0.35686563281248,-206.980146511143
51,0.581723278222057,0.283303263552179,0.447798378426466,-206.097649943908
52,0.722894723890234,0.271967940384002,0.453377528995905,-206.20369158285
53,0.757990920115147,0.371126186446523,0.396670187873201,-206.166994199546
54,0.948210329676962,0.366416641631192,0.465160847261926,-207.89365921729
55,1.01489711632582,0.379824321199447,0.308709543281525,-208.775421425626
56,0.65229337207961,0.410037046122157,0.533359315784227,-206.834408664181
57,0.484196785053342,0.284639065274823,0.543769259878627,-207.453406763835
58,0.480923869324554,0.277292436123832,0.587148890689748,-208.002700834378
59,0.766187821914175,0.37505529788954,0.272062261488561,-207.015421884434
60,0.632183966883196,0.315149472008252,0.325378183161622,-205.98595125577
61,0.553631922826187,0.367025076922472,0.529482867454892,-206.751652228863
62,0.595429301948262,0.367491157770599,0.413302276125718,-205.926617723021
63,0.684815227274759,0.348863549693621,0.484598026250479,-206.197029302635
64,0.679830307361645,0.243906999228843,0.326560621199835,-206.338325365796
65,0.661520079803965,0.426389711459631,0.309439692509341,-206.552293659803
66,0.589915813274062,0.35620675521074,0.501161268021023,-206.352759529888
67,0.591523046070083,0.246183653863858,0.320769531237141,-206.441048129131
68,0.858364145667596,0.285393552986802,0.459123153705091,-206.972968462827
69,0.510689409702918,0.312558820459757,0.459622295128453,-206.465522263899
70,0.807090424381712,0.286479292501684,0.461990826749222,-206.609122584048
71,0.595239167318989,0.425251189735283,0.32384802993292,-206.456259439237
72,0.561838139097457,0.342014207241841,0.516860472372715,-206.5500725894
73,0.674823517092769,0.331447769205982,0.18162135840189,-208.99751089193
74,0.677658233064706,0.362587114201891,0.528476725760871,-206.586821414743
75,0.707481116679742,0.386448381499578,0.279117419142162,-206.735328857551
76,0.51409426370567,0.364809280393778,0.351843452989328,-206.365401269296
77,0.653980650406315,0.410995079414614,0.431779155950267,-206.15780980025
78,0.874460270936946,0.412986810090654,0.441291556531961,-207.317122241313
79,0.359737170720654,0.498951206942904,0.415746004917596,-208.297557464176
80,0.741035768006234,0.274138423149146,0.369977214039241,-206.099475180982
81,0.655549769372939,0.308413202591395,0.424308566839993,-205.828348527555
82,0.882148510108811,0.260668179941729,0.359286233144245,-207.118669957254
83,0.897213738675934,0.463910272319278,0.435365636976861,-207.916330991279
84,0.717995401770349,0.325589883796073,0.423216648053162,-205.939540606627
85,0.757222204145978,0.407270259023045,0.37066341746965,-206.374874279592
86,0.685851261627862,0.424505395190888,0.516322490735813,-206.832797145942
87,0.60892703485664,0.462893032277108,0.494044434753093,-206.898243458885
88,0.713160669935108,0.319519423652665,0.260240508899753,-206.862920948826
89,0.549666710947096,0.586698842402823,0.28870067789775,-208.396551293587
90,0.749338839863992,0.615636601312467,0.423359814963117,-208.663962196636
91,0.581113318875433,0.246123877020609,0.470249998572215,-206.488375444422
92,0.725597843851528,0.28096559164166,0.482958732825148,-206.350244486927
93,0.609819264940551,0.545819192977479,0.427059064569513,-207.374793683901
94,0.597314291794088,0.614888191024831,0.431657803646776,-208.165148170894
95,0.771398056807652,0.204074905418913,0.333662298098932,-207.106358912434
96,0.594161249445816,0.324782847901934,0.367621250684495,-205.854391095328
97,0.649741361732553,0.327251693201907,0.452069532727251,-205.92734121547
98,0.566647960920776,0.503181997773445,0.582503330119974,-208.156885149038
99,0.877852478646631,0.6208089745412,0.258428014203016,-210.623201990769
100,0.311206079513183,0.523156205076524,0.263461096677339,-210.040488043053
101,0.468431392795397,0.56525549581233,0.516933049592839,-208.320870919796
102,0.36313121679106,0.839205494465001,0.63796639402833,-213.007428598289
103,0.601590250959289,0.462366846320676,0.304400458604357,-206.914385642141
104,0.624324649237994,0.456067883849569,0.492279674451289,-206.820632390598
105,0.521738688634614,0.210460552798965,0.581954558835711,-208.334673380584
106,0.496178921019564,0.167817034567707,0.526198367947066,-208.973721729631
107,0.638992800721211,0.421096490580723,0.526410535801527,-206.834138562056
108,0.661856323126015,0.380755209367245,0.46713087156279,-206.160946253527
109,0.514443309879483,0.255826187031196,0.456948316040305,-206.717208877476
110,0.474939322164494,0.248815069390228,0.468661827035327,-207.237909218641
111,0.661910637285368,0.300857770145367,0.425690229251686,-205.850214624193
112,0.652842365826444,0.344152828192791,0.367669961172355,-205.810282344614
113,0.643460902778023,0.280872651802181,0.473457178837324,-206.14032813701
114,0.70382217461813,0.208590653740214,0.382921307618434,-206.637081677971
115,0.824632937549873,0.294898737262606,0.465436454455831,-206.724286929233
116,0.460511229511166,0.317267000708898,0.335308273382016,-206.947065041318
117,0.862683960883915,0.298973599984487,0.436887620121679,-206.862380103163
118,0.525329852425531,0.356574714018152,0.174118464132064,-209.778856032445
119,0.449483703770712,0.569075768850262,0.647548603222346,-209.902564445143
120,0.421464443170843,0.590649058395059,0.305109140647835,-208.606612286502
121,0.442999975534245,0.643510282956611,0.335668296838405,-208.673287103817
122,0.401146715347007,0.258155080941121,0.457496556894918,-208.182017322883
123,0.709283557793409,0.386261559191477,0.469853539077512,-206.306618735299
124,0.753301143595063,0.39603916840369,0.23440345964028,-207.795995589102
125,0.711842551738814,0.464159623018965,0.425808130675715,-206.690873110115
126,0.688813944957078,0.446926957599231,0.346894386704066,-206.507888558764
127,0.611235491553487,0.546065680750177,0.43320971076841,-207.396799340042
128,0.608292527584524,0.27931305409386,0.554644978724037,-206.88365451817
129,0.731328878518185,0.298951842161794,0.356557281243511,-206.006076975717
130,0.777397751337781,0.247804934984338,0.368974607016639,-206.453058179077
131,0.802407983794304,0.275542576936249,0.443152814445811,-206.526690255013
132,0.521307176241915,0.447189018395647,0.70640001852731,-209.560199569912
133,0.703872030387505,0.278831181453402,0.233237657800038,-207.488515538387
134,0.539149172856345,0.264698234284252,0.307055519306438,-206.662468929056
135,0.572969608091798,0.438147248150428,0.390906114361612,-206.363833316915
136,0.719554829847773,0.252010225112865,0.401445157154693,-206.161130488656
137,0.613793694374824,0.592880485341819,0.384994261488625,-207.870974601428
138,0.573435062558669,0.724771396162614,0.582176400355871,-210.61583002043
139,0.288440342146965,0.509822775911973,0.35663366120218,-209.491316232196
140,0.397912502056009,0.488612401365115,0.49015595988115,-208.158831081828
141,0.566079697106055,0.27283690826031,0.329496797057611,-206.271486597045
142,0.739161560557324,0.24084206261234,0.446021054281992,-206.465672063574
143,0.670163792337763,0.365249761142837,0.404673756259931,-205.872536548357
144,0.606105461381327,0.32337088936736,0.273365227518911,-206.593316861956
145,0.545449946760825,0.347558116448763,0.359915719022898,-206.094625514033
146,0.726164035069484,0.340511307058656,0.670655589689912,-208.451432557215
147,0.752563784612855,0.281212593720206,0.479624656038436,-206.436359614654
148,0.865983529664156,0.28307684512516,0.43143877810367,-206.913831141589
149,0.59076548851612,0.349214048553187,0.458652992062276,-206.053352754357
150,0.668591065215358,0.363704356345167,0.388080609993991,-205.854965501847
151,0.729377186211386,0.38623178229588,0.402385851659891,-206.119797292111
152,0.671235837111616,0.318896953068115,0.639924776643907,-207.835184567131
153,0.567639676422416,0.25274561895735,0.272994678492333,-207.021179004259
154,0.447434963322475,0.465721486723223,0.594748906841682,-208.591505329175
155,0.635095053917807,0.274743615198729,0.44901086239001,-206.037838280648
156,0.736799761902418,0.332555283674097,0.618502434463262,-207.738827182374
157,0.59897332807974,0.43768687519705,0.375183052736356,-206.314090239799
158,0.594193203616918,0.200377388263859,0.232592802444149,-208.412355951749
159,0.755751219820262,0.326094202807005,0.435030355176878,-206.133214778428
160,0.499463215593462,0.367838455645166,0.384821767888889,-206.407411656478
161,0.707468473719661,0.269996854059196,0.677407934999019,-208.615908254385
162,0.706393666614377,0.481002121548754,0.401934469090864,-206.78890202441
163,0.654098647179061,0.208957175723825,0.360059697368939,-206.615569377586
164,0.62358965549275,0.202216709046995,0.568442008438688,-207.860118444522
165,0.595712811561597,0.391811714286175,0.644535983776111,-208.081730470468
166,0.477414244661403,0.368402577249523,0.332005601497339,-206.800680876766
167,0.860977493567688,0.658246795846615,0.534413672080888,-210.786483395122
168,0.401306683924401,0.240136004250291,0.376555424216944,-208.243180519008
169,0.518229459954918,0.36101442467615,0.369488403967873,-206.268940096735
170,0.732466585712938,0.248770134158694,0.567897650100797,-207.377677162123
171,1.03729298560409,0.223738876731087,0.40913952343589,-209.096494343768
172,0.569827803908498,0.269163586391191,0.347065301273166,-206.179724268461
173,0.844194388980628,0.33603099431712,0.613027932993456,-208.330175788221
174,0.623249860638169,0.486345671823805,0.372126514602924,-206.723895104478
175,0.611964079561612,0.414073435435265,0.556486130612447,-207.092777430458
176,0.811407356801563,0.350475876096677,0.640337699246137,-208.494009438636
177,0.529223089584472,0.507727790210718,0.407154631693147,-207.082762414841
178,0.566999248008567,0.281965406664038,0.415411111253297,-206.05299048864
179,0.70567046512151,0.45868313244527,0.342808881486825,-206.677155146819
180,0.717348253449202,0.242760570704815,0.569372076098424,-207.397599420209
181,0.706262761170071,0.332910711871966,0.293897857723655,-206.360168442813
182,0.859051526665714,0.399701417872611,0.466859282968705,-207.235437691184
183,0.850299405523086,0.33930957993076,0.336686385965866,-206.790159780986
184,0.876491835464233,0.484478133321167,0.424973640994129,-207.901052095415
185,0.505412058060626,0.29477989257756,0.52443978836104,-207.027291922004
186,0.848801655681301,0.289717976967574,0.475549854993683,-206.984034602007
187,0.645851753405724,0.178101889154971,0.438723818299787,-207.312804616531
188,0.680890333542514,0.191694140146353,0.427367103110917,-206.972808258045
189,0.64224345797733,0.204697517267751,0.460779341579465,-206.863640342416
190,0.901140695689848,0.226540727770602,0.388996431383314,-207.562664443296
191,0.579135507597258,0.615518175469535,0.235741266527222,-209.664056632015
192,0.681543475312935,0.246526359452733,0.499529201450281,-206.592645612243
193,0.615673019962418,0.385263408073707,0.466851034628574,-206.178394901628
194,0.714296168769282,0.295998102683375,0.475020430513946,-206.206620038526
195,0.605516401706767,0.352258162719169,0.373328665165029,-205.851900566019
196,0.781339590060607,0.307991106854471,0.651750447575252,-208.431977291672
197,0.536511621024115,0.324956477311753,0.54005397432168,-206.886368615379
198,0.899566027731796,0.335991094794185,0.433139426541287,-207.166428337476
199,0.477451476301752,0.582940152308791,0.382116800668926,-207.885278173898
200,0.690804599155525,0.555486495151886,0.437636603639253,-207.667412316909
201,0.397674861763368,0.501514123939976,0.468257148279262,-208.077345887019
202,0.506083285931912,0.491641328903946,0.405300632149595,-207.048659400452
203,0.360538229609323,0.541987708438867,0.363979561995197,-208.456965667484
204,0.394379225636354,0.259065693796508,0.403920857826465,-208.147727789688
205,0.80281406895833,0.441026480322619,0.385885219978552,-206.87440150519
206,0.520459538079965,0.410895487928129,0.438853872908118,-206.511585091583
207,0.540365031870761,0.387566785919526,0.768524786354544,-210.191801757879
208,0.67030784238177,0.498764665513752,0.339414624435083,-207.01097770923
209,0.604144103425095,0.574932371290447,0.509413916545032,-208.158066603217
210,0.910549626388019,0.3652878785216,0.369962411455617,-207.273232498939
211,1.16598805030301,0.327305984919599,0.301745807681711,-210.708543656097
212,0.970204422385024,0.291519355159145,0.337986023793475,-207.931520096634
213,0.590641339161604,0.231682902009733,0.198027917797775,-208.950523445724
214,0.798192811819799,0.397699111044125,0.396405672154456,-206.529866047586
215,0.325875067216591,0.438105476422594,0.327769628270001,-209.008660653842
216,1.03233576012213,0.342016447325186,0.289798083903121,-209.052656534614
217,1.05200848262339,0.378716065864281,0.347263610127765,-208.976233124439
218,0.743655483212204,0.285425926862413,0.569372715805475,-207.214392502994
219,0.939964703258009,0.300350208865292,0.359308613631179,-207.507246893571
220,0.950704459307597,0.219744093666986,0.344729525468748,-208.21749886574
221,0.817789306511471,0.25611493674903,0.520366600202337,-207.286463495534
222,0.759339224826779,0.260866361558766,0.370851868274195,-206.257389608044
223,0.827399049705879,0.386368567908433,0.341864914998398,-206.766325479374
224,0.399650013151601,0.470765621327956,0.337699082214024,-207.926831549364
225,0.553129521466202,0.258647077788338,0.399186292028489,-206.250593357061
226,0.7683067651955,0.442429458461857,0.378616393626821,-206.688597713261
227,0.527395001093838,0.23733994481481,0.311963253251176,-206.960737158752
228,0.72066802680199,0.285053814133702,0.454700117378446,-206.142320256543
229,0.718279543426924,0.338947772234195,0.369407280360288,-205.921470533287
230,0.482315782981921,0.345517534591728,0.547474617922696,-207.370731801106
231,0.75390421942015,0.514327358703552,0.393865862015652,-207.338269195697
232,0.587171150446861,0.224680771119849,0.282787618533013,-207.109854328829
233,0.744483573534487,0.369647909669641,0.269286520550115,-206.934034564522
234,0.459162680371625,0.412870977877984,0.43773205451916,-206.99851231338
235,0.862480775994812,0.227090604081624,0.410671125061303,-207.248335959514
236,0.637389062979822,0.250532695691629,0.441512172743202,-206.175516402524
237,0.694916335344045,0.257653680184432,0.318241511405901,-206.306659929255
238,0.775325605742665,0.345906020877854,0.337964893402228,-206.298209371982
239,0.724198491886135,0.335710534607123,0.489476186772505,-206.32035910843
240,0.773622078694892,0.25059867543114,0.339431224782301,-206.511417350212
241,0.972981930351374,0.206328366600136,0.285935910530973,-209.123284176758
242,0.818306932099652,0.291370913269535,0.384412078722633,-206.440653056408
243,0.798203441967445,0.255057474136103,0.643653395124443,-208.641299197252
244,0.887786721765252,0.388137466975232,0.484653093648131,-207.534661525289
245,0.833241428738092,0.35204531280224,0.502184710221183,-207.069733724307
246,0.801804262256956,0.278268322265598,0.56101542683548,-207.464339275644
247,0.707854941996521,0.330320953398238,0.410622541643293,-205.880827036529
248,0.553650487490704,0.356333039559691,0.358412882314555,-206.075116718981
249,0.767864274827602,0.460173328021695,0.454075397392075,-207.015763646712
250,0.596856465595411,0.545861609405789,0.340576142405933,-207.466139696686
251,0.640310904576259,0.275582145422986,0.380544343242076,-205.885836114327
252,0.706411278906094,0.391256075435283,0.254910412273504,-207.158953802403
253,0.752920992639328,0.43235316034622,0.282921252107456,-207.164713768312
254,0.634365270945626,0.316185107911241,0.26178625201789,-206.744691767591
255,0.813560290772294,0.387678775327511,0.264356134561101,-207.481890574304
256,0.449363266037472,0.308073805513375,0.276696774124536,-207.719757379328
257,0.477771193518511,0.494228722202307,0.330871614965477,-207.431718314522
258,0.601774096214327,0.226297064539649,0.538789671332369,-207.209357851931
259,0.577267964410847,0.220843290542315,0.586772250219185,-207.895496777492
260,0.591399527788563,0.413419043498665,0.607801338233058,-207.715522041883
261,0.618531360245064,0.279657140227586,0.23169501035405,-207.487349393243
262,0.761916259024978,0.551248547738466,0.4473335317396,-207.961377455483
263,0.614617699294035,0.191921062343227,0.222721263156649,-208.770597170865
264,0.539541271284838,0.433233696106381,0.591168557615396,-207.789475522324
265,0.54717000310948,0.327575832605319,0.237172999534735,-207.519088660644
266,0.574512613531765,0.492104537086519,0.584416485426403,-208.065822237284
267,0.599231963249361,0.480364519283259,0.338099416073582,-206.812433954253
268,0.590673133498669,0.300153591131277,0.310456243524574,-206.210926163766
269,0.679427873462748,0.420483931567217,0.500852113770831,-206.660058597641
270,0.724861431126613,0.263566908014887,0.31361304013279,-206.38357539872
271,0.52857405532436,0.348136885047878,0.220020988832977,-208.097693312327
272,0.778289972471492,0.317468556739304,0.319935866948624,-206.398774015458
273,1.0499719389644,0.403330148743862,0.448231184198866,-209.171833630737
274,0.631241097229179,0.262671002961916,0.397887845912793,-205.971370455396
275,0.588455654100684,0.429893578375422,0.722860407920818,-209.507762544034
276,0.746931050556881,0.32828321359059,0.709669444998896,-209.141156001784
277,0.672724447288021,0.320094568310942,0.501594171036634,-206.272171326189
278,0.579823293823843,0.279791116353868,0.459387533205419,-206.179512173322
279,0.720261999640198,0.225129870569873,0.396110985064824,-206.440911761304
280,0.574494396101246,0.298326990458962,0.453644041804485,-206.095672747325
281,0.756551078262454,0.323236313858381,0.382498534931978,-206.043642728522
282,0.802272652829003,0.329914862640533,0.439794990277617,-206.416655496533
283,0.772763470159944,0.340159484541376,0.345474315098313,-206.235183114227
284,0.694824412011776,0.36466309812091,0.438112520312565,-206.007824261447
285,0.681423426699413,0.398603292761219,0.390287292184492,-206.043171647538
286,0.662674907076505,0.405743035121729,0.350737001113986,-206.135858689992
287,0.569556257401925,0.248820663363893,0.376047622479148,-206.260591839487
288,0.906285387751058,0.34250983102234,0.405097695741085,-207.164297783891
289,0.389044961132209,0.425501232346034,0.263092235777629,-208.836883610575
290,0.725096483019143,0.47522655370262,0.440645940067475,-206.899247630167
291,0.816212355686599,0.481623139479634,0.502307196798837,-207.848691205505
292,0.685030245822443,0.229552288164501,0.399967234233964,-206.307612804984
293,0.692538038006131,0.42553950015515,0.456396108756176,-206.432803820449
294,0.965514117263337,0.536572987041757,0.250079938330833,-210.461544021695
295,0.919165682404049,0.58692067453164,0.290336451192106,-210.024174877609
296,0.693140098993197,0.731288447129754,0.480513018614304,-210.288126752617
297,0.585593327403857,0.798965026069427,0.352755148500921,-210.475879141207
298,0.434395086329294,0.193655746352156,0.517122949158074,-209.036485774034
299,0.747400170355832,0.361400005682323,0.276956930592387,-206.797108619526
300,0.404821670144709,0.378867257327448,0.730657735784824,-210.716459418753
301,0.81251856148793,0.296160550179452,0.471445495387324,-206.674798905049
302,0.787918132909849,0.301818181152016,0.253696151441946,-207.324817091913
303,0.565564373866316,0.542822857021957,0.282080775377144,-208.022705507876
304,0.449895198906958,0.363138676093481,0.49646274304836,-207.283624608332
305,0.530860098093771,0.275341450245257,0.425020051616156,-206.318649348793
306,0.637996530001147,0.331783530546451,0.36748325933086,-205.792285971672
307,0.799118526270213,0.292363366094174,0.382494099766345,-206.313419421099
308,0.532821586985985,0.548581106279746,0.414420703616342,-207.446159289813
309,0.711868652623971,0.262219984207958,0.390575534388772,-206.053536709882
310,0.419043200799699,0.70941619290758,0.449123951018905,-209.356750575622
311,0.484485731874369,0.486897761945578,0.363773298793589,-207.177294262163
312,0.519654659460749,0.544880175443396,0.476204794278403,-207.688855950787
313,0.511239423490592,0.296504233628251,0.586784026349196,-207.626551768191
314,0.866061589170766,0.381932982346823,0.46742584979564,-207.197514804804
315,0.51588524319904,0.429881860372583,0.492321254104978,-206.93523437721
316,0.652973918698915,0.429660120269661,0.612509754909885,-207.870257174301
317,0.620492085867499,0.484200079216716,0.312945817354566,-207.01676976424
318,0.535871013099286,0.473234484588739,0.351414912427286,-206.856637018332
319,0.60657754394147,0.258677813952424,0.36941958689175,-206.057921964257
320,0.563276126814737,0.412973795754057,0.318130381551332,-206.515913003544
321,0.67416275834824,0.423146237811052,0.281771624023858,-206.86317768399
322,0.325817430898373,0.575727407081031,0.512941005651568,-209.502371059142
323,0.748606796310778,0.399851469265474,0.344261200533582,-206.370927193631
324,0.585564056703126,0.368646317285761,0.386389612403517,-205.935959626915
325,0.496993970296104,0.238756014277635,0.4045442342768,-206.885138644961
326,0.458916260625882,0.377334439101067,0.474338522488387,-207.062156576948
327,0.625683086070958,0.421329046123448,0.305411152036412,-206.54766334349
328,0.600797461996337,0.379851478131755,0.351988087196401,-206.01773873772
329,0.498598814544101,0.489878633925268,0.440145874788649,-207.152233559173
330,0.821869740489659,0.566256689764093,0.331359366963475,-208.565713274344
331,0.490213885912626,0.551098695110304,0.305748088423626,-208.003004055621
332,0.551150594356211,0.503137467523422,0.45036899018152,-207.096529240332
333,0.955196583004765,0.323084865204158,0.444046955206172,-207.756723243819
334,0.997725439746451,0.404132947480821,0.451066834094703,-208.556881849144
335,0.257836832454946,0.636071983157832,0.525589933767592,-211.122391782797
336,0.624880762375962,0.460747022546072,0.583385497533883,-207.739747372051
337,0.424314943413325,0.349404782288365,0.424407839165471,-207.254365777428
338,0.715368302785804,0.574653481605754,0.604609497201151,-209.447884061698
339,0.845050991526818,0.511470746003893,0.21411381130088,-209.945197871107
340,0.747989784086548,0.208127572118496,0.42128914434404,-206.832079288606
341,0.849271169854576,0.281824716769599,0.346383319729352,-206.783310340067
342,0.583573465959404,0.660272588933791,0.419390964654026,-208.645605236066
343,0.634529050004021,0.693928600150696,0.546241443793013,-210.035943006315
344,0.506376877129668,0.490472306706316,0.558055476214644,-207.970804234941
345,0.538850122946309,0.240987802598931,0.323795800307646,-206.738224397416
346,0.658680790729088,0.29900461478811,0.283345131281736,-206.432797529351
347,0.532719723395613,0.467330719326379,0.536544130561254,-207.471227787554
348,0.814458178195383,0.246968972055405,0.463513904252596,-206.903807719419
349,0.663898530022453,0.251996493055203,0.548014742831017,-206.970824451819
350,0.688334661247597,0.32248352715667,0.378040516145159,-205.813770308039
351,0.628794423453475,0.318831699914215,0.422501284648073,-205.816907622764
352,0.741354409508968,0.407341663026775,0.342755901584677,-206.394561317476
353,0.532964740317876,0.423815008249114,0.406401454466979,-206.436620297663
354,0.634012448932255,0.572239059691407,0.351986520775252,-207.733664144404
355,0.608551672371714,0.576288103469493,0.411796551244504,-207.683148258636
356,0.546778427668928,0.424428501500626,0.482617549052961,-206.680624309461
357,0.554524140431626,0.437481693356281,0.267029954265911,-207.348943454283
358,0.669902746479828,0.312903623565691,0.293171494546045,-206.29566286419
359,0.534632594281877,0.523002043835478,0.437482356714349,-207.268236764299
360,0.411139155588597,0.54784153075908,0.218157826844867,-210.030799612139
361,0.763489354166072,0.490248961248198,0.775115941688695,-211.347219089405
362,0.619943450667765,0.3837185358174,0.475886503988672,-206.222347022701
363,0.626418221738991,0.221016562742547,0.516826767482514,-207.027771701283
364,0.553672894134056,0.451936350428056,0.400235094861837,-206.533089932438
365,0.800988101397511,0.243908658301109,0.429113561146269,-206.681737192613
366,0.924829105571871,0.217186223519191,0.501044707999614,-208.421756065952
367,0.553206177503924,0.464154877083056,0.274997563982233,-207.432871608436
368,0.622131500672554,0.406836567413014,0.394931859340128,-206.058346722577
369,0.578161376279885,0.276790418395724,0.205388053311587,-208.363434911947
370,0.860690800841261,0.340514767115205,0.432544706345075,-206.83161567443
371,0.665218886826217,0.417070188923939,0.514083492801773,-206.720623134809
372,0.755317659260824,0.409342599507679,0.49457839219138,-206.802612355314
373,0.492460994891941,0.434914827205396,0.477266728504829,-207.014802698425
374,0.453350636104325,0.160656031054378,0.486111956914601,-209.417237013445
375,0.714023055941485,0.214753644942499,0.605055880553142,-208.166989934258
376,0.656209831010341,0.268567471299468,0.400479283365877,-205.927469383805
377,0.937337788806173,0.188653118432224,0.425638279301116,-208.568170599866
378,0.518651281228978,0.466368167271897,0.360972396316501,-206.848144423138
379,0.534286229838901,0.244422229647106,0.389833514434306,-206.499442464467
380,0.523903478897771,0.447956661980857,0.377475153082649,-206.648591513384
381,0.451785316425187,0.493497828311352,0.464485853031572,-207.569737445066
382,0.7481678240877,0.401947612370328,0.445793254064012,-206.418223414159
383,0.594992683508609,0.511652581290938,0.549197822230316,-207.845703561677
384,0.601316424579359,0.321308572110423,0.280303798310408,-206.502505943462
385,0.982209658766135,0.351361661948898,0.29780612231292,-208.395956069294
386,0.387037175864355,0.389527261987963,0.515909916872516,-208.2944511453
387,0.476971208084421,0.264355573701053,0.427056191461929,-206.887212769342
388,0.692206603601002,0.377427209173448,0.636299068582101,-207.953959152642
389,0.564869906904596,0.395958611526657,0.6462040806163,-208.200049818937
390,0.736342978221585,0.262590390922464,0.195502160388325,-208.788094908312
391,0.721880491226397,0.281646393819967,0.146343310433985,-210.920274858063
392,0.61556236600753,0.27617923211367,0.407670334357417,-205.919461468068
393,0.632503038279212,0.406868385654047,0.352225914325622,-206.12590455094
394,0.650883471570045,0.327011997312276,0.441563744094349,-205.879382165608
395,0.589982542481342,0.335862417041546,0.36979227396458,-205.867110665405
396,0.66226665865823,0.327746863868546,0.469733012764474,-206.033879136781
397,0.420498805159771,0.374554368695244,0.45002300207103,-207.399120159172
398,0.659380987791413,0.346533641141181,0.261795163538648,-206.770909195275
399,0.442035272238048,0.396672472385704,0.55814619117178,-207.975478159338
400,0.463496136208493,0.30917866254542,0.338833244541188,-206.907894057015
401,0.768375403070997,0.341758827780541,0.308540804801037,-206.466803802502
402,0.712098110252916,0.33618844836901,0.338324261390763,-206.009266839008
403,0.743555503577781,0.273821831388384,0.424284840232849,-206.152105106004
404,0.653547502554333,0.224080875752006,0.404033172486336,-206.358165382676
405,0.674506747726657,0.670297252614746,0.33802376177196,-209.181176274557
406,0.6521831937639,0.557122689580788,0.499541042113791,-207.944008385381
407,0.408896451560271,0.336104269149559,0.395882735071123,-207.467988512776
408,0.607016293981138,0.317038545532196,0.315290483688354,-206.099281493657
409,0.5835515286701,0.252880947988328,0.434800583530326,-206.240747980295
410,0.560408499663433,0.366736419135415,0.344095106356494,-206.132785988927
411,1.00115710041832,0.26591526447353,0.397696475471005,-208.276136193312
412,0.426215761149745,0.399665249283293,0.459237403326137,-207.40569469667
413,0.690844317015971,0.218575752736837,0.238526874731007,-207.883328197886
414,0.636449252630524,0.221983754493399,0.565668134987642,-207.495756459251
415,0.656484389808243,0.415274540820633,0.579828641794986,-207.369773247741
416,0.766089744298002,0.332135187740755,0.599034206549967,-207.625044043113
417,0.626534867449194,0.397593174638775,0.219452784759068,-207.94216070684
418,0.534118562282635,0.253989868522004,0.229656808169652,-208.079284309066
419,0.575170474981388,0.229097501817351,0.197736218930395,-209.057728475679
420,0.995323392020037,0.242998037628378,0.49228878517853,-208.819855431659
421,0.736480319664232,0.26513735268534,0.597863175700454,-207.630068207882
422,0.94211605353523,0.325775657651769,0.398602511060701,-207.486655550694
423,1.01924202666314,0.245947389755406,0.297800229671138,-209.050758138813
424,0.487684313117529,0.229538831363708,0.36402343343717,-207.129173946209
425,0.432436878706646,0.274329017845762,0.511061688819287,-207.866114081121
426,0.756113245843509,0.340222687092003,0.331737656012734,-206.224555422534
427,0.743699158288087,0.330069165002333,0.516454051134311,-206.613536363261
428,0.519615899517681,0.292484348239949,0.494784264286293,-206.680102100312
429,0.780715384662153,0.468595449091597,0.543599209978933,-207.870362950444
430,0.677500523595622,0.23706242420929,0.48580351331992,-206.578732273494
431,0.69279476810936,0.221644468999217,0.539969832784761,-207.264322141629
432,0.514983764029181,0.327601783017672,0.504138997685594,-206.708605570321
433,0.486141768860704,0.182438185666436,0.325619034864438,-208.229439174218
434,0.512108628934938,0.196981886305876,0.478830908380523,-207.712724662942
435,0.552935572740353,0.500398123160099,0.490537914128608,-207.298007638511
436,0.5951188080434,0.488906875707303,0.387232966051927,-206.748912645156
437,0.793487857277716,0.502647772794262,0.267949198693681,-208.291752342098
438,0.875726221543948,0.215116731719717,0.341106640818305,-207.593308415107
439,0.751479298421843,0.480377572769876,0.454505057190366,-207.131230863762
440,0.54436935047212,0.415848771745429,0.210409056061874,-208.571747207693
441,0.686487206893364,0.299635392685312,0.40847055301256,-205.844620479404
442,0.555188678318045,0.273672144624223,0.459730387932115,-206.324742473568
443,0.570879556003637,0.319981006160679,0.550283183360202,-206.828099443413
444,0.635686256954408,0.348584384813993,0.542809584455275,-206.651077032759
445,0.592634984966837,0.37537515827237,0.292459330095871,-206.481295786684
446,0.543274497589566,0.53585525982691,0.320750888339985,-207.570355086727
447,0.599138421869996,0.147220737821938,0.280069876951453,-208.927359106208
448,0.74984598409121,0.376074234967256,0.519240623953121,-206.795359556587
449,0.540459038346654,0.423074194663342,0.349633828060451,-206.48104322434
450,0.665020523026838,0.141753868662635,0.592241573169577,-209.750064443209
451,0.695010726792769,0.343024229662258,0.323947496394847,-206.066756266568
452,0.696404467598182,0.252628031557375,0.548462325310373,-207.02117244638
453,0.499080077177267,0.51924736904991,0.382781954507249,-207.296187847093
454,0.592259867480378,0.131142666861563,0.396458702848279,-208.919226530655
455,0.689665628356999,0.201207616886969,0.770774820723936,-210.911062078117
456,0.635382109661909,0.533874792555071,0.418303427570529,-207.238003497515
457,0.531497056854854,0.50243064535097,0.279791903863199,-207.767645199083
458,0.805983315884604,0.552059974197034,0.57983009298608,-209.369052378561
459,0.584017420667473,0.222914011101301,0.563658994999845,-207.57276208488
460,0.688156420379196,0.330181830446299,0.291364140232761,-206.34550919987
461,0.739287385046957,0.360967857788107,0.394347870731487,-206.041194268319
462,0.764604167621428,0.280970390866176,0.443858362987923,-206.290315128998
463,0.519411734146842,0.413959359440292,0.276162111942753,-207.238146326476
464,0.761299229124126,0.34469172165419,0.605843921525912,-207.70747697412
465,0.898968687178132,0.216393218557328,0.555438029192412,-208.713002615975
466,0.82233042213091,0.2470236596553,0.521125663801017,-207.398409460154
467,0.62796410589351,0.254699370925384,0.461852170062173,-206.248217791002
468,0.53553765376718,0.343948977506842,0.465748763584997,-206.316550046372
469,0.600566888580679,0.301346705652069,0.290443452836535,-206.395019267675
470,0.517155537443669,0.360018272322182,0.374939983681935,-206.263413925306
471,0.858920590814885,0.470888883293672,0.421000990428452,-207.604628907016
472,0.653045700031616,0.433957579354682,0.3623662152042,-206.289124576448
473,0.447871614782751,0.432632999951931,0.46701165812028,-207.31409145153
474,0.666498997710104,0.389721366679445,0.399939651418643,-205.973633099459
475,0.69424145901149,0.315440150781717,0.416666945792093,-205.85583821969
476,0.489962371261853,0.395685148046443,0.317707605299514,-206.883195239431
477,0.568273605985146,0.37035069463761,0.420708683111977,-206.035779761491
478,0.746361873035663,0.478207721799912,0.441239920624291,-207.02290209564
479,0.446100892887795,0.469518082279121,0.502583898095878,-207.725753168932
480,0.642586585485427,0.370021353567656,0.283311678286416,-206.508407104649
481,0.78406670088609,0.871413859165756,0.392840305503338,-212.819418146483
482,0.4405274065104,0.324180965320804,0.401705937734754,-207.019579684919
483,0.49408650417717,0.343924978752863,0.502786576829308,-206.866725551295
484,0.702568084110604,0.252716828001777,0.486955489173675,-206.484998262606
485,0.834259598843564,0.472915354066183,0.482947666525905,-207.743991755188
486,0.37196851548127,0.256467325511278,0.315202258488353,-208.98364677718
487,0.62906402309032,0.38744276751574,0.507775198780258,-206.469742848122
488,0.617150778943466,0.322141916809165,0.356488270200227,-205.838001440691
489,0.690094404222216,0.383541000626543,0.37535033881405,-205.987738356543
490,0.658762170301523,0.247279224823962,0.366162487388908,-206.111828354519
491,0.610805773604836,0.291524619721119,0.472032002747365,-206.118939098703
492,0.642882165803659,0.360486671422812,0.419361213531244,-205.864604191606
493,0.646821642811902,0.431497291334854,0.457569961133291,-206.410039152796
494,0.590028527864708,0.259129881577646,0.456410016577426,-206.262693050304
495,0.525560399498532,0.6334087870654,0.594552849032505,-209.627838207697
496,0.479944010440527,0.195479106565221,0.363864721303402,-207.81163547701
497,0.601373942225047,0.431195566316288,0.353077721379457,-206.321900420369
498,0.581159348793393,0.315287403598269,0.290537965203817,-206.431916526981
499,0.780496058248048,0.309498019874916,0.530177220404829,-206.929092362709
500,0.660183820422045,0.333913004817182,0.501281224816562,-206.260453774015
501,0.597929979988676,0.343012776580639,0.401674080245859,-205.840305189197
502,0.647040792123717,0.189327265338943,0.545526592142546,-207.84551830335
503,0.589809443602393,0.531062010297148,0.398075229435084,-207.173024090723
504,0.628536697306805,0.512072853355595,0.408713268660177,-206.97884749034
505,0.586977584313496,0.269003972435555,0.417786854636689,-206.053609022466
506,0.791790636282309,0.376490285815837,0.38559676341949,-206.373332959534
507,0.639434534645093,0.22635297164528,0.416863979400999,-206.356766614498
508,0.718348620020521,0.552968212874882,0.46686438017527,-207.877368491938
509,0.731426054416949,0.603015808204561,0.412567164200728,-208.374522978008
510,0.412777658420851,0.64555719123594,0.380295901267379,-208.660899697529
511,0.441263097946301,0.463877588141548,0.638945721275259,-209.189445577687
512,0.529697832242461,0.389307718089671,0.203354305036997,-208.737598472144
513,0.672092941327346,0.289155885906869,0.250659149605083,-207.011407230254
514,0.686630658229402,0.261288456079986,0.379341157207975,-206.006034714339
515,0.744465398371769,0.245612053030911,0.44028862415099,-206.41559684302
516,0.657973607454094,0.381901908110512,0.309506640167605,-206.268139749136
517,0.645194500195035,0.276088594953806,0.482812442063972,-206.226217523413
518,0.555436726275332,0.315687390125105,0.510124860971337,-206.521986483088
519,0.561680296597675,0.320366024971621,0.370519265236029,-205.968555083666
520,0.414301023329556,0.280153486089041,0.259736978385294,-208.675368544088
521,0.611861670286859,0.281079521905099,0.318234151373444,-206.157426857018
522,0.614798974170524,0.505196783309206,0.158874035764934,-211.233193995888
523,0.443400302980629,0.569787603704152,0.607925586467814,-209.41884977595
524,0.542624958869603,0.445295423048174,0.539646225284346,-207.301394303825
525,0.961438827387833,0.476706412377487,0.437978528486813,-208.68965766521
526,0.857423327701938,0.277610866119371,0.324997520886677,-206.983929552239
527,0.640740671883145,0.251995232681938,0.436383035202731,-206.139988104914
528,0.663743639919447,0.358376982606212,0.391599270158405,-205.831594981567
529,0.610580813197474,0.278143605138843,0.333333099921641,-206.067493082045
530,0.625206989293973,0.354171785957182,0.287761328936962,-206.405148892286
531,0.505160837259199,0.36156424186976,0.330859121188434,-206.540539889923
532,0.598498190578129,0.209187624190105,0.487474507755866,-207.0358050513
533,0.543041765922554,0.419860992976056,0.403926064893692,-206.359714480453
534,0.820889642059168,0.292682994868119,0.455101220447946,-206.644731948396
535,0.590621333498752,0.371157464059603,0.316775245204225,-206.221500961118
536,0.62367960547494,0.469460776120998,0.384506425968981,-206.547636824866
537,0.5742246943076,0.29017995812593,0.352014659718201,-206.032521148721
538,0.620799813563211,0.397731096726466,0.397068671317537,-206.006203302409
539,0.534935298912809,0.343201930877376,0.482500907233382,-206.422635658169
540,0.77217643324247,0.363954487950544,0.215410286061863,-208.226562180322
541,0.688311293860918,0.137107937598792,0.332881559362847,-208.667651334138
542,0.611686858332797,0.764859192922066,0.443170799691687,-210.150767769616
543,0.747749715608743,0.636927166531838,0.327345880860293,-209.123902148207
544,0.714378508878687,0.496445372204804,0.435982817335405,-207.059274214361
545,0.730822504390001,0.472989332957321,0.235235535791238,-208.313163557893
546,0.650201998607362,0.259954579968133,0.401706384042335,-205.98607434985
547,0.713139223108743,0.549882743893954,0.435135931488183,-207.668055843339
548,0.76502927293696,0.544574694696565,0.464310126759386,-207.982712547193
549,0.762920323089768,0.423652136464865,0.447145160616661,-206.646647272997
550,0.683632655877449,0.45118410868476,0.410923820588902,-206.458021490993
551,0.552348723477724,0.430907174956495,0.374422165004102,-206.401433460636
552,0.597212712898338,0.219147105077685,0.443338963557187,-206.624904776533
553,0.765944189632637,0.408284130437226,0.422370092873653,-206.459084620665
554,0.85474003339564,0.276494824889637,0.338736833085404,-206.884717409266
555,0.83019512555758,0.416103116660353,0.268708898275896,-207.707129675205
556,0.725173505079539,0.348695183416622,0.556855594336717,-206.969569547795
557,0.65349030698469,0.261684946039889,0.383508141262535,-205.968299359207
558,0.551179305192041,0.346990288716842,0.452412309918224,-206.166166881797
559,0.891268583785231,0.326320869788897,0.499520751109942,-207.483475614845
560,0.486573407768865,0.380159143073185,0.491372942755173,-206.914381481655
561,0.556061706575779,0.347324717220449,0.343839490105364,-206.104427835228
562,0.437494732841077,0.340141894073301,0.416001834692903,-207.058996684647
563,0.901233365229489,0.466475460119113,0.635830298718989,-209.91514247872
564,0.462442749949894,0.398705084948244,0.549172915895405,-207.682724666556
565,0.806912375257217,0.244145499126381,0.685068696449938,-209.412295172629
566,0.479480192742861,0.46455821536961,0.277497765540085,-207.807592123022
567,1.15205853697216,0.463016082627698,0.415008051613535,-210.884267315232
568,0.859777339591184,0.298133341233329,0.423234327728523,-206.79117827075
569,0.471913853582783,0.451025926235607,0.393659835946409,-206.995058144122
570,0.527152543760919,0.561119625351386,0.337335588848508,-207.724153540802
571,0.347466229635631,0.502011192192485,0.572979646008751,-209.515940265095
572,0.54790998747557,0.374634572296259,0.269960266220084,-206.972971084379
573,0.491672801628833,0.339192918663303,0.639861348504716,-208.388486335571
574,0.713079712456288,0.423284156076566,0.567528999350619,-207.419538463051
575,0.449425431333964,0.284164887501425,0.65822615862292,-209.250589437896
576,0.869007426137075,0.262610820247297,0.411848789785681,-206.984135486462
577,0.847676961012617,0.337027824739646,0.362824470779759,-206.66308142412
578,0.897990226632178,0.256638815563445,0.48838070128424,-207.662207822873
579,0.547859216013858,0.47268530673561,0.418808035788442,-206.742653542399
580,0.569096011111697,0.156936183252394,0.447926077358646,-208.18491200971
581,0.57005544469122,0.669895369897552,0.363821054889681,-208.748013615856
582,0.655677697884417,0.497149230925645,0.477346748374337,-207.127951026283
583,0.665733692959591,0.370640880860472,0.421611772378144,-205.922078269732
584,0.597788572691511,0.247446442410683,0.424774405687354,-206.211723445465
585,0.777110627533998,0.392432853028272,0.566108720606556,-207.500482947401
586,0.691727943132542,0.355404008289247,0.399246537975434,-205.872607767478
587,0.591222843966357,0.369714283698094,0.456536229248444,-206.099192094795
588,0.648475168218003,0.415891723986243,0.461466705308628,-206.319741443154
589,0.320741164676012,0.446059652686537,0.613005775741125,-210.340032031935
590,0.620513467863593,0.213124067492074,0.621930495859783,-208.341180358041
591,0.686619812183425,0.392815926314554,0.500010731467505,-206.493390225827
592,0.802202882188897,0.351160872404979,0.35026075947062,-206.413292886083
593,0.767796612961516,0.317961094690266,0.422922292547698,-206.150137848099
594,0.820348063169345,0.324468244863778,0.470370284622887,-206.696750352061
595,0.799377872830573,0.32856446541703,0.430287851103925,-206.359844317133
596,0.710106014641509,0.410158605037198,0.558038069039269,-207.212999871968
597,0.776348738367245,0.435714197357773,0.316902687984859,-206.945366787783
598,0.567818940241121,0.489715791004229,0.471256937755782,-207.044067350881
599,0.553669266276819,0.504793506146021,0.44023010801945,-207.063683337865
600,0.48430357745863,0.327750646240536,0.455934060322718,-206.660030499194
601,0.448728107586263,0.289333052809589,0.418427593210648,-207.049018487103
602,0.9973353285109,0.324836720851624,0.29565965644792,-208.544153799439
603,0.88171973425648,0.370402005701239,0.435219499843209,-207.114499056415
604,0.798999720792643,0.291209862650183,0.32753969129807,-206.503531190625
605,0.492099500069455,0.30079657515614,0.426278368519065,-206.523842548829
606,0.69565962654917,0.314707959688261,0.289382527565168,-206.382263829339
607,0.748497841911436,0.386653515085421,0.496782637649732,-206.651120122476
608,0.387360726282046,0.522424231883567,0.344720705950073,-208.184938611388
609,0.500756858027044,0.335820067112732,0.431710052117981,-206.409407358916
610,0.621408975793484,0.313421068480126,0.487028851534972,-206.154727506905
611,0.556014109857394,0.234830639641634,0.605565984957497,-208.039145764692
612,0.926632710432728,0.269492661355198,0.44620345471457,-207.594558411447
613,0.50189183929318,0.466774422186397,0.387852095623291,-206.890384586272
614,0.745200312197335,0.409133720620561,0.409538546546121,-206.334083692546
615,0.746757402390534,0.40537650642987,0.360795002634672,-206.336153132134
616,0.706957001380646,0.308607987004918,0.439588528885547,-205.969927912305
617,0.714334953381014,0.333702043224399,0.457580536832349,-206.078739227223
618,0.548548142463234,0.609990868024258,0.416679368595268,-208.040991765977
619,0.449958350185374,0.346315983577132,0.416012600333714,-206.89781120453
620,0.617136790719265,0.400969048098939,0.56280500116912,-207.078203375921
621,0.488565450038896,0.236442322104929,0.521607137943636,-207.624176086199
622,0.686846358004247,0.230492336336392,0.467590195113255,-206.547495834582
623,0.494484374850961,0.415106126423894,0.352503124145253,-206.714944658477
624,0.798949323113504,0.351274656026393,0.266790897791007,-207.19326470436
625,0.664984448602318,0.332990440655928,0.301694955580848,-206.199442677513
626,0.762898878525211,0.448810997054776,0.429558734620383,-206.781430880055
627,0.553480200567483,0.334160264672135,0.370084834435356,-206.009655101104
628,0.520044408370941,0.442506974035232,0.519341462884289,-207.201719370254
629,0.520198407215266,0.420233574031834,0.460521565978263,-206.659573742907
630,0.824352565552308,0.358112009090083,0.543969473737838,-207.412830247814
631,0.419021484306384,0.487027822009872,0.352393194188947,-207.713635993006
632,0.509269266072225,0.420460820967292,0.351366007554928,-206.640961234736
633,0.494948305666159,0.386992264946982,0.330536115065007,-206.707084217231
634,0.763338876261164,0.318023503498647,0.604903184907364,-207.679563527992
635,0.460359586292889,0.338285223989591,0.376652224550415,-206.768681247758
636,0.336641486857097,0.419242440381004,0.447375591019057,-208.691675093525
637,0.560119296465518,0.243608695900583,0.293116029643372,-206.874164353515
638,0.854283347937029,0.255434491626543,0.323255373821438,-207.100762564329
639,0.920704375232321,0.305428854726555,0.403758370530921,-207.282671204447
640,0.298878126418805,0.531076601520981,0.423263460426617,-209.28408484139
641,0.650211839066953,0.611885798676739,0.259835418831776,-209.225244206073
642,0.590041189440812,0.458247749832622,0.56561970306584,-207.539453164186
643,0.697264102273907,0.571396548489226,0.371921132482555,-207.816689070521
644,0.353983302002178,0.437474026604184,0.556403035424981,-209.165656780545
645,0.256159680917507,0.433844633998214,0.301780182572046,-210.793401949215
646,0.446624664005566,0.516225712839845,0.272981812624836,-208.415474682802
647,0.52737833633676,0.193932331938369,0.516043167026565,-207.933152835565
648,0.648382807798859,0.329305322692505,0.633303050920172,-207.719119561385
649,0.791997514962586,0.309929744720585,0.503639821187655,-206.757957227659
650,0.443525173622013,0.314329870932247,0.451853636339478,-207.132624882498
651,0.652729308125068,0.363360279991471,0.433397612698377,-205.920427523571
652,0.91887822686036,0.317254646373024,0.308318806699265,-207.578459960989
653,0.456402384762586,0.3664629143588,0.303202045767826,-207.27382944267
654,0.458160939069538,0.468935255820809,0.34908768786526,-207.310020083113
655,0.45871584850036,0.43410235828484,0.347428859431294,-207.137663100671
656,0.691109012716987,0.502262667046228,0.237504459987042,-208.445713490277
657,0.523373816153841,0.255762301793929,0.290950606105616,-207.02675884718
658,0.514122694637416,0.433116059610297,0.477337030297438,-206.865585871515
659,0.566323997768802,0.429810028232652,0.223797985375448,-208.17956013612
660,0.721480110919356,0.358772201208918,0.215932582926862,-207.976646157524
661,0.971516657665538,0.301344322443876,0.652125904702252,-210.105801043585
662,0.705608188744507,0.405308611046942,0.587248444224379,-207.502764614999
663,0.562883927591018,0.303356469594027,0.267065109938437,-206.866995678421
664,0.623516617767284,0.411410610442581,0.274042085562263,-206.875729384199
665,0.673488685354362,0.415988011648212,0.374675120690813,-206.153245629622
666,0.70163829923212,0.259206378691283,0.29505545491036,-206.533668651093
667,0.604656853925304,0.265319640081819,0.260354163403749,-206.996196193998
668,0.771093822443153,0.441524603266189,0.19983318961702,-209.209988259899
669,0.593762245392833,0.462260832470733,0.809398420129333,-211.246032734281
670,0.528060480909268,0.514047496223829,0.368411490377591,-207.167625428609
671,0.834188062808764,0.388896191742143,0.312283098868782,-207.029039091709
672,0.662421185354853,0.350964141372223,0.348899400117973,-205.8915721513
673,0.662809987396971,0.445119634819206,0.398927478434979,-206.354075112539
674,0.354311881540633,0.264999910684411,0.598617181254591,-210.312870823994
675,0.573377664620346,0.289137763332821,0.315407233991557,-206.265249803702
676,0.62168680953895,0.282923026950494,0.26675668462512,-206.753618713169
677,0.675655409870112,0.269982109976202,0.592468832494448,-207.361887266931
678,0.60604358526585,0.26977457585319,0.627162857587973,-207.825549982601
679,0.649579255860052,0.424325150125536,0.540347533143925,-206.997024623918
680,0.640677280190893,0.25287916995841,0.310634602635967,-206.369427002889
681,0.730706310714651,0.336408194631678,0.51404981112133,-206.545324692535
682,0.63242827687706,0.237884312617723,0.279682636205691,-206.878911805648
683,1.07925594997432,0.373741039220759,0.346582948160986,-209.309120704504
684,0.320811136038072,0.629564507363094,0.462834473842605,-209.547406872947
685,0.493304801435788,0.593008742041691,0.314993016833594,-208.252648162356
686,0.592229961904486,0.178900486397911,0.255224903098032,-208.402191992453
687,0.535022575114364,0.369062446364556,0.595108991666937,-207.554643197273
688,0.838547044981327,0.320099501179273,0.575862813428092,-207.806404220143
689,0.787041960454228,0.357480776856757,0.562159527221014,-207.35883794687
690,1.20794557844071,0.428373229129063,0.576528936567214,-212.696677062521
691,0.778767964932095,0.310116942630228,0.50334054784706,-206.677615714176
692,0.94541576284818,0.367329258828619,0.473084534323326,-207.918211173925
693,0.586786203450546,0.307083053492044,0.343363230046366,-205.977906950132
694,0.598602031394603,0.686636256469922,0.540932080333487,-209.766633729175
695,0.643083387806271,0.552099049297834,0.281803124447565,-208.120514036684
696,0.673408116607063,0.777790851475651,0.382109493879175,-210.550168131499
697,0.648404556919965,0.273556094434092,0.497593847578983,-206.349303293265
698,0.59871920619606,0.529653220448937,0.565852070779661,-208.201619897809
699,0.56625751668668,0.46285917271202,0.373565758993785,-206.594449484272
700,0.409025375452219,0.513759933412681,0.428685097123062,-207.86590117185
701,0.768547069011061,0.451138020897926,0.471731668150534,-207.038233444143
702,0.542934282210402,0.27125611498808,0.508234840767931,-206.741561527865
703,1.11978344289541,0.261560455638737,0.27760345586847,-210.487285391736
704,0.404889773716751,0.514714632506063,0.443324683548304,-207.952755017104
705,0.422393094054698,0.405750793498217,0.31823656196129,-207.633468535112
706,0.732919486011653,0.302913506334254,0.636909525140529,-207.98569461923
707,0.521456290805524,0.37277157395565,0.247243487558618,-207.551711732009
708,0.632388551004389,0.271538721284157,0.374862388015665,-205.919860480367
709,0.768814308070658,0.478246403744704,0.362669476823836,-207.05702783731
710,0.616327554672257,0.455061413426778,0.486908838603111,-206.776059354729
711,0.794108863683281,0.407999845428697,0.270820696158381,-207.378728794269
712,0.644157436905292,0.276891804250065,0.573667454356178,-207.074528026271
713,0.60310075861598,0.277403035142619,0.657836058738073,-208.218973536369
714,0.693613823493075,0.414757502255054,0.542424476569967,-207.030228722556
715,0.438137485492334,0.262155507632698,0.295451326599954,-207.885966966882
716,0.473158923899928,0.298150314595672,0.390022213176503,-206.68247679035
717,0.707755460731725,0.325612734738112,0.638244687565894,-207.897382574686
718,0.870356467647518,0.322745354946109,0.546178459021332,-207.733483807962
719,0.579836490103033,0.278418000273254,0.674592805230556,-208.524123143185
720,0.728034745977358,0.358710832344125,0.391215862459286,-205.987817610819
721,0.562558747169913,0.647277346635471,0.410359167053325,-208.445286123159
722,0.465680915224506,0.182131190573585,0.418932356129035,-208.300380831625
723,0.599714957834653,0.423108212747979,0.259296206221811,-207.238618046519
724,0.658828889467405,0.313870734965375,0.546740940095829,-206.676421792658
725,0.939695689388564,0.346586141161008,0.620837056244405,-209.334740185892
726,0.520692378076738,0.35015953628003,0.595009612700249,-207.598874721601
727,0.408571125400589,0.360249515589849,0.47444616865721,-207.686049730157
728,0.815795732495827,0.406283387250367,0.374008083971035,-206.706358243287
729,0.72817754158665,0.352138914860273,0.385385773792794,-205.968512031515
730,0.777224772637706,0.296328683610494,0.456025144267759,-206.36680670052
731,0.682153583421421,0.321167021479095,0.298009615328308,-206.253799171221
732,0.637457822675834,0.318170554226267,0.252400963116489,-206.915915306641
733,0.721157935805103,0.419880524062066,0.447756141629178,-206.437104463015
734,0.72292512971556,0.307866456360426,0.576713407709414,-207.1603386974
735,0.673807588126977,0.309699466427285,0.305042244758555,-206.174398790187
736,0.58392416448379,0.36013479236703,0.361273688107179,-205.955338799958
737,0.71496651339416,0.292210171645301,0.507956496737829,-206.467296179402
738,0.505328792079847,0.297524722708289,0.602485503326143,-207.860493980726
739,0.768520387789194,0.415987094709087,0.450646513281975,-206.636866089085
740,0.345521707943814,0.365707090578429,0.489944179508288,-208.868654791715
741,0.837774618220688,0.458185439578077,0.606531025181183,-208.895832477787
742,0.451615207475729,0.362859335364813,0.573066140684276,-207.966976611269
743,0.807253782284565,0.364790248435342,0.300867118431629,-206.837943380475
744,0.740083806041342,0.349940571083097,0.677962396612053,-208.641405743779
745,0.548078158462134,0.213686454283273,0.593621313331699,-208.236508805642
746,0.786874689910626,0.344136992768911,0.209166593235607,-208.431508945939
747,0.773663599967689,0.205202477874293,0.594633652918214,-208.430366638248
748,0.80784175685342,0.31000875404828,0.392654268485017,-206.336882552224
749,0.581812794321908,0.413231445317779,0.488674967642864,-206.533836839693
750,0.521805270180995,0.304194869505945,0.446700500179589,-206.33787023953
751,0.75879036264055,0.313271466265028,0.502934383984954,-206.566009539672
752,0.728792579510055,0.357597413988042,0.344445978582204,-206.085783377661
753,0.761468652558107,0.335744960981106,0.375997414880053,-206.084733600283
754,0.876183573093414,0.354592852872302,0.570702134699181,-208.110792297737
755,0.434249865346732,0.398612768962725,0.299743029895044,-207.65428624866
756,0.345700568032415,0.617334295062752,0.368503438749005,-209.004641456612
757,0.384596575873674,0.47297158802292,0.416222286544703,-207.93968889745
758,0.824188890741323,0.373052951320545,0.441885184839372,-206.69436941211
759,0.931124949664847,0.339021874231056,0.345808385353994,-207.46978541608
760,0.714075953303875,0.457171325746821,0.281401567697449,-207.249322582655
761,0.526769011724087,0.405838319973918,0.478247931474292,-206.645894817401
762,0.582894505250938,0.296620018171317,0.310460006571071,-206.246617222207
763,0.609544822821049,0.428379466613925,0.458052544606717,-206.397047717907
764,0.613317637320533,0.231520728687288,0.379765230518492,-206.298848438822
765,0.52480067695453,0.530054332671926,0.434290785164298,-207.348342078356
766,0.650745364885789,0.189126658004016,0.338954944786625,-207.078264327122
767,0.745303612996737,0.46308784543906,0.360306651419983,-206.798640101307
768,0.473171045951891,0.557792308461476,0.354501431239188,-207.774924897742
769,0.727144478533562,0.314193448949752,0.447991500155467,-206.068151579289
770,0.838933326086151,0.319199691038419,0.306440990894043,-206.908232343327
771,0.58196859057,0.354610835398302,0.437893585084373,-205.995669418731
772,0.660223566064063,0.485552157199076,0.604033488181191,-208.25523599398
773,0.73358520802785,0.280460446197374,0.428463496573901,-206.0939873927
774,0.688209125595368,0.372801695585629,0.33772113173755,-206.060017005068
775,0.687094781318935,0.406997870129638,0.628755830532268,-207.995480637111
776,0.699414401868703,0.256773285081882,0.451677961552848,-206.227013099197
777,0.754876883014476,0.365490901464548,0.385923641374151,-206.126401958954
778,0.690118183111526,0.337819135571071,0.465482737623488,-206.062882147865
779,0.537595956634019,0.309790452901196,0.471616368717627,-206.350081837829
780,0.467327161402761,0.46342013711773,0.330093076726587,-207.320152803035
781,0.720400194112499,0.543298832878782,0.357760164943587,-207.586503308777
782,0.424065818950822,0.477480940440795,0.387863361660832,-207.535559325047
783,0.683740418514427,0.290939493333504,0.554389163688871,-206.83888273947
784,0.566654715351104,0.423675081942019,0.4841342588607,-206.611942085199
785,0.656451921353807,0.341384580916452,0.496947452031257,-206.233164825564
786,0.992986975969823,0.240972828694709,0.418238537321834,-208.407057073831
787,0.520900006325929,0.487579593232127,0.461787641193417,-207.124192934184
788,0.582443635005876,0.68611023123048,0.444158538745426,-209.032507635927
789,0.432041308219698,0.336182945868094,0.346698690347552,-207.23573260299
790,0.84297399447507,0.328084054387522,0.518221531403118,-207.238293039356
791,0.470246413862708,0.285598394801318,0.308715646968795,-207.148854758227
792,0.686302828575784,0.326838759204519,0.241181242072095,-207.181044837668
793,0.754603471122798,0.291094258986794,0.525335713780557,-206.784075614007
794,0.678204749692347,0.370564772223715,0.490060658709356,-206.293420955608
795,0.625067561838161,0.22978602837481,0.491873281476459,-206.70786501783
796,0.65400595325871,0.282097558960412,0.467139480059422,-206.097043762229
797,0.507172457285954,0.343580177372507,0.379435975817584,-206.305396859481
798,0.820354269269887,0.271952597212547,0.439682553503817,-206.648366121794
799,0.818929867613596,0.34534012929606,0.418660469533274,-206.480413878964
800,0.527875464977216,0.195829978528072,0.352086335422721,-207.367763019812
801,0.542543250546441,0.241370742831938,0.250618975046035,-207.673908043566
802,0.841931769148526,0.367058985859324,0.363078111555686,-206.705130075683
803,0.869068320861857,0.244580709851196,0.35261216444641,-207.153313235949
804,0.875066088239637,0.44736861275587,0.400745738768751,-207.479090238006
805,0.903294141574845,0.232415094354423,0.397180012269598,-207.520539190512
806,0.869468533732405,0.382519918756769,0.331989042678125,-207.126926379311
807,0.879699629802769,0.347179291326517,0.434332232209799,-207.014597180425
808,0.94496980107068,0.32067237395215,0.429485581972197,-207.587360087946
809,0.625350070395452,0.406546057186473,0.478968148415655,-206.362657981806
810,0.646406131398594,0.304525963883205,0.344027569411614,-205.883298922549
811,0.556490321280414,0.348292758368127,0.335360517819077,-206.150643443832
812,0.846361512958105,0.345529370670123,0.407643407081616,-206.658367021693
813,0.898805385164018,0.234413199802273,0.565551077686386,-208.605141623856
814,0.718054913387609,0.444674857186006,0.439914623018984,-206.587604571918
815,0.783857566195353,0.184483687476166,0.548775218787051,-208.349900473997
816,0.637644365320727,0.224933739447562,0.363328289830436,-206.375907336871
817,0.706227518020593,0.290218304305864,0.382538161779137,-205.900265264672
818,0.662956624889989,0.35276047498527,0.35190135179993,-205.884734926397
819,0.657743820100553,0.232703112204485,0.327994569892635,-206.432707029364
820,0.929228411609293,0.402965669616714,0.427305544758754,-207.706033739081
821,0.448088574394603,0.337700683980678,0.330464333685399,-207.113314994414
822,0.634798734492755,0.226117161400994,0.398145378567152,-206.333731815477
823,0.967907938635853,0.266592987037254,0.396298782039937,-207.894624886582
824,1.02556556592784,0.304620874735517,0.430215712246927,-208.515557433991
825,0.798077789499377,0.249180894823095,0.223319767373597,-208.326990392972
826,0.706582214478629,0.409119033747978,0.720322980876064,-209.453769282457
827,0.642724044880233,0.577403510570702,0.733050596924092,-211.122387400821
828,0.491260369427374,0.48531602357252,0.439204404527515,-207.156390910555
829,0.778365660345054,0.215211428513639,0.362142022053842,-206.848313056074
830,0.643885315921487,0.203877727699395,0.316020535401396,-206.949038270321
831,0.513639299497954,0.347558268551414,0.335483135561785,-206.416680704164
832,0.694941389573616,0.374335336454205,0.553121086452739,-206.918611897205
833,0.48900850737084,0.40716367982397,0.260417164032231,-207.69576840163
834,0.597495305594855,0.261680040203456,0.479444573898113,-206.35864194543
835,0.619604074173473,0.313390198853637,0.394620121421668,-205.785326018325
836,0.563931150455979,0.333228643680338,0.381159198691172,-205.942807276952
837,0.628697641557959,0.388229932681679,0.617934204447419,-207.67287019006
838,0.528266839148441,0.395649191329042,0.51316288904899,-206.844655589023
839,0.668786012964288,0.393634379783249,0.28980490681798,-206.554746298291
840,0.567179159328621,0.186442660432704,0.397980786608111,-207.2433415012
841,0.563683416547845,0.51781467304977,0.405509341009901,-207.079727495893
842,0.433022010764358,0.590164994471467,0.418039288450889,-208.137008396512
843,0.79817204891406,0.404343031093527,0.405098063416509,-206.581116798265
844,0.558328501661557,0.348973359567463,0.580753090925901,-207.227174516292
845,0.591851420186433,0.270788058524211,0.477026915084146,-206.296127896509
846,0.603310144225109,0.364435527016009,0.453425425757496,-206.039519007495
847,0.815913478994984,0.314403187007768,0.432167871740952,-206.472157056784
848,0.598892114794407,0.312476307660496,0.438375538590776,-205.922419001853
849,0.642419528186847,0.30710588073705,0.435407162183448,-205.865092661822
850,0.68395682291143,0.359174281793391,0.445775747951201,-205.997441512644
851,0.803407259789384,0.262596733698369,0.327374604004638,-206.664120989857
852,0.518612898531282,0.25238799377115,0.450278587306056,-206.682481830697
853,0.918573989466731,0.412507608644499,0.355852089434536,-207.642938257322
854,0.540165368893766,0.212475215112115,0.390401289876225,-206.891117697383
855,0.742418775529909,0.382393319072262,0.368909787867637,-206.164201374732
856,0.679736761629084,0.160627922878294,0.415338097537382,-207.716579122514
857,0.748658048887403,0.235228820675095,0.569207234663796,-207.592542015036
858,0.867997945204568,0.572539931741345,0.324659952655737,-209.046525465272
859,0.653639497173151,0.565671803936014,0.292884314340151,-208.154610690645
860,0.905688739768661,0.533564316013227,0.286657487215206,-209.244125586819
861,0.635242849394954,0.340494168503457,0.400204590611864,-205.784485083693
862,0.637277055743043,0.398579523812843,0.486177458295989,-206.362659450337
863,0.673674050246719,0.247784490973981,0.47262945696301,-206.376795277918
864,0.975940684548933,0.504366628427822,0.217932312785851,-210.957762839714
865,0.865515927378766,0.270198152729233,0.178970062951474,-210.15184148853
866,0.769319190373757,0.377409249511638,0.706449479623449,-209.337261406391
867,0.421862878412358,0.539851276969158,0.273103571329012,-208.711536887122
868,0.845517522869589,0.201857003561635,0.58628637231893,-208.846706026249
869,0.879127799436056,0.273969810576864,0.46816244169839,-207.249536817737
870,0.659978008784422,0.260522526655241,0.355998920161189,-206.031193546702
871,0.807142756389563,0.407350181979039,0.291648576966249,-207.168959221573
872,0.686196994755159,0.394150661914521,0.244405469770598,-207.34036717712
873,0.656392190301486,0.317395575595413,0.379952968881031,-205.771889131848
874,0.533537035203973,0.267263803744383,0.510188720273351,-206.844540931695
875,0.880614847234609,0.233776825931114,0.490114009641033,-207.723025981958
876,0.556678622039477,0.514410921953961,0.37798041261967,-207.069033204699
877,0.467930246188988,0.350981781910271,0.39429947525654,-206.673583988115
878,0.59552492645164,0.140366945773917,0.401437647855572,-208.522642948627
879,0.657795900027872,0.477382177366372,0.447942725881416,-206.772063038555
880,0.330263528056116,0.444651102176539,0.526057190713778,-209.265745860943
881,0.391016442009305,0.418277133251212,0.393304207135435,-207.746581832367
882,0.697691213840756,0.523866763099384,0.384636570267896,-207.223681008455
883,0.475676103038677,0.336342452786219,0.260892423619399,-207.625042009783
884,0.677597402977792,0.322570702224339,0.548119514497441,-206.711174496584
885,0.512793500308656,0.233625427672539,0.517049422347124,-207.391982086613
886,0.618116331797052,0.405737058902391,0.277858086837765,-206.787565625894
887,0.773301236649909,0.324818454056044,0.479745471676221,-206.464988555987
888,0.791156213733266,0.304952660004128,0.357203889635849,-206.283751587319
889,0.43503214176076,0.370675579768545,0.545031018352118,-207.879644537125
890,0.574331413977595,0.427856185793089,0.409811377636053,-206.299273914216
891,0.894364636597685,0.375424088132687,0.320293942051173,-207.388827094975
892,0.753583744383123,0.286314605730779,0.300412436397114,-206.508282469957
893,0.71866086373627,0.293103602907514,0.316058363226441,-206.205970588537
894,0.83858581737088,0.363436313073044,0.388239892372971,-206.636036541398
895,0.575969461978521,0.249627794703429,0.394795130966496,-206.216068908147
896,0.917059849055075,0.356582792485155,0.376132749692136,-207.296304584344
897,0.931136767319857,0.321123730943179,0.349595324727569,-207.43497982312
898,0.753420400140329,0.25730498996864,0.724479453767447,-209.635700761312
899,0.903640509057312,0.311939495757209,0.359471167110545,-207.13720396636
900,0.712907093469304,0.23779706079588,0.313185375744526,-206.570695553632
901,0.531112485215511,0.318236920836311,0.342788902677134,-206.241379065968
902,0.672754114740732,0.284359914347037,0.361256633366912,-205.891880043074
903,0.533989922310755,0.348719765994206,0.432672532235843,-206.183050515082
904,0.894694046284602,0.302489970794807,0.406397004841752,-207.04466719045
905,0.347207016405983,0.742024700162771,0.419400409558262,-210.075084772249
906,0.558035961919168,0.811785973216458,0.539802132868613,-211.271330178814
907,0.581662932828274,0.290341125652016,0.208460643593652,-208.191484426467
908,0.602465926012473,0.303947209395373,0.226444055270069,-207.573764943751
909,0.557279817619157,0.334948072617812,0.610619030700194,-207.582875120427
910,0.570815261260728,0.313765894104309,0.227317584253405,-207.646022417887
911,0.974847840597093,0.276327405586296,0.379876701434632,-207.919180334025
912,0.906611846503469,0.153179987166557,0.591238880171492,-210.560759588711
913,0.643216530070308,0.136723487179529,0.560676543504985,-209.59133536441
914,0.75259327799468,0.536927167638729,0.501480367945828,-208.078658216451
915,0.478349523659933,0.330330693532757,0.254114269932415,-207.723719678844
916,0.694278373499334,0.291285950693961,0.482690598599904,-206.217774109366
917,0.741636397049963,0.335268958398302,0.30393641306853,-206.375834561659
918,0.676709412737245,0.336767671003331,0.467498592666206,-206.047450088595
919,0.573805866762746,0.459566466904736,0.309354221322839,-206.900441276827
920,0.790896568211506,0.472948462486406,0.276213120636917,-207.830790859243
921,0.691948786362851,0.190812806542611,0.411230108332893,-206.963793454516
922,0.640878334692339,0.327777866075999,0.429290418255399,-205.832158062387
923,0.671525821202512,0.314943076844579,0.35024429878525,-205.858055396643
924,0.725185243292789,0.264827545795439,0.271974985811431,-206.870042851264
925,0.462498414857228,0.45710430598871,0.444906090456071,-207.199638397224
926,0.741433295770613,0.363289212127842,0.409140489711391,-206.075767926515
927,0.769528520605255,0.347273013428769,0.307606286558211,-206.494129259563
928,0.667652411818643,0.188719960223644,0.41375166440693,-206.987716520102
929,0.846965369502221,0.233314480208261,0.320568694822652,-207.264378009031
930,0.520617706331948,0.475645288035418,0.490406278848754,-207.206824791115
931,0.573150885614182,0.237636197460794,0.358183771886257,-206.402341332485
932,0.667438064791809,0.462567412636889,0.524836459748406,-207.183954224803
933,0.520432334121608,0.233879810237403,0.368246727794351,-206.751259918678
934,0.616369679746845,0.464708030734597,0.436661641091631,-206.589308724574
935,0.425078966888442,0.212740539552908,0.348523918058297,-208.319159915962
936,1.01034609084136,0.345001431979501,0.477024334201434,-208.603795671211
937,1.05012147034108,0.340362874467355,0.318516947396334,-208.990312106991
938,0.938539723075996,0.304552504612196,0.345809884292371,-207.533497616823
939,0.812774470217595,0.400716669492752,0.248692668431736,-207.844524433965
940,0.370810280140853,0.442996496354416,0.643632025542992,-209.951623188405
941,0.420444753250553,0.353226090916904,0.660061773289561,-209.445049969027
942,0.672993576280872,0.617796899603345,0.641679768947394,-210.32412406702
943,0.405869555282804,0.39928549794023,0.508192532242617,-207.971588216428
944,0.922466689278643,0.453831101724597,0.49453235355731,-208.416034554235
945,0.449535811053797,0.320230833755618,0.520825688839401,-207.499318268407
946,0.610139716422519,0.304378426698751,0.384768760239791,-205.814338283995
947,0.662875623481525,0.161045708004589,0.350352679089308,-207.740051367315
948,0.691572939223784,0.314077803262631,0.374811941381408,-205.826606320389
949,0.595825175932783,0.476913843950336,0.457042399100558,-206.804370076567
950,0.51724579397155,0.264333651703015,0.534715126055204,-207.204079883389
951,0.562976221345812,0.170882753774187,0.556172276686705,-208.649990881925
952,0.690003039805666,0.407188134450615,0.531269642675861,-206.861125400344
953,0.92514197353851,0.280711911247609,0.381935849041208,-207.377730333732
954,0.884864008863889,0.458334226326408,0.451036315088751,-207.823508594965
955,0.509787885914783,0.559238839361208,0.33019914179888,-207.796140874355
956,0.401041633193607,0.287232102752036,0.342245113370097,-207.929577184274
957,0.732365387701656,0.243685181972296,0.510814261565658,-206.849095289257
958,0.661920929224893,0.432071519022961,0.679285130090442,-208.845788698864
959,0.564361541660271,0.59004568512008,0.601322277833628,-209.249681726997
960,0.688772530190124,0.423467331095096,0.338671431942382,-206.359025872195
961,0.47745030561068,0.681433493122113,0.514021781330367,-209.336025936234
962,0.66929844478619,0.163272117742367,0.35605923723648,-207.65373699879
963,0.611514283721417,0.653728985779178,0.375138149804462,-208.616512969038
964,0.638545626918867,0.662836305438802,0.642091260888803,-210.792049532747
965,0.562536130256532,0.605977432185516,0.272702877819937,-208.824642546657
966,0.510002131842727,0.605330730521288,0.323362993163354,-208.262530524996
967,0.505164226055852,0.391750049975869,0.542332023501517,-207.237663369564
968,0.68941716119741,0.174581638387503,0.385208339384607,-207.31010954404
969,0.531784071648191,0.624450870872206,0.440454808170843,-208.261381497736
970,0.547426532968055,0.67976800500138,0.526135196269299,-209.434086287067
971,0.61080147727929,0.403836125896756,0.315176522304765,-206.356446167962
972,0.646719458531393,0.576416427747081,0.376331551621152,-207.736379145476
973,0.613315834931801,0.367319947303889,0.387520602718134,-205.871048361317
974,0.494753613139207,0.354936730216547,0.448884316732893,-206.542723882287
975,0.609607220391735,0.308073791975577,0.190629627683776,-208.67558588227
976,0.556463139896911,0.621885944452127,0.558119446522791,-209.101287792754
977,0.624859078236919,0.185031869366344,0.325964414009252,-207.278927973824
978,0.787171320659016,0.467634040162517,0.329624869176071,-207.202646330354
979,0.76386567270235,0.269116283789281,0.461375761547605,-206.435487198429
980,0.672653182517296,0.444391627073804,0.595822427778546,-207.805423853084
981,0.77807098754265,0.53320180236874,0.236242634979025,-209.188141064347
982,0.563951207403562,0.497747778893095,0.343794359181636,-207.010030213205
983,0.532296625877136,0.39290009422589,0.431829354148997,-206.329437324104
984,0.683806295071648,0.40523479014723,0.273402700592464,-206.875773315765
985,0.608281936779266,0.443908304231968,0.458002494731988,-206.515288850428
986,0.651621421849003,0.197246966002807,0.454401545341845,-206.963029522459
987,0.630078996164931,0.48721161853274,0.486178234140397,-207.062462963826
988,0.68624549723034,0.265934248691437,0.411209485418884,-205.992156854131
989,0.518213027536768,0.379539342600865,0.463040449016475,-206.496293138768
990,0.450522904832947,0.17215112913904,0.440046149893053,-208.852025760886
991,0.650308912237274,0.536377021671286,0.351390575573743,-207.338555692286
992,0.469885888569351,0.372092429747659,0.263023754987384,-207.702352822859
993,0.835846059084232,0.228401741747208,0.188373835930119,-209.895630564411
994,0.833297644773487,0.443894206126431,0.665327279465877,-209.560639346321
995,0.657493943885499,0.167379605195395,0.244554702761256,-208.780676648615
996,0.689679884338772,0.322365975862315,0.280280273277917,-206.488409302233
997,0.700267965047897,0.320406750230239,0.35287804502973,-205.899309423117
998,0.752548440899045,0.37130235843743,0.381413349967179,-206.141274494447
999,0.762814517880431,0.378075603237134,0.485516075001553,-206.593938524333
1000,0.776163628676489,0.296044193472938,0.375187276197074,-206.17679128692
