"i","asc1","desc1","pol1","dem1","p"
1,3.28948586643673,0.297638091316925,0.807477041236997,0.338500731858946,-102.42397344762
2,3.01125196646736,0.0644601921873986,0.658762525430809,0.309073960938009,-101.225135425001
3,2.69214627282772,0.00276461037677115,0.730313225943862,0.582648808773375,-98.7388632139008
4,2.51274135612029,0.000573472209953963,0.520550166014334,0.367891522382109,-99.6821661745338
5,2.65385577195402,0.0319117392721971,0.595137855774628,0.927021591131353,-98.7361326823538
6,1.56529072415681,0.39080545419874,0.689968622560518,1.2670733531472,-100.024838285283
7,1.25550110066574,0.320522880941099,0.635161854437278,1.02640868197202,-99.7248158888684
8,2.3075549145613,0.441559638518122,0.708595268145546,0.800141273019955,-100.040244835405
9,2.91525651974717,0.316431464114367,0.949692775144606,0.926263243869178,-101.640387442568
10,1.14463024487832,0.279226117334152,0.627231499100164,0.961488086074759,-99.9099774742513
11,2.76541848335528,0.390444610108946,0.712422223448814,0.771917650984768,-100.392255492264
12,2.76498157153019,0.162990864787909,0.605519619690315,0.854131005232978,-99.3720000062193
13,3.2972566278011,0.029014128957076,0.455644390418829,0.619098949804849,-100.026548940336
14,1.66259507483918,0.147538558945069,0.624306033219927,1.56801519455621,-100.054104969264
15,2.39147296220179,0.216060194492218,0.667538633657998,0.85779400944011,-99.1550922265124
16,3.00695019469712,0.252093860624578,1.11710338276229,0.963235222762768,-102.702873308459
17,3.5512122098935,0.409280977179567,0.0845784110979502,1.26085198626885,-103.967659125283
18,2.858339679069,0.110927089859329,0.600966374566944,1.60873844949785,-102.186500899886
19,2.35322423452988,0.130497004347671,0.423314433270347,0.960505284464072,-99.0104526666205
20,3.50613070895441,0.166932143091327,0.294451164352937,1.06384697887066,-101.420318900368
21,1.894704883114,0.180744918424704,0.431374979814594,1.07823912520482,-99.2638513753874
22,3.15225884517332,0.0319366170893115,0.592845421231294,0.337115187052936,-101.128954229936
23,2.84268972088146,0.480022256877251,0.881743470852206,1.30605661102333,-103.210766263414
24,1.1304464668178,0.0207025908162622,1.01401550618365,0.565049588485081,-101.629266272518
25,2.44781243285658,0.122292374178248,1.1698225019926,0.332194897404355,-101.58200569783
26,1.59368462298559,0.173129466630944,1.10388319032171,0.580615760142324,-100.453738986328
27,2.37809477207745,0.0373660202824249,0.510459824808587,0.833302235854144,-98.2387473292635
28,1.6665183759437,0.034817674400978,0.851224595903665,0.488455549143927,-99.1098706935258
29,1.51318208336149,0.16851154143742,0.605509722358002,0.345752083026545,-101.394660035525
30,1.76574497551908,0.266954976982116,0.865421160575389,0.452375484426247,-100.303988495601
31,3.2708262898798,0.458045567888296,0.503131116182908,0.457497943284919,-102.081968696381
32,2.73527538565238,0.215276454371834,0.687943998769317,0.891546767297198,-99.760408993236
33,2.27364078721282,0.426379716254815,0.726609911987371,0.791437352866863,-99.9780273228259
34,1.02942498701875,0.396667544260952,0.904247358891926,1.29737581820238,-101.139411243668
35,2.13389374151145,0.389696166186759,0.334774137130481,1.08053842610074,-100.442780265951
36,1.84811242309864,1.01414912716637,0.947807852064231,1.447897797922,-103.726053699941
37,0.8930090359738,0.403411099146186,0.543395111826372,0.434587787842708,-104.810211638489
38,2.20010451214448,0.392099488325408,0.657562251349312,0.932540888765425,-99.8621475556268
39,3.05231666033339,0.347176465064731,0.247344684334214,1.25060926178244,-101.733049898031
40,3.0907609053221,0.353017366471654,0.289269117159881,0.644345747404048,-101.651758841792
41,2.53321524269734,0.0447277710775179,1.04425629988463,0.88724421300442,-100.098059694806
42,2.26667382781677,0.163451747743033,0.815006261246353,1.11975585545994,-99.9253408128566
43,1.62096399072841,0.02485112567179,0.329430014622869,1.40383480341641,-99.496766680606
44,3.09993397820612,0.037092822726467,0.4186013960439,1.32728541149904,-100.729032767584
45,2.29744588075077,0.638100064510792,0.486596319018181,1.52125772130528,-102.002598429933
46,0.977417677909711,0.609333944833201,0.755522195298333,1.33794358065204,-101.44617338048
47,2.45526167148595,0.0463860007474326,0.364736964200498,1.23176246201472,-99.5031028490447
48,1.85339287625497,0.166739660084719,0.463996196174156,1.18643924519272,-99.2614725938761
49,1.20430200359865,0.190804092980556,0.607871866676622,1.07083235629687,-99.5035702972209
50,2.71980461034946,0.0386317658000832,0.732201485610208,0.508369906058922,-99.1623755074475
51,1.38313522980571,0.0797619552109988,0.970533978608078,0.558525070496621,-100.350673566405
52,1.48703945835969,0.122849504083146,0.685418513551926,0.630432317286124,-99.4320236012015
53,2.80685718811965,0.0835707462984711,0.487597699004183,1.01343333536885,-99.3629925909569
54,1.80436695123008,0.0702623467446828,1.18379633652047,0.734737615882374,-99.919328330614
55,2.16675964146739,0.160623378395732,0.779668718128288,1.74886382134752,-102.265319273736
56,2.8211160521943,0.164630388177634,0.630492880286982,1.01614512633189,-99.8956305430945
57,1.36726467553413,0.168955695823423,0.648244932443218,1.25097802506095,-99.3719241710639
58,1.45848185793766,0.0369910313627646,0.386850218196997,1.31215586064465,-99.3511818964182
59,1.40493093006697,0.220654387677001,0.722107627006589,1.11232759537841,-99.45868541152
60,1.72283309902449,0.472236058287868,1.33148215297895,0.638785144279509,-102.330540903147
61,2.09681234270719,0.367497709902121,0.33422527060807,1.66886508482957,-101.261152075131
62,2.0094785969184,0.29785727925022,0.372324700899358,1.60591770036998,-100.730673231342
63,1.40573322488379,0.317174522600033,0.628246148313558,1.22436838507573,-99.6236441864434
64,1.82300398771218,0.353414746133879,0.455424417008669,0.871440776307097,-99.8242598855036
65,2.67827339062103,0.0600454490340562,0.640227082151011,0.821193484315118,-98.7736886102807
66,3.40446466520996,0.435349478351955,0.755725424831422,0.665770123255865,-101.922656106163
67,2.73082151135065,0.0650764816792981,1.15794488843275,0.684333083503467,-100.840607565256
68,2.83028445007846,0.0398377478718464,0.288594566294999,1.27141585204792,-100.283276011263
69,1.6053057963644,0.281326760821141,0.307523801699356,0.692954719802778,-101.332785665511
70,2.6979385454255,0.268973773444867,0.660431097270996,0.70076534518282,-99.6662394607984
71,1.56851794645664,0.424178704516893,0.438347246268933,1.9268770914962,-101.578918631315
72,1.35879027846331,0.390176586166043,0.498806813530512,1.31372303537023,-99.9321149390745
73,1.6652489798429,0.0312826102651377,0.388805384424305,1.26519351094691,-99.154986825914
74,1.79808607241766,0.630515014538223,0.664430052184289,0.982800779514855,-100.577057697855
75,1.70818418316422,0.391254408993313,0.341067471603843,1.53127073900317,-100.558771154608
76,1.22809073613836,0.379158589255147,0.305623487149298,1.50012901737913,-100.811702932937
77,1.90440117759509,0.104534974815639,0.419121012352164,1.35070089809337,-99.4390814694242
78,1.99536368745258,0.687422003396637,0.323932441617901,1.34229335684314,-101.451067874177
79,0.814814728739393,0.604868233834376,0.369773189320483,2.10078848206423,-103.485867927421
80,2.43902125191754,0.481496159426184,0.349644208850255,0.474089019193224,-102.010014769223
81,2.71590971602937,0.429996467087193,0.332031496939445,1.16007566277056,-101.079320881495
82,2.20858307816899,0.807158730640045,0.996825513313318,0.970090373167533,-102.509921436633
83,0.968538878307399,0.249434085952286,0.927852660766596,0.944205270588535,-101.040628765606
84,1.23322426257181,0.0326524434580244,0.659632041151413,0.842029364833415,-99.8029041370141
85,2.35399634097228,0.130715284471954,0.600707847477214,0.831081777238001,-98.6201949382628
86,2.72776275276663,0.216508213207678,0.257189399418986,1.42942397751351,-101.281856757583
87,2.5626822419427,0.0454478298205222,0.25552475774937,1.03629751096917,-99.7799282981934
88,2.33002721755389,0.0117078915494103,0.512203759024829,0.733109724204754,-98.026040456073
89,1.59147877829675,0.0981656623760537,0.775479031763481,1.19053621244893,-99.4180949683638
90,2.12626528299008,0.051894191994469,0.26133720044929,1.28655213586503,-99.9012417380473
91,3.33685383854028,0.179724479458154,0.39649837654035,1.07694062746738,-100.927317659052
92,1.47160974197797,0.645110497269358,0.900382838714378,0.820663751327133,-101.160588943778
93,2.63471720712148,0.990750007323696,0.911472707875259,0.961930896575528,-103.277818213131
94,2.51839565527514,1.68447541118206,0.774705028541486,1.11281268880718,-104.688503654358
95,2.15162235564477,0.799299054667604,0.792573621629013,1.33419704268666,-102.535189782474
96,2.66388120228725,0.0953412206211012,0.891949269414318,0.200058683929898,-102.604196734482
97,1.59079379722779,0.35695505228914,0.924282671144602,1.71945899230421,-102.292765591505
98,1.99582178576486,1.41571640225272,0.565521469984557,2.17271397087603,-106.359593922521
99,0.818165385798733,0.205623359553685,0.271519538664262,1.27561956734279,-102.344203126798
100,4.65442471106648,0.0025004730158466,0.292093089965175,1.43118767856503,-104.992149225015
101,2.63016948237195,0.0979176589073345,0.343416253678344,1.22277705071238,-99.9252932018395
102,2.17183132346831,0.0608539484445072,0.730069667190257,1.29267325272527,-99.7723393889938
103,1.79711321342277,0.069969792013637,0.670436443256519,1.49115825197716,-99.9387735170214
104,1.58793327009748,0.57034417150938,0.289431502987301,0.83373722933628,-101.860664535807
105,3.08237630811032,0.13320568358739,0.771869702520071,0.949142711859867,-100.610479961623
106,3.2521051222689,0.132134402573586,0.368911767623772,1.05182731319406,-100.568398445285
107,3.28283815279115,0.045579230958536,0.902156693772506,0.321699302226309,-102.010382729618
108,2.84149969050172,0.00965969739640725,0.468199292621522,1.28145113535891,-99.9856969234657
109,1.3190897848222,0.442362673540741,0.761864217232414,1.37318640556394,-100.535138363526
110,1.25285508567314,0.210984032131173,0.214418508632384,1.85889379405624,-101.517368206331
111,1.68357011037726,0.623026191729375,0.233581166667025,0.951873054543722,-102.080432857361
112,3.08184681287814,0.371227970236135,0.799877517137171,0.813884141762984,-101.266823651596
113,1.19868160961043,0.00430607442556028,0.634115170899273,0.990065597460258,-99.9372521561397
114,2.33081088298779,0.0119767700749336,0.342556249426435,0.960393226759178,-98.8128179002181
115,1.99950204919871,0.048486069974296,0.35417020677376,1.14978936973617,-99.1430539641001
116,3.10625797291133,0.732199239272612,0.217587980459226,0.746139775523393,-103.223457251558
117,2.12151655778136,0.137657984686116,0.35603277479083,1.15953358555253,-99.5091495201094
118,1.18586988365125,0.356093960938145,0.630779859623183,1.60090902111534,-100.703411884904
119,1.8493072230903,0.37403435939371,0.244957965170423,0.843285220086487,-101.506618168089
120,2.94226917708866,0.049199064256077,0.630150401810002,1.04976562009921,-99.789212972029
121,3.52920394720198,0.0596054324799896,0.455509844694876,0.78894641177179,-100.510445265445
122,2.50968353057899,0.0554040909704206,0.628335868972628,0.608666534036488,-98.4855108334142
123,2.43977894035631,0.0114052208619495,0.651020424149753,0.695509085241091,-98.1030166973912
124,2.42152382761465,0.00980355796026251,0.626692698966514,0.695603658612421,-98.0527986112741
125,2.43324270661787,0.0477370980769381,0.389650477725814,1.0545076157059,-98.9772481066816
126,2.69717629932665,0.054542579245296,0.674679237557037,0.892084448912288,-98.9789717241919
127,1.70549637315662,0.0822851058934209,0.55631621779212,0.711270335399235,-98.5992667181912
128,3.12682180459478,0.037578110875402,0.803010684111983,0.619921636570866,-100.051613214357
129,1.35545772503928,0.0617853393577042,0.280328624683722,2.08279230395948,-101.604291775615
130,1.31249157482625,0.162183186729299,0.376204146928363,0.538848888922917,-101.936948962778
131,1.68546484529946,0.034744679859765,0.389122694847559,0.95695278314172,-98.9900369155793
132,2.69965952195201,0.00382503697477659,0.707741111758021,0.888915213153201,-98.8407765243747
133,3.8595993207113,0.124949361645985,0.281662392438245,0.930233217360248,-102.00131425715
134,2.48448031621722,1.33532899297245,0.521759495043133,0.861123497838289,-102.728363647648
135,0.448370507149437,2.38133380869806,0.496736734695787,0.910211852952439,-104.260675480289
136,1.91343450562511,0.205343503912246,0.749161312181268,0.909034270191513,-99.1248123169787
137,2.38680090947996,0.190411869106408,0.491747064017399,0.990716085409152,-99.2176795296975
138,1.81960260758164,0.0284024974735333,0.366529323394283,2.14643225947983,-101.797664509644
139,2.10598845769769,0.102215493570088,0.400541906564024,0.729337804636394,-98.8545916328388
140,1.74877696879655,0.0593187132053134,0.851878556632741,1.2945821075151,-99.9115565802469
141,1.76966760842576,0.00523191019485019,0.52096935794113,0.396067680035676,-99.4306513994504
142,2.70492083992029,0.100639703573137,0.585726699163128,0.906855758613523,-99.0709673271494
143,1.6570397873238,0.17737214304687,0.595547060505114,0.452229092589804,-99.9995262641657
144,2.85366144677166,0.475117113383575,1.19308711170991,0.730417713219041,-102.887939325161
145,0.727222076323887,0.487900527365883,0.412814272204631,0.979782020473916,-102.84009895516
146,2.21613801846754,0.00101288753193342,0.532440364530901,0.92236689991532,-98.051517324463
147,1.92271078058469,0.10184424394813,0.634214493201312,0.531685039256957,-98.6703122943928
148,1.87802518282036,0.00360883439165734,0.601032442093041,1.16980056386715,-98.6880382963097
149,2.01964690705712,0.100648130048493,0.403346644694174,1.1185251817677,-99.1003910681821
150,2.63883055194232,0.111521506663295,0.530267514526487,0.87577913590255,-98.9358205362779
151,1.84910326387684,0.0812137549228333,0.456889166612135,1.16683843760005,-98.9641516469821
152,2.44221042408691,0.0542328203257797,0.694137350726936,1.14216389721445,-99.3810944216279
153,1.3553676133518,0.441147738003464,0.732080620551545,1.15653854598013,-100.102205820558
154,1.6157295545879,0.511565152661532,0.777510359476771,1.16022516448915,-100.492178458604
155,1.2246510311243,0.400132739012093,0.683095534301999,1.02582601660067,-100.007582047647
156,1.60024984825672,0.0304616339761581,0.748738487453836,0.688319042716764,-98.6069176771101
157,3.22384861054676,0.107798166033241,0.693676030808895,1.50584250913992,-102.938866848765
158,1.75254781801484,0.211407128146754,0.563565388567772,1.24024167064946,-99.3925765114735
159,1.31983523886881,0.135746723734819,0.883792734245363,1.21592896305394,-100.016601065982
160,2.35852890928506,0.226806761484056,1.08440873520074,0.752411865429907,-100.475926714874
161,1.90992825083665,0.137320399983353,0.561608862640317,1.39793350208063,-99.6627591452353
162,1.15613492594213,0.207585524314241,0.43185085276786,1.22336504711282,-99.8461473006208
163,1.13346840886211,0.314225981115733,0.435097373117548,1.07391592932829,-100.240024760989
164,1.261658185393,0.0206656367001467,0.917010986311619,1.18124656388237,-100.396526016844
165,2.37620312729189,0.0154613094219221,0.867759418448411,1.06769616272762,-99.4623073673332
166,2.47605225010114,0.0323242790061706,0.327120737705502,1.49934152431875,-100.382634342408
167,1.27004617722911,0.134017684834056,0.43063577632589,2.29307588324737,-102.721875010895
168,2.053528538366,0.141174321580097,0.446382464703098,1.09681536910034,-99.1129024599434
169,1.89827639439252,0.300550670166941,0.268716520616854,1.15828154679298,-100.558470663773
170,2.84298051443991,0.0559234908155148,0.684866118743147,0.437802221746239,-99.7588903522328
171,1.78244233403464,0.0956831533810761,0.610650085095295,1.19322925468819,-99.0368218728839
172,1.58335409445797,0.114593759006497,0.551828540287028,0.359482032636722,-100.829223859194
173,2.88093856125642,0.0130633024492979,0.420100021297702,1.56331169853786,-101.204760632511
174,3.9508550627654,0.0522273362616367,0.460924421919535,1.49905030427816,-103.708225174258
175,2.33682119229949,0.0707980565548024,0.311825219876484,1.1458755973309,-99.5235790392518
176,1.93520132976614,0.109874207170765,1.26048753441194,0.947194204206658,-100.910254898057
177,1.97122984593369,0.101241769522234,0.708470430524034,0.766358453382547,-98.3764710079349
178,1.92433646325588,0.0317066282484047,0.596712158195023,1.26030721203906,-99.0381579327746
179,3.24202153094931,0.0447215311310017,0.187077675746486,0.932212916593982,-101.251719438411
180,1.91561526487469,0.235547255824351,1.33432153560265,0.619700157901869,-101.315400873975
181,2.45964396846368,0.262801333805505,1.12506106130465,0.477056257356073,-101.118482118778
182,1.71635554747952,0.169106417149745,1.08799950366526,0.670381003119866,-100.048372133709
183,2.09150322652618,0.234327637256414,0.843099108564743,0.943625815040315,-99.6255801482541
184,1.86313198314478,0.105473301703549,0.604011422854924,1.00454377242392,-98.6802753326229
185,1.61890929046517,0.119425340446863,0.652978575456032,0.33114099923612,-100.837650132987
186,2.19782464642508,0.0545667497380193,0.876560465482908,1.52912878236831,-101.479409405079
187,1.80670763150288,0.0728541811883307,0.0760255277743869,1.69978158144378,-102.283642006902
188,2.57079121534211,0.307946129745995,0.86112389162947,0.427170865114323,-100.699163686644
189,2.31296879796137,0.345578694858678,0.94283289687989,0.417660250840201,-100.861434554409
190,1.70360626790499,0.270737391442041,0.900444626127903,0.946257634065299,-99.9137505835007
191,1.87705136204896,0.202854441378149,0.900184384423157,0.548109013749349,-99.5468657959394
192,2.27661561803956,0.183877103828905,0.609880017110445,0.562996367620367,-98.9778326278927
193,2.25882885326695,0.203705564202358,0.328637626456981,1.56547941343562,-100.794639312867
194,1.65820667847124,0.0431210860218295,0.510625731145049,0.885703398272597,-98.589241739923
195,1.44492169038219,0.0945996266151805,0.629236259908433,1.10508864364163,-99.0823539450542
196,1.74932554699958,0.159783749255442,0.591447452784449,0.82633466520854,-98.8149139227583
197,2.59401304610551,0.57044731921096,0.419521433445045,0.9726154931406,-100.930097336631
198,1.91366752898798,0.278038921364822,0.666694021375715,0.348887067648994,-100.800456822459
199,2.69800430243381,0.394953375133005,0.341853612698935,1.33784121115396,-101.336818128914
200,2.43465747963074,0.280771365590314,0.621773478130085,0.434815106361993,-100.145310958039
201,2.47509234048794,0.0724308583381105,0.726973452017195,0.503264803652641,-98.9012565876223
202,2.7774858487742,0.0100028768885134,0.621950018066783,0.603767020608288,-98.7527254924184
203,2.67094776706193,0.299771206271394,0.640632517167646,0.461248645078956,-100.340712536408
204,2.69409150114637,0.182937791002469,0.398556482601722,1.17911791250625,-100.091388060342
205,2.8264028998789,0.495357949708029,0.295578771734207,1.34616438516272,-101.913077819112
206,2.06713974762229,1.01454125397314,0.490853562875388,0.77037396568661,-101.718641594837
207,2.36099102750873,0.424904747186018,0.593195768988632,0.721144964577697,-99.895457958024
208,1.59926423344282,0.00153489291262138,1.30048827902984,0.988784395218457,-100.838035674765
209,1.69973822468337,0.266683614797904,0.568661426967649,0.958876222897882,-99.3131616525765
210,1.06400974415619,2.03331916118154,0.587334607533788,0.349479205896637,-105.124347010538
211,2.11984976150631,3.18258688309479,0.855986953146395,0.879969771247191,-107.46474766051
212,1.85406499766074,2.88256421528604,1.0207098399284,0.823962924450333,-107.02637173358
213,0.0904239498030115,2.28785827296633,0.447541949999375,1.00026010923995,-105.881732622172
214,2.32160427303226,4.06970647063923,0.545144243779602,1.05757643929633,-109.310970000211
215,0.831420082501523,2.35851928838028,0.219387581261497,1.21666296124408,-104.618157462081
216,0.747186991521545,1.71013722802695,1.09469469723151,1.04057242358738,-105.042711339916
217,1.6739692660405,2.89956267636132,0.482726176660259,0.226967334625015,-107.630923544011
218,1.74068765396233,1.12199833182808,0.813700356763291,0.673523270501022,-102.227628056999
219,1.6940327466743,0.381603388022225,0.588300902023503,1.85558849172028,-101.612178514465
220,1.33790764673359,0.606267542955615,0.237564103278087,0.928087285716556,-102.544731512539
221,2.58242270252413,0.0839296011849174,0.650123829761652,1.19208811525861,-99.7996221893609
222,1.64064595222606,0.0610619376911887,0.790326015601814,1.51914563027337,-100.357949103621
223,1.64767031829856,0.0984388206886236,0.572901160347757,1.3367412766179,-99.2571114285007
224,1.1282439829608,0.461135643242011,0.177512030690442,1.48162605294193,-102.219743373703
225,1.10818412358067,0.364952395070255,0.740401633447226,1.03149792034731,-100.198152129055
226,2.1748217695219,1.76105926469685,1.00310851272327,0.376051810560618,-105.282907192933
227,2.103682757757,1.25290070886727,0.814848207777569,0.355392995450136,-103.966107284414
228,1.4457060173876,0.745691902592261,1.31662824112197,0.761921292936239,-103.266231372894
229,1.4169676702726,1.00426315653746,0.718303327456481,1.05488577739838,-101.637422809022
230,2.15941109726439,0.203962090436195,0.585175148182201,1.6533974440995,-101.153599145419
231,2.21192110962979,0.253076271190334,0.861512695933799,0.392393038044901,-100.350207890258
232,2.28468389326647,0.0244017596375217,0.807251920093856,1.30938065864864,-100.150884674984
233,1.8722798731824,0.12205770395275,0.254282057238483,0.812268046008539,-100.437986976903
234,2.13155951101274,0.0637882794838903,1.08885784925639,0.891082599942048,-99.8159381560119
235,2.19471367501595,0.31120090761938,0.392888962081504,0.968250817753318,-99.8342883438964
236,2.5650542425871,0.275786351721311,0.649833663182464,0.504222966398987,-99.8847523221102
237,2.54387121842653,0.27723962788277,0.394711554846565,0.772270536184254,-99.8107293610696
238,2.32607792419792,0.277789931036905,0.337898000706757,1.26130621512324,-100.381372649744
239,2.27897936231593,0.817076922430315,0.338800196043233,0.901077501288582,-101.65982049694
240,1.90844824148254,0.750581209146675,0.823133264581065,0.6751339569272,-101.286613681458
241,1.88200423523696,0.296465035015623,1.00895649644032,0.54134259435257,-100.347830247197
242,2.16072329537028,0.0171689540529005,0.569910455301747,0.981316156819926,-98.2221636185391
243,2.52877709509821,0.385566498456998,0.577602752870779,0.781882429141288,-99.8820921332049
244,2.14558394722012,0.719413616316379,1.15977878738996,0.76133287797141,-102.53424505762
245,2.09858204217931,0.916418090009059,0.113215207873877,0.80398277002022,-104.516250259506
246,1.8342005992618,0.933803429930355,1.42740500857237,0.994017253787595,-104.753632846617
247,1.81565155903791,0.500077352441558,0.932066850206435,0.756180064211937,-100.717606084362
248,2.47446123146957,0.332701538850855,0.265896575539841,1.00153183641083,-100.721587160206
249,2.18014525374902,0.0976261252528994,0.668945975636888,1.0014031308017,-98.758614453351
250,1.28469726103959,0.273840932335972,0.853294307297017,0.661469365680896,-100.746210020519
251,3.55382921379136,0.18789738012454,0.643200675887909,0.411559961713275,-101.916945068153
252,2.04362347647624,0.239822546635785,0.635803665598015,0.886233417194887,-99.06530500845
253,2.95818558004761,0.264147082683173,1.02975973458911,0.25511185066639,-103.087820106931
254,3.18963817595581,0.252721998781895,0.901203054619716,0.602755890226048,-101.365683363067
255,2.48505244766213,0.307384386981323,0.4929471587121,0.691644979851172,-99.6354114499249
256,2.36781587500052,0.112825566199813,0.397961990585265,1.13763106821649,-99.361366021362
257,1.09185903427104,0.0849288987892555,0.864186933380797,0.683589932020605,-101.166030505938
258,2.33031980148008,0.0595367937297663,0.749875459839899,0.565621162453795,-98.4993934672921
259,1.81008793054572,0.135396177614506,0.626945725294774,0.985986780710696,-98.8035083740119
260,2.64320940041689,0.0954492901871985,0.421241595400567,1.04663299337047,-99.3075080692619
261,2.17137535807451,0.0482655657884873,0.323129224814544,0.654434087556033,-99.3113306773311
262,1.67175332742518,1.44827040880527,0.379483689544792,1.28518282050641,-102.722153801873
263,1.97956975400462,1.39627908294812,0.629053834046871,1.24440775630576,-103.069182003966
264,1.27545906407772,1.31355755122261,1.24560253875365,0.684712799819639,-104.328570331078
265,1.85178892496194,0.509541653080648,0.462692221856002,1.29318665024233,-100.494528988249
266,2.09555888078327,0.723949174599452,0.525446863541386,0.562467712122334,-101.407565677371
267,1.99752212986502,0.866328515028364,0.758190128207715,0.567398934136281,-101.73550351879
268,2.55798203563469,0.761529950784598,1.12842043855323,0.60143322984236,-102.907754355311
269,0.978300986067979,0.287472809147781,0.9671673003266,0.822906115847023,-101.467106871054
270,2.69141414594057,0.417673562761124,0.942256124025519,0.653689651377941,-101.057643809821
271,1.95513550350594,0.213904098500473,0.933310758097028,0.605696309061086,-99.5355796287857
272,1.96968540195527,0.149375298107056,0.809692080818187,0.884457594651094,-98.9876739438304
273,2.10972772045213,0.313574575761865,0.919882416527414,0.643358878967674,-99.9000170199967
274,1.74015643373284,0.313950279485266,0.683410693693601,0.508599252616377,-100.067730561024
275,1.6474982948989,0.42754327037637,0.739788917486104,0.734434648025891,-100.117327908437
276,1.65180077368026,0.905784014061761,0.708226771631579,1.1282250366141,-101.494575997345
277,1.67330617957381,0.754610289024888,0.754869414565454,0.789413811244139,-101.080259172998
278,2.01996751419832,0.58609053925522,1.23060746381741,0.809000397628135,-102.378083165998
279,2.10921452438091,0.961782830534107,1.03229401617062,0.6175119463939,-102.711654998194
280,2.57739557616045,0.592923462824496,0.836390710938718,0.894078379740112,-101.434540081751
281,1.14581497536605,0.439198277006999,0.477732221633192,1.04983804888196,-100.43487580218
282,2.37368667392624,0.127184755885414,0.621227630390106,0.664407190178626,-98.5855189390388
283,1.86927823337359,0.0642545173570568,0.889277569606285,1.02485214806841,-99.2415925118578
284,2.11818374201456,0.234156848241659,0.756744460017398,0.480641307586148,-99.5288388329307
285,1.96950868700431,0.199400321229807,0.423770450319838,1.33165531586604,-99.736598787408
286,1.68946087008142,0.18097435554619,0.235242117707507,1.57415113565952,-100.514094812644
287,1.91284846998425,0.142899007692616,0.504237329601421,0.830939993639224,-98.7073311021291
288,2.33079706267127,0.188562131227202,0.626756378100241,0.735423407768077,-98.8157028293883
289,1.58673328049248,1.30477958014317,0.482792810351851,0.808377794215333,-102.11667929794
290,1.53321190432806,0.446954827284989,1.27180442713417,1.0666295885964,-102.318342082995
291,1.9389001580329,1.18547255336818,1.23156864492162,0.473067229115844,-104.359963967905
292,1.96147464612454,1.34619805010915,1.10249579977678,0.938798242375394,-104.133241925236
293,0.981599563641802,0.0718730369315109,0.758310295245526,1.14040685239066,-100.50389888359
294,2.446763282318,0.0873899805008309,0.348634901431378,0.84496043121146,-99.1139212361369
295,3.13084580918414,0.210999277425234,0.452614507616657,1.18173178705105,-100.912435347095
296,1.02696367988003,0.0684796542257487,0.500331186905449,0.990058415343033,-100.336939787492
297,2.3295508311746,0.280803472889621,0.422414437054154,0.960759963775342,-99.6481398175233
298,1.84119586489735,0.328420126450813,0.40864596767313,1.15469891850865,-99.8924713459402
299,2.02712848593277,0.0789781519145289,0.879604061351064,0.899895089785585,-98.9350120243282
300,1.54830992963892,0.04061779227678,0.782380610744071,1.23952946905944,-99.5159649692944
301,1.55386591118978,0.195633386286054,0.715768944380235,1.00856225938502,-99.2729203437324
302,2.9633419601437,0.0943937967837532,1.01855224048222,0.956069297166202,-101.413538914712
303,2.47132656622718,0.212185174431917,1.03120953944929,1.16226164559286,-101.633227302707
304,1.03420509646686,0.184245179830574,0.494873481057939,0.928188851978077,-100.374876361092
305,1.17795859945046,0.0441803816177405,0.347183912344317,2.15340201572392,-102.224316884946
306,1.03855700348439,0.328411223226866,1.11491082392516,0.459516577958678,-103.921430333007
307,2.40997077873843,0.469615373866919,0.525158504403088,1.27925286146401,-101.018652897723
308,1.43914754246297,0.303055801636008,0.388670241883754,1.61799701959013,-100.290951774626
309,1.79590781292469,0.173527738690525,0.376439825691023,0.981198825213377,-99.4655962236111
310,2.6104516031352,0.125797655769142,0.546766255233962,0.80805233973131,-98.8778221561978
311,3.82501691758728,0.0852426941304318,0.558814123260972,0.967771797458242,-101.733499338722
312,3.27685015532826,0.258615364750832,0.235182009392602,1.05072694416216,-101.57849238555
313,2.05312653654893,0.860676290507249,0.38645144726195,0.969944144619432,-101.475787141085
314,2.12185483962004,0.471078014497743,0.301696901573989,1.06539275382812,-100.874598003328
315,2.26228905539666,2.03139160965698,0.300396904015171,1.04133237112739,-104.285661824824
316,1.73382043555542,1.58416827314802,0.230069078562715,1.13854311184317,-103.260310115888
317,1.98085220573633,1.03863753907038,1.31654475956815,0.377952330209195,-104.766083953313
318,1.33398839531886,1.68645618043427,1.00789183146095,0.774031914108991,-103.861243286346
319,1.64774301767769,1.52347492319428,0.874335619033378,0.70465659423694,-103.134419113017
320,1.45288616380502,0.621619564570178,0.689448587241646,1.53179813186818,-101.308888177038
321,1.58589986258806,0.660745166814942,0.829768701800208,1.44009229015739,-101.727928078108
322,0.806773600528622,0.468777705818993,0.497929075156466,1.17967038216249,-101.620459337842
323,1.95572032940482,0.432510941836057,0.589263683720556,0.992609069374239,-99.9296128974304
324,2.42237661357877,0.917972961120664,0.162110915223845,1.1150007508633,-103.04109934586
325,2.48855148086068,0.819549157791636,0.822499311867316,1.0319197374386,-102.351706858867
326,1.54523415903304,0.171259512265025,0.809262105715848,1.14008480083581,-99.5800134520585
327,1.99221433086996,0.317591695794182,0.551025113176064,0.623728124717827,-99.5498900518573
328,2.02246832218474,0.0365200082670616,0.593156400779908,0.620792935907106,-98.0490592681462
329,2.54498390097707,0.0329684454880349,0.654497973565658,1.24554205167898,-99.760170390722
330,1.64876308188378,0.0504801470751331,0.569692336062595,0.573814072769004,-98.8014715373665
331,1.99697679222764,0.3495408009846,0.400600763287582,0.901401781726092,-99.9472619216671
332,2.50345825573929,0.389945440026609,0.447497779383898,0.874125813030237,-100.062853891862
333,1.00000861526966,0.404941662984609,0.662157076734947,0.732541496210152,-101.349501877475
334,1.90724225338584,0.917887990679878,0.56307526204066,1.24220955910453,-101.670020491751
335,1.32450381034089,1.10647841522417,0.442945929772856,1.22277389819094,-101.927518061757
336,1.28745503510384,0.997483123691184,0.512664026980286,1.13355857940545,-101.606654713468
337,2.62339231213971,0.991023546014048,0.500539064971227,1.09423916903484,-102.332857694331
338,1.12904713261358,0.754215654622728,0.464611593290418,1.37642204121199,-101.43313263959
339,1.14375918413586,0.57715496725672,0.425884214395683,1.33865866495741,-100.949747251841
340,2.297307051232,0.490647108244516,0.388652372854818,1.53661401957918,-101.550273423549
341,0.754470638211731,0.646833518859696,0.866300195437912,1.04283757360095,-102.37048003923
342,1.55437315335007,0.665604771296723,0.33411270308407,1.46836709665509,-101.255283916543
343,1.30874596277697,1.11350638423691,0.282677378599577,1.42091988104807,-102.487208297259
344,2.08294720014071,0.912296262673815,0.808650673490612,0.427983689666187,-102.562991744814
345,5.64294058407026,1.0694383645267,0.897097971988864,0.485207733956345,-109.444611564124
346,5.126352218534,1.41237743728004,0.426822681335253,0.438258208320839,-108.148298843312
347,4.86619075868585,0.0595762447836461,0.34407438027399,0.577777402648318,-104.670800572591
348,4.8059472100933,0.157257637484153,0.785490776552779,0.607133384039707,-105.104910407893
349,2.58792759213903,0.00980151249623757,0.896915432918825,0.688143978847902,-99.0035683930324
350,1.8675926872379,0.0694913421095484,0.451268923856327,0.710330822060596,-98.605060843539
351,2.86681696086772,0.426320152647832,0.545356729023462,0.514844396405633,-100.960985625476
352,2.28292677703895,0.166122903903682,0.872329100782369,1.48020048869654,-101.728357160147
353,2.24731769378878,0.0322177758709368,0.332303922284867,0.951852001896782,-98.9386792715271
354,2.18629902124986,0.0403808089432639,0.455697774998284,0.734354985469879,-98.2586440490551
355,2.1308486278972,0.0300503249343567,0.909496055759422,0.498407202268892,-98.8077591149714
356,1.54905925587401,0.00991947185007285,0.681301318301742,0.740281640657756,-98.5712975187767
357,2.77886995848849,0.142340700646096,0.835187432316055,0.669676420768063,-99.7254963228349
358,2.30031224491074,0.206041616718632,1.07467964001234,0.750791970073436,-100.260848353984
359,2.55825125575383,0.27171875706784,1.00702652914077,0.857746917351176,-100.819299687933
360,1.76612400164478,0.225370581351373,0.575809434257445,0.903530474527699,-99.1030121252844
361,1.74981493776314,0.116767630012792,0.557197531111039,0.751145331197378,-98.6620279014475
362,2.76577080431044,0.0608641371670532,0.860020932553373,0.871350863485054,-99.7312259875067
363,2.36234674759791,0.226151957697046,0.579898715629195,0.95536453034389,-99.2605900015223
364,1.43122508065496,0.179283687658306,0.525535663966973,1.09265183799352,-99.2228866313793
365,2.09274898291134,0.00250016172831147,0.534076560665806,0.434993471415825,-98.7562366719903
366,1.93305079367512,0.0121729632113625,0.607748860399712,0.751362301340439,-97.8656797560277
367,1.67193547950235,0.00100160237005997,0.940274809182091,0.751429530309311,-98.7879608163701
368,2.17602993861881,0.376481636561379,0.408738030486911,0.804680242651871,-100.013824786538
369,1.87468552532612,0.169950125468489,0.851981401327559,1.09946659273255,-99.7003501747598
370,2.41945560312836,0.107707735502972,0.387571641353326,0.792820636376467,-98.9790718411829
371,1.88418457402231,0.0767448947737719,0.916874365212837,0.525617251599103,-99.0209436789373
372,2.6592767522795,0.0442644810173068,0.356927317337811,0.569854104876079,-99.5632677081785
373,2.25857977756614,0.0473826899531868,0.517523503713041,0.894333275710737,-98.266842653135
374,2.92656538203098,0.0257817465341,0.741852355971663,0.821957066634982,-99.4048367362123
375,2.93528449848033,0.1832328046321,0.327083156873804,0.76266039696367,-100.222740013387
376,1.52636124273501,0.119654993799035,1.5414327097915,0.85608898833084,-102.175797302351
377,1.46539395591915,0.105551725533705,0.633152069929658,1.10905106466885,-99.0798223960364
378,0.960192226238145,0.108097589272608,0.448929753910485,0.793142994713663,-101.478651870085
379,1.82788559120276,0.18083400637743,0.751239752729994,0.662773906126155,-98.9502237727255
380,2.13213808463083,0.167145776612695,0.733362699410262,0.504020400840273,-99.074842542126
381,2.09936360559109,0.265536750437262,1.17080166942716,0.720000522657375,-100.759854902713
382,2.54114439261798,0.335972233287044,0.322745172684172,1.12911697243964,-100.573111569403
383,1.03997247007397,0.0396403142327423,0.679756803182314,1.35809643286904,-100.486449416782
384,1.39634960510489,0.0703203687682448,0.502972898981894,1.74284635294638,-100.258406680669
385,1.62368400714081,0.362899897459532,0.525301407051574,1.1170954361692,-99.6915402134388
386,2.47483020129335,0.0756536180263809,0.389179559953752,1.71569731642154,-101.26639189425
387,1.65922306820471,0.0337365009288551,0.354414430790484,1.05946347805195,-99.2280856432914
388,1.62013177636732,0.0118152187511095,0.444103633629993,1.71375399924555,-100.016022188506
389,1.73572195704734,0.296500560365963,0.381723944605155,1.19955699256793,-99.8610258492227
390,1.88295781781185,0.0985520780066684,0.800905003225732,0.944511999420321,-98.8760703852459
391,1.71030816418338,0.197472645927375,0.676021421344947,0.823308082471869,-99.0340204845427
392,2.94887371294299,0.0666927080601846,0.579736128139978,0.901041344026875,-99.3782506763324
393,2.79481842232035,0.0721099061356361,0.433073740780972,0.716591714484975,-99.106416033032
394,2.75579876595275,0.125352656222467,0.698502971135156,0.54688177862868,-99.4242071296863
395,3.43998072601953,0.187886356109863,0.525260175854044,0.526312170529233,-101.10803394511
396,2.09282655714178,0.00863156268593905,0.512013462888096,0.790563152925618,-97.9208757192282
397,2.10431067445916,0.0120320839339048,0.761481168248157,1.70605061036143,-101.50325642616
398,2.75104149953131,0.109101620437101,0.803837127856191,1.28536294188417,-101.221403137416
399,2.40033076736745,0.622619779471804,0.288026527040699,0.872423301656469,-101.519528469141
400,0.932211966934018,0.484916783352224,0.963986104944506,1.19312152962267,-101.69415430397
401,1.7070685303275,0.435048381476336,0.735054028375885,1.20369177849381,-100.273600188935
402,1.70808544413437,0.499001563916204,0.965909391331366,0.941743904514,-100.919580094395
403,1.43519031846214,0.551917247544813,0.770576191507608,1.39353816380781,-100.944546078954
404,1.68442900370125,0.25290680721568,0.509636652596498,0.577660723178343,-99.9188395438311
405,1.70609070903872,0.202243772108721,0.55524939443182,1.07871041106402,-99.1562505019882
406,1.34446611332957,0.00899273307144198,0.965592322686797,0.71680024717345,-99.9327246344237
407,1.95859085706313,0.173107892380078,0.829577963427697,1.17822401072851,-99.9066077888383
408,1.50497267775487,0.423713175559254,0.514590818623305,0.820820424342742,-100.225926254649
409,2.84525480920699,0.590120812159789,0.955175891082042,0.508042895739615,-102.169112160874
410,1.56914459106762,0.447073808620946,0.936777525837781,0.540454104115903,-101.212181112713
411,3.05328527029809,0.135011510554829,0.349422526276519,0.993327967608526,-100.15948400818
412,2.34231704586339,0.114844033837412,1.04550371034798,0.545334131192496,-99.7903580372698
413,2.02194466438298,0.126336434650765,0.614016010377381,0.818269090909391,-98.4521584752226
414,2.11724457420562,0.196804163799973,0.387028602625817,0.880447066727653,-99.334003012923
415,2.12650407619683,0.0837809034710971,0.355582223303053,0.754487953487411,-99.0332792710678
416,2.56147066336705,0.708472995853327,0.894070397904574,0.663233950586606,-101.759233873085
417,2.91399487918823,1.04100869417405,0.398562621418934,1.69726554336174,-104.611373528616
418,1.9757663579781,0.557195414655675,0.373844397438202,0.539916037323915,-101.803110990046
419,2.0165776619811,0.127317491224247,0.857479123063411,0.659451937976324,-98.8136339110153
420,2.03658477580835,0.34251516456698,0.99550338162326,0.496331200699453,-100.571486210256
421,1.99204116981206,0.280057102922163,1.39003091951414,0.909080310118307,-102.217795141341
422,1.31536761463758,0.303000409818928,0.343158044954856,0.628470664455643,-102.177321812357
423,2.59493864422803,1.1066906594696,0.608609768664559,0.603563261295756,-102.543403065407
424,1.39472286963974,1.29073360806555,0.554001554174462,0.933277993074706,-102.016096393601
425,1.03027646105875,0.39751980550564,0.535780033098941,1.45781150622132,-100.700976119204
426,1.2146081672813,0.193210243895798,0.557402222960614,2.02625067414555,-101.836452953187
427,1.96580775802202,0.072041309716452,0.714143289664665,0.58628450029679,-98.3415425322001
428,2.38259149369633,0.00964578574050648,0.445257674659947,0.548453791282703,-98.6527352830013
429,2.23153695723823,0.00180281063142805,0.757265260396543,0.505160962465533,-98.3202728001199
430,1.8983827203404,0.0236039157550362,0.38450692661824,1.38793724561769,-99.3545609996708
431,2.00836696060224,0.0430830911625679,0.402147131754029,1.02753026080977,-98.7264451458319
432,1.67583447325824,0.197279009273928,0.717792868285001,1.07628491654836,-99.3066368854125
433,1.91247886888532,0.319871267245019,0.406098305235183,0.905025159361644,-99.8373381527554
434,2.71054342322832,0.0645480975374663,0.672916182066964,0.513682733921909,-99.1564214470031
435,2.6193221752597,0.030730195547296,0.817594041507978,0.880159577137927,-99.1407376760637
436,2.18697113333501,0.630683629681389,0.463966695264368,0.564644277810255,-101.283572740385
437,2.80841953411117,0.45363194445877,1.04770681510056,0.901345874431679,-102.332744335978
438,2.19981008452714,0.260921650943857,1.56180984146269,1.08583795432064,-104.054979493533
439,1.88005963537261,0.236219445003529,1.08015354232554,0.531804579919019,-100.366484996776
440,1.91202613349423,0.262655884143574,0.535356362803552,1.38338617937629,-99.9585531230599
441,1.4243254916405,0.469024165761105,0.711821614772651,0.666714746618746,-100.719398685731
442,1.85527956333362,0.16890674190534,0.669156799027924,2.03355496853787,-102.474827168858
443,1.80442371166353,0.370915146805034,0.462182548839399,0.544073509398951,-100.605046299541
444,1.74577679868591,0.343160029839952,0.595786155317969,0.76874636308683,-99.610570452093
445,2.65285832119909,0.48961979190499,0.566848207412634,1.15001617992887,-101.1096442499
446,2.56317633447972,0.667380014606579,0.303065349333246,1.06710299213076,-101.622837129622
447,3.66699221592341,1.14768813417589,0.422235366565169,0.862159380034606,-104.066230775339
448,2.00227181172874,0.192745499798167,0.685797306467011,0.844336109765652,-98.8509452264521
449,2.08633112835824,0.23797896104367,0.67419594897905,0.919439502955229,-99.1599981583718
450,1.29540462371088,0.126131508263568,1.02077068458175,0.811243574452205,-100.474675720479
451,2.44876707948871,0.0491999512096187,0.743860158819913,0.762789628112278,-98.486605166555
452,2.52321233156263,0.0725916267099594,0.678949117839316,0.68658552771746,-98.5496986374084
453,2.26066737301391,0.0833500543719921,0.402064942235107,0.998690927041087,-98.8809462172979
454,2.21721317577851,0.208812047899928,0.834456730986254,0.549920231366018,-99.3452664122473
455,3.389494961905,0.263972174117271,0.444948867256628,0.949448129094796,-101.046637017055
456,3.4226424672427,0.149813165607042,0.347094170576768,1.45946280708118,-102.252228036031
457,2.50030128767438,0.095537530701004,0.453024390289794,1.04841073581987,-99.0906509316171
458,0.925503553987515,0.161410058461669,0.471113681463759,1.30493545348794,-100.553146835053
459,0.874406928827089,0.395253851043758,0.836906825065719,1.43323944744339,-101.728701610363
460,0.963119485005188,0.45612989399361,0.806552575143274,1.96989567021525,-103.52320727018
461,0.902234561902205,0.189544091235938,0.253226881088909,1.89055119408766,-102.545293594735
462,1.90390802284024,0.0870807542357129,0.380241258065014,1.15175844995385,-99.1778933258385
463,1.48738764363805,0.420089035927298,0.36972955985095,1.49498889605595,-100.440498300563
464,1.25068527827812,0.268785386430583,1.00537336476247,0.750096710466686,-100.966367856566
465,1.66307422018177,0.293001707294555,1.06216943006131,0.743744235252924,-100.521107055413
466,1.6292134850522,0.162949001767989,0.383984954446569,1.63884320064565,-100.022734729739
467,2.88741959387003,0.162660124706453,0.486967759474903,1.37753426424828,-101.036530920142
468,2.87496684386893,0.277967805682063,0.135003227117469,1.34730654912129,-102.26335819815
469,2.28066034533582,1.03356329718144,0.424241457104535,0.932043300280943,-101.901786128878
470,2.11622105527236,1.40971627312456,0.551130845212323,1.06424780054077,-102.717353590669
471,1.80952636440618,0.0126069483599209,0.721174935578314,1.760625466447,-101.138273130359
472,1.33550282597605,0.142880662497851,0.778419948539631,0.773435121460899,-99.7785778592229
473,3.09123105399373,0.116472583638754,0.335475838422629,0.748161969196418,-100.17038553624
474,2.97096508682702,0.236259650540012,0.834462189909395,0.937817895973468,-100.960911962972
475,1.18449409848016,0.2920682024326,1.03774378341841,0.923389204868314,-100.952472151021
476,2.55004611943785,0.0211371444081597,0.94233579847368,0.433487198712377,-99.6792269603041
477,2.40031087172154,0.0155042852470848,0.515550848431858,0.809281355684287,-98.1257436729145
478,1.73415093200218,0.345989081006023,0.851632790742415,0.671048297812012,-100.001961721399
479,1.81115248340119,0.185451761431583,0.784717392427932,0.841878196256948,-99.0774933759692
480,1.49053450005065,0.108733007514267,0.501159210708077,1.34903365795956,-99.2531055045156
481,1.43720743509194,0.432324817045681,0.267497809375502,1.38084199957871,-100.906907537054
482,1.71217335464618,0.0973389474795206,0.878735057603751,1.21067960633286,-99.8346705741158
483,1.66818358212074,0.22768691149577,0.844060337669653,1.09901606888235,-99.787599415129
484,1.50222400532803,0.405610862592377,0.705648752959856,1.37793592851422,-100.290008582458
485,1.31407385346247,0.337657183882102,0.420603118003152,1.23435301937907,-99.9379302305768
486,1.57248739825334,0.296141261875454,0.477096871860869,0.735796296897983,-100.0170071137
487,2.32233452013943,0.303142791626426,0.667561598277263,1.03296571030641,-99.844660691431
488,1.53150512612674,0.516015514019592,0.56079216153974,1.11536440627854,-100.137288544741
489,2.52176338419568,0.596786109190987,0.381024257680249,0.946828222949293,-101.028157299857
490,1.99915682090696,0.548651435605182,0.682545358156069,0.814074175269172,-100.299264271581
491,1.44720990187707,0.536338441359506,0.72868346665035,0.929470577294147,-100.353798386934
492,1.55219818372497,0.680417914822653,0.54839780540186,0.596081548838038,-101.512504142162
493,1.35851326049524,0.896085261242297,0.533525624203107,1.64279415994147,-102.169123397568
494,0.622686211161482,0.906002584536076,0.418787778923454,1.33738321485193,-103.142541796088
495,3.23779511728216,0.504595246299765,0.0388136847195998,1.11763574904958,-104.822239220753
496,2.05140352399686,0.116884810542032,0.334671146136924,1.15884825248704,-99.5120649302035
497,1.53825303457343,0.134700337739039,1.01331322096014,1.40906792633668,-101.040157643598
498,1.55001471614388,0.19873151424351,1.04780263511782,0.569625060595912,-100.512134781123
499,3.17238565407596,0.480783323800729,1.09590474427066,0.537163489794334,-103.017881042775
500,3.15434222588218,0.263172404816493,0.92128516526491,0.628241739228704,-101.390841048607
501,2.14917555650599,0.662443450003388,0.521838342033732,0.567165285261862,-101.183587630977
502,2.42096049709723,0.234256851345029,0.442430432821843,0.728608696866978,-99.3694553716171
503,2.45787846108225,0.171854729339234,0.433870231815632,0.803649536013801,-99.1090019683873
504,2.42250255329792,0.0874174851559213,1.1272303527504,0.61773176009081,-100.095012518202
505,2.47554472854619,0.0210141417200592,1.25336513447339,0.693025860537437,-100.626078958909
506,1.62497636591058,0.0134534455059228,1.17899616687894,0.686670625417155,-99.7954131394634
507,1.85607858778882,0.0367347293913124,0.879023498696928,0.864456372100247,-98.6879341719668
508,1.76338195855703,0.597605953170058,0.782022850617998,1.10928199799987,-100.822773379983
509,2.25921222809468,0.501579330443502,0.698406643031726,0.768359653058227,-100.211160115535
510,2.15434254365739,0.160222604761422,0.435339333483088,0.725866758971563,-98.9596874439712
511,2.03489108206471,0.521149558568958,0.449484864186915,0.74096816776271,-100.498488623834
512,2.39931565089849,0.149726809898845,0.8047697090271,0.998846807526114,-99.5861906885486
513,2.69512206418206,0.362182314270716,0.543827673021363,1.27120117398146,-101.087950356768
514,0.702339819723266,0.517496001427849,0.761815249175109,0.942615801442218,-102.37023805445
515,1.78034276920137,0.61218683413803,0.774165799937349,1.22088021131147,-101.053169228005
516,2.38316890746121,0.340610412859783,0.411573901610872,0.60351344079041,-100.241630261316
517,2.24809264011667,0.141736795709024,0.629722645810297,0.958772788653283,-98.8389944626313
518,2.3056248996126,0.0551684884304248,1.14475876575096,0.728169540106519,-99.9173089037979
519,2.67614790190441,0.0729809008377495,0.799992414952173,0.754885428121557,-99.1477060350523
520,1.58948404526767,0.0860938913129052,0.795067915102769,0.826823149773473,-98.9705237904954
521,2.81172878223901,0.264607120720369,0.263939668998424,1.16967079490929,-100.930469991781
522,1.66984094383091,0.122593677041842,0.267170978377329,1.12357730703003,-100.100822521134
523,1.59500152996637,0.920497572820087,0.692721516692122,1.53351846482179,-102.35569544709
524,1.53822681547038,0.609679433459393,0.355694058916574,1.66916008182954,-101.363925866483
525,1.59678430721991,0.241699970509739,0.30717330231249,0.962590050742494,-100.415973506487
526,3.24173430895328,0.545957749215711,0.401036792119384,0.714256259471642,-101.729868551372
527,1.26430440910056,0.628740247638034,1.01773350500332,1.37835876068198,-102.166366273243
528,1.01137958962366,0.258717804033176,1.13412251073891,0.716345649568248,-102.378864900271
529,2.85106244526699,0.226983696119155,0.607646338964269,0.584940625142995,-99.8542082817185
530,2.46648551950773,0.113453119886709,0.527422791832617,1.38776660588095,-100.239717158534
531,1.94206994606525,0.136484411861449,0.428533431864429,1.43182428133646,-99.72371238071
532,2.04187222521164,0.27922995713471,0.462266861428575,1.12487546728585,-99.6556680319345
533,1.48760475713343,0.526769681922577,0.650712466300533,1.86091838906405,-102.08909492829
534,2.10264546150856,0.261018124709896,0.471143915100784,1.44237752062154,-100.318416925726
535,0.974808955554752,0.286869121310903,0.545367417771572,1.1218841107046,-100.324976529026
536,2.27854187971809,0.0477269499084536,0.478420746824534,0.557209647125622,-98.5963698142314
537,2.45759911624612,0.0102510634647521,0.397382413025857,1.16438602339948,-99.0892722097417
538,2.91971298632109,0.0110334319677766,0.278611869925711,0.573737355189339,-100.46449424214
539,3.2111478786559,0.0176253307477445,0.25088524136217,0.890338644992555,-100.47907143935
540,2.14236908812235,0.0924585871825916,0.344534936932944,1.1725441717362,-99.4143512813261
541,2.32853690934546,0.0132817964395392,0.331651226956494,1.32518947024885,-99.6211707839785
542,1.90132287148565,0.0423794419975696,0.682045548400054,1.0880949790039,-98.7159545005271
543,1.95451323319405,0.211249254430434,0.453234531697993,0.588652300593343,-99.5087401715177
544,1.98082922239966,0.141607887101097,0.347381392325227,0.260730802724969,-103.194912350288
545,4.31231318511247,0.164363167600577,0.326340813509719,1.25593321084962,-103.775599639388
546,0.4788936805072,2.88838216641118,0.211988377820175,1.54482951198076,-106.653971492201
547,0.48480233636248,0.643984961960715,0.218543076062527,1.90972840503161,-104.735034202973
548,2.64456884579296,0.0639916048756485,0.366640896013765,0.569018814971659,-99.571694490678
549,2.4866764004578,0.0248232583596006,0.317584771116311,0.846496023494841,-99.0619433154868
550,2.08771369576017,0.163470299740758,1.0327242554324,0.602467904188509,-99.6674451188414
551,2.4775352996254,0.183840696621528,0.499148942681486,1.14297588047667,-99.6552828015733
552,1.33958743223376,0.0311283044232305,1.46616258572077,0.538272141656866,-101.871744227858
553,2.65372929619197,0.0366300062893876,0.479949518712463,0.611266694428493,-98.7706231993867
554,2.19705369476732,0.130443803257774,0.542108304129553,0.677136112323241,-98.5330076940591
555,1.82025266533414,0.380383147770072,0.534496762872921,1.27068356313153,-100.003317841679
556,1.83651511234748,0.272326573697488,0.454396136653857,1.75910306342668,-100.857157982527
557,1.24808989078226,0.0572176487877756,0.526053112329448,0.382042038652814,-102.158596068423
558,2.86781187643717,0.0270192765186598,0.73913679817086,1.24546356591799,-100.695604465888
559,1.35557171074688,0.202696822000411,0.373600303186528,1.1948645106809,-99.7375596804078
560,1.35226303370444,0.363204582092454,0.61863465288745,1.16046954913956,-99.720517751274
561,0.858774919144413,0.816587989896318,0.598332511826668,1.20099347358586,-102.009769562103
562,2.93842157374781,1.26018146014554,0.232081742976886,1.15833689330322,-103.815607160543
563,2.24619678459733,0.294453867844467,0.853806352611841,1.11754767819185,-100.563116860528
564,2.43411223332157,0.584904450650809,0.68139534663588,0.757652393852444,-100.642900550207
565,1.62880645224584,0.8436851742695,0.620222948034879,1.07585381820268,-101.126161632667
566,1.84337925128561,0.0178820238088712,0.482445132152969,1.669648535587,-100.055222932667
567,1.18985624354137,0.277391861826071,1.25746157796566,0.825305477986219,-102.048485879127
568,1.98307904506838,0.285295132691119,1.2158216341981,0.61917224437244,-100.991092473793
569,1.78014339097665,0.222126484210983,0.252005498499538,0.938004146623263,-100.771395839602
570,2.22241288480238,0.150082393311907,0.923646587870322,0.775847156405287,-99.2981816580419
571,3.13765263521002,0.138963705125984,0.289738433690216,0.887623062928977,-100.519209196666
572,2.87564338785888,0.0188219542283022,0.837694272053654,0.522326815938484,-99.645805960119
573,2.5748157864,0.12748594843741,0.591355103377159,0.575504349385807,-98.996158908897
574,2.43425197896052,0.0114823896395017,0.7511837299955,0.987367851585066,-98.8042258037408
575,2.36080966583889,0.0634685484841809,0.407161681106867,0.852026513237423,-98.6485190817168
576,3.08843128356587,0.207023514024849,0.431600629343425,0.898832199545118,-100.18614398975
577,1.63126743814413,0.146848726623767,0.792806281388639,0.959421200127813,-99.2163581134972
578,1.48085158245143,0.355876043322155,0.62497237622928,1.08128426075867,-99.643125873246
579,1.53717332215111,0.354661967777099,0.556644904236437,0.516354016152877,-100.87886846641
580,1.75317433754044,0.760973152092713,0.612202433259829,0.874511850191016,-100.902723892452
581,1.22983140287052,0.504580793636208,0.604907338150619,0.888368141869594,-100.483562786239
582,2.56236539684078,0.166008830895687,0.467910768739368,1.49444272072824,-100.90868505411
583,1.356812469536,0.0394947033024931,0.519255413699567,0.689467328896987,-99.6907250162679
584,2.83261786388748,0.00115209441447955,0.577021516992264,0.747371658204451,-98.6857571470293
585,3.24984650557444,0.105796981006811,0.698332937458226,0.97028479766807,-100.7080075557
586,3.01110939738856,0.43803748387601,0.310934807783989,0.862750322058091,-101.27684530234
587,3.0856884709704,0.243676531874897,0.583469265052182,0.933188165502787,-100.422523845958
588,1.00491452077019,0.129892390310781,0.57826618621569,1.20850408098933,-100.028644354512
589,2.16412876350237,0.103919637840017,0.325223345921544,1.2299912847559,-99.6522648980901
590,2.62109510963215,0.133671876018544,0.240797137677358,0.945583681631355,-100.263969264158
591,1.39277841606541,0.0475482419666551,0.243592428315936,1.49218642955873,-100.259883195885
592,1.07683867718457,0.0633336714078487,0.596468462775607,1.02499878515758,-99.9809970450664
593,1.51545276508815,0.0162216184693809,0.612584811006645,0.788670578394621,-98.6973455620518
594,3.73333958702272,0.017383105523586,0.613143590075476,0.688225276018507,-101.042601668787
595,1.51630720173118,0.0630682682330721,0.736220980448475,0.975802417652656,-99.0239181349626
596,2.76076145496329,0.0795065677446271,0.804784633303059,0.953239351784785,-99.7950441258776
597,2.07077131772523,0.0289298061462853,0.555310158349605,0.592070403889497,-98.1144194513942
598,2.37167598197462,0.0612429015257381,0.450907189006017,0.49376735874333,-99.1492526189673
599,2.49722199358271,0.0287869979339518,1.01178136591703,0.483809633912084,-99.670183267364
600,2.38372392167563,0.846202733247854,0.507150144156965,1.5216500653261,-102.763854685772
601,2.13748857525685,0.41303727908209,0.272064058703558,1.78217093449137,-101.836748477839
602,1.40413401230283,0.0814828707126735,0.246906276468121,1.41898922309386,-100.224770295505
603,1.93382701102894,0.016121240440063,0.705992566159946,1.21542163997721,-99.0815638125995
604,2.01464792259287,0.103355647110376,0.243276680655968,1.12199938376032,-100.09575979001
605,2.09960183307935,0.273469204039111,0.258757034765605,1.14149199034506,-100.550756121676
606,1.91200002136116,0.19134376629943,0.759123641161575,0.656310899715537,-98.9420203855151
607,2.0991121571738,0.19907491041661,0.630745855511295,1.04603648763175,-99.2066981639908
608,1.64982495808905,0.151911776440381,0.383357999237815,0.876760705793523,-99.5708927986882
609,2.48749999415126,0.247339237911675,0.817485166712524,0.818532197434599,-99.7251558283081
610,1.63669006380746,0.174797630916046,0.782498820687251,1.19732504848368,-99.6093171217607
611,1.3131628534154,0.144448336214563,0.37683348266588,1.8157977454649,-100.609707891817
612,0.995753472144996,0.824770471468314,0.349341060722036,1.57807335962304,-102.274549733306
613,1.66944312703638,0.189995082212127,0.814530277729171,1.39143345061351,-100.252941885801
614,0.956919033116016,0.353881263414102,0.799587538123327,0.989911205635455,-100.776370782366
615,2.37342327860026,0.166163632208311,0.836164116040484,0.960764344350484,-99.6208224251664
616,2.21305051627718,0.164529685917194,1.17128734627911,0.749508718843245,-100.455184862101
617,1.48231026362777,0.0229831918416,0.75043803532001,0.69491309567902,-98.950716032165
618,2.80346586178206,0.351190973765308,0.734275558536109,1.13827137483161,-101.306817166067
619,2.07091009332947,0.703747338172936,0.425461412219841,0.867899121164777,-101.022975412766
620,3.01221483429111,0.531275606925453,0.369823518545248,0.775440256133016,-101.378586824212
621,2.90260821052526,0.446766862545248,0.426612569963906,0.783940493211279,-100.751541982718
622,1.52503529137001,0.0625692199748273,0.503922578260751,1.73470169321449,-100.174578393916
623,2.42431289159693,0.0934352198817282,0.539448771141975,0.292455110605555,-100.895798441059
624,1.96503540516831,0.311606190486649,0.730299022844509,1.22942559210581,-100.191521395397
625,1.895336205577,0.28405645214448,0.808197318436472,1.93806683839485,-103.024813480933
626,1.7703631473421,0.498716806704289,0.148493448727955,1.12687121782638,-102.48918602381
627,2.80919141575647,0.129136917981262,0.812030725089314,0.696102732155317,-99.6605178107923
628,2.07307309495505,0.279731267307291,0.905210322485111,0.607800017160499,-99.7262401749701
629,2.05438651285354,0.657113759748831,1.33501051742102,1.08218568749417,-103.881924286072
630,2.19440077125446,1.42671578781966,1.17278291424862,0.422877097526695,-104.999286941092
631,1.02853960447512,1.4236660845741,0.677154663951464,1.99357870896944,-105.384348344443
632,1.00421622997648,1.32932142330988,0.0766702518798735,2.28636567225346,-105.723757564653
633,1.23312876535672,1.18802939704325,0.704928685208045,1.65717390451753,-103.487135929624
634,1.27559821019638,0.00964302254533281,0.64748875219162,1.74243978022333,-100.944594916146
635,2.07445820738319,0.0705148468285805,0.559316829235775,0.730271983198053,-98.1552835286758
636,2.09680339731965,0.118060207157359,0.561485830825247,0.894224202265195,-98.5131895400854
637,1.72518044678252,0.432071386507891,0.733898112782967,1.01707750416406,-100.043609032517
638,1.59805070838138,0.658999984488019,0.997809016409976,0.619525419594903,-101.772325158595
639,2.32173043066815,0.0017859736620074,0.974097830843172,0.723128713037405,-98.8589932206612
640,2.18211332379088,0.00701028282108641,0.559225656075899,0.747181289202675,-97.8425742778894
641,2.03636381146777,0.0961997776817273,0.830935441253733,0.618962101389208,-98.6132597023818
642,2.30545621604994,0.0909666211978341,0.774341099798223,0.604247483993836,-98.6022041592342
643,2.19066207336588,0.338373300246435,0.510604530941239,0.808574899806045,-99.5251426556112
644,1.78558218495315,0.017912525447016,0.876322876149416,0.775708685636855,-98.5105089764122
645,2.37811442736862,0.0129523645246438,0.66523549681873,0.921959105654023,-98.3321049654539
646,1.92272601316078,0.0214230170305303,0.636307144181998,0.60023973207768,-98.0327695681536
647,2.29698689346991,0.00377920567284115,0.917925536509798,0.737842424440601,-98.6141101060231
648,2.10707870074405,0.0290417334521104,0.862979258576029,0.771761788853994,-98.4122547396075
649,2.1709649651295,0.16566880177985,0.817186989679564,0.670828482752156,-98.9135986674329
650,1.37167072016582,0.643197995486138,0.915125721064841,1.20449966453784,-101.338471492292
651,1.14595045498409,0.994547393691111,0.651754177064902,0.846527906128983,-101.806638745962
652,2.85932938568131,0.604629125515842,0.598928594202331,0.733127333383456,-101.144328586211
653,2.08911119820387,0.32524221456371,0.772738775643116,0.519566199775624,-99.8194712140643
654,2.77534031518572,0.268206504047509,0.472051763779337,1.36452311455144,-101.125266950856
655,2.00666971845746,0.428453790191707,0.407785564386676,0.880162097237035,-100.217597759544
656,2.58620185428491,0.385303588253006,0.630277332283335,0.719402504452921,-99.9592976607594
657,1.59661065399108,0.178799204654518,1.34171206946205,1.18269564598847,-102.191028022019
658,1.94244701190312,0.317591971618644,1.082672279513,0.80128276728418,-100.61459206732
659,1.36628011994456,0.373355630645787,0.561092016309531,1.7040220114634,-100.791289543486
660,1.55249669143006,0.697612318875437,0.402516418225085,1.16213286060362,-100.966803456862
661,2.22075383757248,0.300735619306717,0.358603155327629,1.24516735335968,-100.280512202206
662,1.11792524667463,0.204027656304974,0.302124353153181,1.53243534004472,-100.719443192232
663,1.6428900946794,0.330493416959361,0.752212649725754,1.38706335601322,-100.340414502944
664,0.815312178427013,0.549741191148709,0.6361096797037,1.72944921037623,-102.676604887241
665,1.43607413474809,0.466576010203449,0.447587994014687,0.886808318164963,-100.520141876606
666,2.91446911156516,0.573391495520812,0.961516398325405,0.433433313858058,-102.49721933562
667,3.18575589064847,0.437684365335009,1.067334725259,0.733349481399454,-102.855589548139
668,2.62996952337551,0.532757445722007,0.905216684900548,0.644842400302978,-101.255428403096
669,2.1739863512047,0.30441796023554,0.680197237500927,0.803228597023513,-99.3350119805729
670,2.15779088358148,0.221101011167959,0.809880043110998,1.06823776885167,-99.8487905861422
671,2.48722860370515,0.202921170190562,0.476065610357055,0.631047722317727,-99.3128273687781
672,1.67498941385379,0.040760816166517,0.468857342445481,1.48081814720527,-99.419762661582
673,1.6714203783902,0.0308451715763645,0.367137598551434,0.836449845178101,-99.1742976821121
674,2.43683012562591,0.0046760912327688,0.41176161815377,0.634783163823502,-98.562159547295
675,2.21435732265722,0.49296328730672,0.797897455377046,0.575816380596583,-100.457699961208
676,2.71418690656067,0.229677818458246,0.909934818012239,0.465525889995599,-100.576285812917
677,2.63473134282505,0.11737929969407,0.824427138843894,1.0433814981888,-100.076004785803
678,1.77954881928382,0.0414190661016182,0.873448573297457,1.70746361101026,-101.620919199128
679,2.24590661992771,0.248681012222714,0.92514731992378,0.571729174810369,-99.7739781997703
680,2.11415666236063,0.497680303471133,0.861392797667576,0.886624618894328,-100.645269040405
681,1.24002123218545,0.103399406824879,0.85465266443868,1.41701206322499,-100.434176137865
682,1.44424512766683,0.109404322036274,0.565182022039155,0.956499575541545,-99.1000486909193
683,1.91219623706685,0.0305787444959855,0.759070903281774,0.943518314325235,-98.4502094949548
684,1.98232035017964,0.259945401515539,0.667581099967326,0.404415952554889,-100.134916051918
685,4.02257063296569,0.445733565773908,0.869151514408723,0.485168039810562,-103.993480469198
686,1.99373053885942,0.0709663919361384,0.522769132834581,0.628346606209657,-98.3599693761472
687,2.13588909893497,0.104242145914177,0.898153624845445,0.790882185520759,-98.9459649703158
688,1.88417382238089,0.181574726290625,0.7305798061611,0.741549785436138,-98.8384453559406
689,3.02813819518901,0.605721490149193,0.580046385630562,0.692510040223167,-101.413207357071
690,1.98005998695857,0.0617188072952016,0.815594227361453,0.761433400405847,-98.4022619611103
691,2.10989009363417,0.240500946811889,0.708490671688205,0.541008789284431,-99.2742084862041
692,2.59175325784549,0.209498472954508,0.500674456921851,0.836129383069098,-99.2789202598928
693,2.90697160427176,0.176494794638381,0.817432698750294,0.350799326675865,-101.178207779395
694,2.38937079532507,0.162432037912008,0.966908716899923,0.93431111786122,-100.104278150788
695,2.38852883338432,0.219913122801244,0.681095326834209,0.388805514790593,-100.128955081181
696,1.29022984531212,0.461605542305777,0.666850860505184,1.96628578076833,-102.424308701146
697,1.6201004740219,0.000633029297439694,0.410398470973076,2.11574506666274,-101.554377478819
698,1.46113265108836,0.0858006139975953,0.426738488939609,2.37535822956171,-102.931706704937
699,1.24356215646078,0.178962198797809,0.344380409674662,0.501258760626209,-103.023784875823
700,3.82559373894294,0.214153470815866,0.763459143136688,0.842791819414836,-102.556618995906
701,0.969419231764577,0.43048563863085,0.788876529458039,0.988069882705536,-100.863712429197
702,1.57115120819313,0.535751793510839,0.743078320195027,0.713316316572677,-100.599560504143
703,2.15872769529518,0.0395838434914352,0.705672165476294,0.748621988665041,-98.0601831190801
704,1.79933578747793,0.10743619606704,1.48317097602835,1.0822140654509,-102.439838726544
705,2.36498194251678,0.0559031968281375,0.76089592997127,0.858225318698997,-98.5990276312078
706,2.90857329958587,0.00081329752961173,0.639863863395572,0.728655508252655,-98.9120044199551
707,1.42676748608707,0.0499524800443126,0.334235703353502,0.706784759667619,-100.565112062171
708,2.27812120708174,0.0794931482948203,0.377474660681239,1.30683035777967,-99.6375133502326
709,3.04707050154454,0.0838365933135901,0.299071337621382,1.3795752768984,-101.060710564864
710,2.80225981020837,0.426639639460425,0.637682426396358,0.990821877546078,-100.815900416353
711,1.9639272018662,0.228185883960523,1.07208589012881,0.562554273147797,-100.18556411479
712,1.90175004250838,0.0189430206471055,0.563095171833247,0.875258013958568,-98.0609621211268
713,2.24531151860489,0.00511130897836529,0.334720310853878,0.793995259339527,-98.7533285532546
714,2.53392920357643,0.202952019217659,0.72709822850869,0.758228333892696,-99.2665974104009
715,0.963500207695205,0.0553323685013182,0.704300368852488,1.4612343638393,-101.002789536877
716,1.40800616412085,0.0276110018522655,0.494524316323554,1.54895323456292,-99.6977660201541
717,2.18811853124422,0.0322068305091119,0.754267649510836,0.621155465947318,-98.1520449036204
718,2.04569244576535,0.0586805756665274,0.501460919107956,0.863428128315298,-98.2637620722859
719,2.67842632607474,0.111546532832915,0.541322202867532,1.14988385242467,-99.6970045808378
720,1.86309925379149,0.186851929664117,0.392333045717246,0.668577597392491,-99.6462579725986
721,2.47895326959818,0.580524156696222,1.23526216957398,0.338058944940335,-103.528940621827
722,2.37359163821643,0.493025426851439,0.53922726522368,0.998457459616273,-100.405770383105
723,0.997437021042828,0.389200279231896,0.565899048330433,1.10315319511554,-100.461992747614
724,1.07724846935641,0.446769575607574,0.58852690630982,1.38891009159832,-100.586428004271
725,1.66060225910379,0.538160911508476,0.490307412656063,1.13268212869278,-100.303627754887
726,1.30784679921205,0.563095966576452,0.678038045844102,1.03011583820658,-100.385427880797
727,1.49260323145456,1.88295698017262,0.193810201653622,0.995820930509799,-103.915389947692
728,1.30678066095849,0.518739824347982,1.12738300123656,1.44191547977083,-102.61724680423
729,1.9713029612,0.623852558974552,0.659804010464607,1.18529323430037,-100.944733078049
730,1.56763632545759,0.490483763995839,0.733972099379537,0.813067681976519,-100.286400613113
731,1.4578623694512,1.03405776258708,0.263749944139125,1.55631570623342,-102.500672460228
732,1.23035441211223,1.03766315942414,0.387780371541808,1.30349119415592,-102.021563294571
733,0.816435457445842,0.269438734627166,0.622428961196971,0.956420657114051,-101.234178778394
734,2.01601219317519,0.234804004097632,0.462029201283023,1.00032778588385,-99.3130519781403
735,1.1432556661369,0.0229890260973739,0.445417494016336,1.55559353814369,-100.328748714675
736,1.65224761957124,0.0920756817595522,0.543317801594605,1.38901574865645,-99.3236052436891
737,1.20478855335776,0.264034055796969,0.359172464582531,0.96217547121498,-100.635781493456
738,2.43378010817495,0.523540239911899,0.775276580477243,1.16448343708079,-101.524440296232
739,0.857447419592438,0.390015176191483,0.544349471795353,1.05223349136056,-101.145217418052
740,2.36977341399111,0.490211208047933,0.817333796722709,0.873010993840185,-100.672302645975
741,2.2228546503517,0.191021353944571,0.487186299783832,0.928347188548177,-99.0181713913299
742,2.06873883610174,0.179586138533166,0.658460694176883,0.427733113771371,-99.527523016909
743,1.80080831889577,0.053062819856158,0.656131019770437,0.763161165817053,-98.2202938892658
744,2.13767905463979,0.0965436395014491,0.519536014833756,0.872144314440359,-98.4262411432093
745,2.71927586358373,1.63723837720289,0.358129207101784,0.889366422513017,-103.832436324257
746,0.349870017059961,2.72620378291294,0.657704037259552,0.799609207467274,-104.929611244669
747,0.207392853660019,3.10743949186116,0.509503900347713,0.607808290252648,-105.336607844944
748,0.422025738888274,3.11561402558373,0.733724606369373,0.767272889895476,-105.478740039613
749,1.25827131578501,0.734874236077076,0.686155878540034,1.66899971714569,-102.128309502501
750,1.87431292805483,0.222852614379939,0.550435870882705,0.293384873683865,-101.564883095589
751,1.48345617471857,0.0812108896036595,1.2095061118578,1.58562101438676,-102.755913680999
752,1.91481450855314,0.0371464774346381,1.19090450491355,1.78809219081785,-104.063205065257
753,1.64778056092143,0.302306605716687,0.184156728210946,1.61907756804152,-101.247251143255
754,2.20631512048237,0.922292756648439,0.25984333865636,1.99145803684577,-103.833206089897
755,1.51078132286877,0.106033500087713,0.320699944687592,0.872897995969456,-100.182747786273
756,2.88033138671841,0.130686088268958,0.550100573600664,0.430759518740874,-100.237536129822
757,3.15261710635337,0.144277628290305,0.619868183770611,0.409937888018962,-100.902362905043
758,2.04046697276595,0.147894779532644,0.569991125055983,0.719243371021253,-98.5469777265291
759,2.39002826497841,0.162371488022537,0.579152030058614,0.813785945377828,-98.779583888939
760,1.95974714488168,0.0449936121716993,0.597401061384344,0.679347650444142,-98.0441491004206
761,2.12797937977505,0.0245640324860142,0.674264248768036,0.874213403852663,-98.0929106971819
762,2.31205730598797,0.0778394840780712,0.356578143960428,1.05384432498964,-99.1571827086375
763,1.95517412356478,0.0463684574346292,0.431210949499723,0.91329495210799,-98.5051077865043
764,2.09246387598567,0.289086868284441,0.477949789922801,1.66874311622706,-101.070535268112
765,1.07871774180754,0.54517799988031,0.630255986764644,1.59120622965667,-101.400097217991
766,2.09406109185991,0.713799387977143,0.136314069486892,2.09956567136268,-103.659822513599
767,2.85165126986871,0.890873048303334,0.207686080901121,1.93311414828221,-104.694490615547
768,1.35057989919627,0.598514601543,0.677002188765318,1.14695356281172,-100.485757331837
769,1.33299479602905,0.481822096183925,0.238780191024009,1.70586897080756,-101.549231037372
770,1.35999612991767,0.086177127154596,0.708902780411053,0.964050500332664,-99.2966170667742
771,1.96655686169001,0.405044955958235,0.496197670444135,0.381078199628095,-101.51737062333
772,1.63833401274936,0.0465662796412071,0.928176552734558,0.758025118124235,-99.036073751066
773,1.29893131663161,0.070967817414866,1.05830376586118,1.20116803443295,-100.803432539108
774,1.81082200497265,0.822962311040908,1.31900067341221,1.09166701935296,-104.021483805052
775,1.71174798492219,0.666186704465749,1.11894482222527,1.26032591266481,-102.755686051128
776,0.820544646176206,0.809567141412682,0.451748722318503,1.02369123049935,-102.463351020431
777,1.33457278116483,0.76894411945454,0.576888019156666,1.29930714398884,-101.09973902333
778,1.26024896976998,0.237035740559501,0.691672942061409,0.739842740560704,-100.191713838034
779,2.02485133567354,0.23875662090156,0.736402353235698,1.05577868657282,-99.5574370256765
780,2.57626788364252,0.233430799596119,0.364262287701657,1.15103633674398,-100.141359105036
781,2.41305960449762,0.124227709848868,0.668068392240133,1.18866916671931,-99.734027857743
782,1.33602698417753,0.0268820403429524,0.468671297309694,0.832790138158721,-99.6499998443796
783,1.29223299343511,0.316411703649033,0.586120425611508,1.47409957433656,-100.052875965798
784,1.17572066830843,0.445934267970748,0.230014946063333,1.59844376468636,-101.623267240788
785,1.78734094128385,0.48389622825194,0.124081057562329,1.36362512338138,-102.41341669106
786,1.42077274402044,0.557058463383523,0.32820110834101,1.62003915558599,-101.187806023932
787,1.67494113342606,0.732511635657282,0.334432885387529,0.968673375656201,-101.4435724786
788,2.33089344827228,1.07438780204209,0.17878706352713,1.62136046745014,-103.525712129368
789,0.860233857480367,0.76765814431275,0.475798240736124,2.17536369306839,-104.159358731578
790,0.733556511763041,0.36350243565455,1.08312841222133,2.23635496539868,-107.184201343693
791,0.71457517679203,0.524402938254174,0.595105589355333,1.98874948824112,-103.8783564974
792,2.4559138936879,0.921410032622217,0.278514888006057,0.330152218214313,-105.501420913433
793,2.31535371204827,1.14568311748946,1.26006905767953,1.27221031116937,-106.085399188032
794,2.72456861737586,1.12288263530734,0.467838029311442,1.04850571515153,-102.691942917769
795,2.67378741131984,1.14664184196196,0.768161022525458,0.922223275337915,-103.107177731051
796,0.881479720136895,0.832614947567221,0.602962420261233,0.706229866758535,-102.672018055686
797,3.01419842175096,0.446156700223663,0.50184159103826,1.00895530129465,-101.080117791016
798,2.66848341004811,0.446459546654842,0.477828658304546,1.27242406997512,-101.241555626782
799,1.49184232276752,0.146584605019987,0.46425040721743,1.36683252621124,-99.3551447207265
800,1.3354466080375,0.0949817744614867,0.518516109114173,1.64471106821925,-100.02129187388
801,1.31740366482995,0.223199137318883,0.593658528412057,1.41013228738935,-99.6823555476294
802,0.886989136243983,0.0414184448668339,0.182209825801008,1.28881468577917,-103.175804545655
803,3.61239488284923,0.0458820105496604,0.247797052791934,1.02821381390701,-101.430375122242
804,2.44575924847163,0.282090554899288,1.02027729634618,0.495432242501204,-100.665500943101
805,2.44488957153521,0.223084069567266,0.453415664298962,1.04604819849494,-99.5658346514008
806,1.41956605414748,0.0801858229432471,0.676772258714428,1.44148497250291,-99.7143977561524
807,1.37720396650843,0.211342485686167,0.433024994855066,1.26654264701497,-99.5119384002421
808,2.42899226257545,0.357498686845502,0.569324755275626,0.496855380165875,-100.208592924549
809,3.42642199566888,0.204263935504152,0.658293717725301,0.796933153023088,-101.002003686734
810,1.29850919886792,0.137603508304414,0.483082429801439,0.434748009390273,-101.906535614355
811,3.5932795000576,0.187735086872506,0.610060156009656,0.614266253872344,-101.264637287773
812,1.53499916571533,0.134884590944707,0.866476584179773,0.687372493363346,-99.5090472530011
813,2.11074458321897,0.28745841856053,0.942214236701705,0.614255896628159,-99.8840623870005
814,1.83183661089141,0.171057144295396,0.923034750963428,0.938067045154306,-99.5863308443894
815,1.87501549683374,0.0810187530744417,0.532174626327556,0.797561752468604,-98.3658701361789
816,2.33152640049258,0.134179318868746,0.673545366606536,1.00394031871064,-99.0699367842646
817,1.12628732937749,0.0508824476579292,0.82534609077617,0.898283396381425,-100.36289885858
818,2.86869396495909,0.167913689019246,0.321284252439576,0.799385701306372,-100.069077326953
819,2.52001580925611,0.23880655874956,0.796760333904098,0.432610705186078,-100.165650209392
820,2.14598880670715,0.334769297442033,0.941583521400611,1.3017907953036,-101.613802638081
821,1.2250778648046,0.434498624763853,0.798166710193593,1.00782154513852,-100.309175574509
822,1.97813346967782,0.341272327690478,0.742544970606818,0.5529163179045,-99.7785637858317
823,2.83126943614084,0.248320139818555,0.273764870850835,0.709536325378475,-100.88217068987
824,3.08496326892387,0.0532371708870488,0.497645836371591,0.842936985451895,-99.4744045328596
825,2.94443409340206,0.0910327805875584,0.862655183724422,0.855122248640123,-100.248212558639
826,2.06113061387773,0.324061185931013,0.770538901240031,1.07017408347664,-100.043143476267
827,2.14202642416294,0.145539721372667,0.765027649130714,1.05802543768873,-99.3444447901862
828,1.48394878118367,0.467813351585012,0.390238643286792,1.32786874961466,-100.364257278764
829,1.82793442092904,0.079738773010208,0.389511319924323,1.03358801665572,-99.027343204466
830,2.06243817674064,0.0706591945056855,0.690670876143046,0.807029192775225,-98.2241684822817
831,1.18554199045285,0.248241768935453,0.720135471971734,1.05827127510842,-99.7465897701885
832,1.62601723848603,0.250873151418301,0.409206055619029,0.898239256824541,-99.7912190693703
833,1.78503728298398,0.262503985839979,0.829464912016268,0.594511045153427,-99.6439648231325
834,1.88703351513868,0.0830218970154108,0.592619637272054,0.455465851954619,-99.0326511257879
835,1.61456247057375,0.0428256188605474,0.709120976937764,1.1670873049875,-99.1013718542744
836,2.06882198235561,0.454486092669122,1.32388096588518,0.349870033336467,-103.135654655891
837,2.17989594962713,0.708457024415618,0.945148002420021,0.320412477532498,-102.989198294511
838,1.82746927401316,0.311821231832318,0.734538191714506,1.96089063403951,-102.697305397618
839,1.90646819452089,0.121672415783433,0.541392095414057,1.47130395872636,-99.7951841104615
840,2.7955597104345,0.067987638075723,0.287581253577333,1.07905007761847,-99.9270192754806
841,2.86371232499955,0.199714834907159,0.863498226038945,0.903291708121719,-100.606989046945
842,2.69390779920509,0.340654935061966,0.708291500684233,0.934413493787083,-100.344736651896
843,1.90916286362922,0.331226996004655,0.590248738102484,1.31141448535495,-100.069980775562
844,1.53180643620068,0.249276441483174,0.667588926572016,1.38458393385558,-99.7936367701919
845,1.69447563059726,0.405037469362306,0.765304183407382,0.324228787207217,-102.015625095429
846,1.6058186974229,0.0631085817167384,0.629251669395621,0.679719519527974,-98.6917285479794
847,2.2319956283869,0.042098268192422,0.809430429815511,0.848694830141067,-98.5161635275398
848,2.0978767927123,0.0920558086812376,0.830612317296873,0.601396221607028,-98.6195721209577
849,2.27722677727893,0.104891980919026,0.343529963843727,1.20568012533247,-99.5931367051195
850,2.44017492467269,0.0145620640423057,0.355361733884944,0.83010139178737,-98.726024850947
851,1.79299613009194,0.043803916098995,0.324765690203218,1.3523485974382,-99.4964666026257
852,2.60892985565575,0.00332732506896491,0.475385429787425,1.23491365950054,-99.4012302707214
853,2.0864221692055,0.142214639151364,0.577564026561064,0.691912285736414,-98.5177287729994
854,2.0595272247506,0.112715034433938,0.821951037298817,0.736023044199753,-98.6495889705244
855,1.92027226265647,0.156786340471026,0.828434757215831,1.37365724419784,-100.45696976872
856,1.53607538737396,0.174102697906127,0.59996237255881,0.925003339709528,-99.1281760533766
857,2.1893847172525,0.195256107788911,0.751597013435788,0.478631750058835,-99.3596233973728
858,2.47629799692931,0.0957650750019366,0.503370773179296,0.883443693333246,-98.683259650163
859,1.64459936576003,0.226510824225034,0.565306894613269,0.612070645056769,-99.6057542156533
860,2.55890378902637,0.206613488995956,0.700800662748101,0.536620233059033,-99.4817775202739
861,2.34287647262186,0.194616696356483,0.463160016691563,0.906903754980698,-99.1164666107741
862,1.81469810928189,0.0847831582401668,0.671131140631548,0.655034536630088,-98.4079438434968
863,2.51797982893611,0.12773944665321,0.496183321890346,0.322331862658435,-100.921607770426
864,3.11155286321143,0.225082279214597,0.468030255599803,1.8897361246034,-104.032165561872
865,3.83504255944411,0.133554202868586,0.340984052825375,1.17156312969545,-102.197050356092
866,1.87495688548791,0.167316295524484,0.477613119741489,0.769519187799045,-98.9405713015653
867,2.26743202344063,0.0423534277600879,0.513113633423736,0.810572463143938,-98.1556311001064
868,1.92600713637206,0.227308180792253,0.490258126163514,1.14316607541703,-99.4023917344855
869,1.83567913984428,0.457512548703151,0.460288400517055,1.21571062530954,-100.234834939741
870,1.50898957527936,0.278796639084307,0.636304636877842,1.69901894376044,-100.70782265381
871,1.62429211796955,0.114856367544164,0.228688569454271,0.965828190263258,-100.858588902824
872,2.19252445940622,0.132773550137467,0.92960092257341,0.834037921558229,-99.3186205047382
873,1.91117873717045,0.424527849148514,0.528372590993972,0.938633111176642,-99.8841910332324
874,2.43384823062402,0.811786806613647,0.430537269131896,0.411923604748743,-103.041902298456
875,2.1537975245843,1.22496645201001,1.07024117803722,0.570933784898015,-103.672732619864
876,1.99493186453522,0.603726215888195,0.390271093361241,1.51952253245779,-101.382968943987
877,2.0984606319083,0.727703083985464,0.426671942525573,1.58912454579056,-102.046048837221
878,0.778126238993355,0.68824715036835,0.572394357754529,1.87914283979715,-103.402981955303
879,1.84203249678082,1.63580485349841,1.09395590124091,0.926288548029783,-104.614602977558
880,2.19868243375363,0.754084131816071,0.553555156971927,0.735507696997827,-101.052203800309
881,2.90796495837309,1.34750655069393,0.674017595455848,1.12665653343331,-104.191797977391
882,0.958463216928401,1.41074796930541,0.346075563554519,1.31490935918894,-102.830165644479
883,1.23166695355943,0.561936031738987,0.743564500414299,1.98592031914941,-103.144151150884
884,2.22922735314391,0.604414870582047,1.43212123567407,0.470650726807806,-103.6289624374
885,2.21988181137525,1.22433058463224,1.08446372044487,0.215199716519147,-106.035596775772
886,2.36180039584682,0.445115835184518,0.566240152734187,0.260996617739602,-102.873955934948
887,2.08845013422936,0.203431345279159,1.35219326782342,0.461784381956553,-101.626132697353
888,2.53950265535352,0.0165476164178918,1.18389151575345,0.356011118304249,-101.179851527819
889,2.99886386232649,0.0999271967792995,0.868313538258586,0.660789246939363,-100.190885721733
890,2.40932609020931,0.194023980138875,0.784951368461985,0.708117245499285,-99.1711142259777
891,2.38716458223028,0.288895523706813,0.46578887246002,1.25081949297486,-100.257464810132
892,2.06669928902332,0.296774859757262,0.419619321514133,0.617601276870162,-99.9540643717302
893,2.11398728965985,0.3010233636683,0.903712698255932,0.504143098205575,-100.061541746882
894,1.87610555724562,0.351905352649971,0.796290181109017,1.5345387885428,-101.35932472403
895,2.2344327420037,0.121106363247687,0.56187037082076,1.05110858614246,-98.9132013970682
896,2.02466651611438,0.070869581547793,0.795246130742665,0.63978411078186,-98.3755870725709
897,1.9150158454456,0.508516029696571,1.20745515920367,0.788355241601479,-101.906387305079
898,2.63187620805162,0.316996557539237,1.36065218943516,0.717083961774718,-102.779426032869
899,2.1087517237063,0.333962024884948,0.472852759904408,0.725239306175289,-99.6410402019196
900,3.01431626337874,0.131218599347598,0.463316840495162,0.8101226679511,-99.6443215657522
901,2.58235596353482,0.102506612757677,0.787794738156916,0.834275782414956,-99.1782447601976
902,1.73140310123857,0.370649400732599,0.842357098447342,1.61696386686235,-101.68598701511
903,1.08338566641074,0.054812789445753,0.848767025706412,1.64912858569588,-101.653305379278
904,3.11600257181313,0.258227446734377,0.526912765278404,0.194891848526441,-104.224543639114
905,1.67949139018887,0.0764337238844986,1.09289660713742,0.365310848122778,-100.81061148406
906,2.58278899097389,0.0674589001395977,0.872530355070648,0.525864373018798,-99.3299256441281
907,2.18117048712629,0.0235442366721171,1.03632143299909,0.742100566912247,-99.1026983128318
908,1.66524055902089,0.00471241129533948,0.369639605207491,0.732465898538481,-99.1418894001866
909,1.64248900231149,0.214324169695113,0.724501852218792,0.827856225025971,-99.2398399811593
910,2.80811053909536,0.488287248324238,0.618985069024176,0.490622302210172,-101.156850327619
911,3.2230819219182,0.258027772854452,0.741288395871207,0.564671776668803,-100.970572086034
912,2.79776048030879,0.166093913242999,0.626642349681616,0.654746036688503,-99.3939474242914
913,2.709188618418,0.260404638409645,0.817492840990347,0.568868419480387,-100.107442824607
914,3.38283785311523,0.32082437442506,0.553713539626631,1.14833020866571,-101.881548043519
915,2.75623799000677,0.286019615919259,0.481932982260197,1.12544814633966,-100.37471011286
916,1.91434733175483,0.0838416853244707,0.970929691663471,1.0811117141419,-99.8307853042227
917,1.59996042565253,0.0631660333724896,0.607111544094268,0.663420110956422,-98.7456313253425
918,2.42978330400583,0.117796680020917,0.332684470969531,0.991815733971662,-99.4225894720042
919,2.43501679847421,0.205060090434112,1.18430389149783,0.914067737865198,-101.42640754831
920,2.52419955228859,0.272324356098091,0.200418428313106,1.07098924141171,-101.120027727411
921,3.54769823482664,0.512024298972019,0.902388122283695,0.841065318374715,-103.345593613206
922,1.3535038599878,0.462326369721044,1.01463995163965,0.811221670461282,-101.16635900032
923,1.23334543534092,0.295335895441137,0.467857077572013,0.924525765457292,-100.137596389034
924,1.08774185424208,0.113840233299372,0.642520585584951,1.37795201161374,-100.011739597466
925,1.40430375501982,0.0245452863186961,0.653957655442444,1.23267921038187,-99.3409495861781
926,1.70440562244607,0.125669912595148,0.607111638696214,0.588592721393618,-98.9676542439476
927,2.41371437081238,0.0659166158163666,0.5650887855378,0.618991903136412,-98.4176369103923
928,1.71652002854375,0.251803557566258,1.37464960009636,0.622807985758836,-101.637181199047
929,1.79746636689765,0.455062984488809,0.895222474717559,0.845374935855243,-100.458124703811
930,2.19148632737151,0.340194496767888,1.46341014169913,0.956052835415203,-103.260124342706
931,2.04259541801211,0.543122027156254,1.13260827781016,0.678529284382711,-101.660909832294
932,2.22203575355173,0.236279026445668,0.929182138448031,0.669030837284567,-99.6338994631825
933,1.78732518131085,0.0847565459828427,0.876347402822489,0.560861377779561,-98.9579981773707
934,2.42084867380462,0.193608286828559,0.500430949114126,0.531586708552119,-99.4532455364219
935,3.20237776137791,1.19023664734841,0.854190223931676,0.858810214909683,-104.337448936997
936,1.31898357732124,1.10145229073913,0.942286326219072,1.17161510703864,-102.735615912892
937,0.881563434645521,0.93396415027451,0.584697700551141,0.923242904360265,-102.238760609436
938,3.85564927257562,0.660030671940654,0.661286355465212,0.995273129197628,-103.862921018275
939,3.00852610584201,0.697118335089005,0.580816107012756,0.901945231596798,-101.789148688937
940,3.42359100742118,0.274763289504373,0.569950570240342,0.670997556378347,-101.044477408238
941,3.58432757825443,0.268145143950146,0.608780937656535,0.6159557982676,-101.496626388722
942,1.29888181237765,0.36044937007285,0.480996382344289,1.74744244886108,-100.848146424101
943,1.51137732373232,0.578570536046058,0.278443940524183,1.65882315917417,-101.459144558217
944,1.43905259988883,0.376520983436992,0.694098255505586,1.52785338819706,-100.545093974595
945,1.43122594866282,0.612150481893163,0.459638080375363,1.05116685519705,-100.643753959131
946,2.77983254233687,0.723854386869529,0.709020262297264,0.995094358210239,-102.001756138653
947,1.54105309739089,2.55259534455166,0.856949701332178,0.603925190215603,-105.226281971995
948,0.549365200965938,0.85310086387196,0.402319553847773,0.944104288519964,-103.95852520391
949,1.25531548053662,0.96221013741344,0.870630532017873,0.808311400632642,-101.990186963116
950,0.882327713677342,1.07319297581027,0.495961737388539,1.18628333478727,-102.352806155438
951,1.401735523855,0.0469763668249703,0.364847363260715,0.836100089417659,-100.017267028752
952,2.68283488941347,0.0673641032381424,0.646202172530598,1.17515621111024,-99.8338164174175
953,2.18659324794976,0.259746915539136,0.319928427548134,0.663703046745247,-100.371478718529
954,2.8418519866184,0.128270592898753,0.700037247871257,0.845785775926521,-99.5505089948645
955,2.16300819944559,0.0117323084943927,0.892840354374818,0.670661733673028,-98.3896438582734
956,2.81495577390274,0.20673565718839,0.748784077896337,0.719831785374395,-99.8038786843046
957,1.50023225755399,0.0640786990156527,0.507311471349161,0.605658314145244,-99.4432592371345
958,2.60637291208809,0.00422873297125107,0.489061117804125,0.689722002532297,-98.3866639278452
959,2.60063293343784,1.20593503426535,0.642048281119003,0.650910076521016,-102.741632728957
960,3.51119527989798,1.06996743450494,0.434943938001432,0.860737908605667,-103.576027162391
961,2.76698152907923,0.807476993259118,1.03859483620841,0.883423103520943,-103.345319263192
962,1.87402232667397,1.52012004299233,0.866911168614814,1.02072031150517,-103.533407547383
963,2.28169082811651,0.456602365437902,0.975125035442824,0.745666713478184,-100.840222658596
964,1.26574138820365,0.0336512534262085,1.16223005786905,0.756157853631268,-100.900671114721
965,2.07667783683359,0.119805555343303,1.1735242159464,0.76022923503999,-100.159815221144
966,1.78738260840259,0.0465087126150528,1.10665811260627,0.626679208818789,-99.465449456976
967,1.95687492271322,0.123861075117124,1.78822480479651,0.904259475098368,-103.740271595154
968,1.49526071981629,0.141154219710956,0.540151189035068,1.06734636836816,-99.0831523039188
969,2.01915821167742,0.0460155972002166,0.644316520498876,0.45673308862504,-98.6655127155073
970,2.2894012829299,0.215772305733746,0.618248343689569,0.486892720768989,-99.4322825286094
971,1.83415957926445,0.341008536575818,0.577705121820994,1.32065802448368,-100.015430462497
972,1.66690201438951,0.193040988842382,0.579868300923797,0.520837206011026,-99.6983792952479
973,1.71814821228372,0.0701556428258191,0.779704935219507,0.869379451115676,-98.6956864334658
974,2.2267745617869,0.0544615318982034,0.618157436395523,0.686208024753759,-98.0920228965453
975,2.1749098879377,0.265728464609522,0.420886076164954,0.415508183898956,-100.883547905036
976,1.76808162672432,0.349589664079531,0.467913871870842,2.03330541846025,-102.046836667417
977,1.48007490565987,0.231696055049592,0.432890500181309,1.7811617601143,-100.526514152364
978,2.02028612921144,0.159059525068975,0.82801338468476,1.58418016206225,-101.44471370401
979,1.93263770861681,0.291231186157091,0.626358331420865,0.5160554525477,-99.6941897722439
980,2.58487934002783,0.168594198630657,0.718860571431793,0.520986551562057,-99.4252718875033
981,2.53945898579203,0.125347889824786,0.744997122054049,1.06012401215838,-99.694507071602
982,1.77951126348175,0.248372092573308,0.576558945976173,1.21272588542578,-99.4855399819606
983,2.91616127605498,0.364857007093615,0.451528560061501,0.318208386619864,-102.706372073661
984,1.71934303339293,0.0413442086135215,0.910910970350921,0.838797491030493,-98.9074325841625
985,1.12364545916747,0.125684110067205,0.52213945526378,1.05794876044216,-99.7250653240059
986,2.33492317898739,0.0689833478664885,0.520047146666141,0.722046189502656,-98.3064132673558
987,2.31716495554565,0.0850588357269452,0.599787394017792,0.665940802416144,-98.3281394828596
988,2.44181298180683,0.113707422486153,0.977635899389292,0.684140309097556,-99.5382558169645
989,2.28436600761928,0.0181172102221731,0.995427828276702,0.59707046224333,-98.9751092690006
990,1.773567086202,0.0165200529452053,0.882650572113799,1.20162180572345,-99.6437005938256
991,2.03235440782728,0.359034179880631,0.650750149978431,0.974218474119969,-99.7027793894316
992,2.61266282631541,0.0095325288839265,0.579728938113502,0.507713647870006,-98.7573854196709
993,1.77238247322375,0.0462343527099417,1.19434026277186,0.387794426272439,-100.679522590871
994,1.68702339255594,0.113490540708277,0.338298015144329,0.795941801710488,-99.8050763978576
995,3.47467209250078,0.461765366571415,0.336438279881097,0.955181463500945,-102.017330026827
996,2.53922268830462,0.22110492112779,0.858303707188035,0.798257817423672,-99.8028655126684
997,1.97339573760506,0.257091930786769,1.00173502745739,1.13945407242596,-100.829713323676
998,1.44240608533834,0.237546984379588,0.340654925872397,0.367660755143384,-103.600087763012
999,3.25032992988814,0.0105470968472387,0.22862342500511,1.76200106788925,-102.722977332025
1000,1.94158647473762,0.272221003242837,1.2835378097476,0.42534221506501,-101.751032647087
